Bin Id	Marker lineage	# genomes	# markers	# marker sets	Completeness	Contamination	Strain heterogeneity	Genome size (bp)	# ambiguous bases	# scaffolds	# contigs	N50 (scaffolds)	N50 (contigs)	Mean scaffold length (bp)	Mean contig length (bp)	Longest scaffold (bp)	Longest contig (bp)	GC	GC std (scaffolds > 1kbp)	Coding density	Translation table	# predicted genes	0	1	2	3	4	5+
SRR27931704.001	Bacteria	5449	104	58	98.28	5.33	50.00	2959751	0	666	666	6728	6728	4444	4444	52988	52988	34.8	11.77	60.98	11	2157	1	97	6	0	0	0
SRR27931704.002	Bacteria	5449	104	58	36.66	15.24	0.00	57708532	0	6822	6822	14444	14444	8459	8459	93183	93183	21.9	5.90	25.06	11	57942	52	30	17	4	1	0
SRR27931704.003	Bacteria	5449	104	58	75.31	60.67	8.45	72530487	0	13640	13640	8130	8130	5317	5317	78299	78299	30.8	3.39	31.42	11	77998	34	31	26	11	2	0
SRR27931704.004	Bacteria	5449	104	58	91.03	78.13	4.40	77825419	0	28107	28107	3415	3415	2768	2768	36984	36984	39.7	5.09	40.49	11	102452	7	34	36	17	7	3
maxbin.001	Bacteria	5449	104	58	98.28	5.33	50.00	2959751	0	666	666	6728	6728	4444	4444	52988	52988	34.8	11.77	60.98	11	2157	1	97	6	0	0	0
maxbin.002	Bacteria	5449	104	58	36.66	15.24	0.00	57708532	0	6822	6822	14444	14444	8459	8459	93183	93183	21.9	5.90	25.06	11	57942	52	30	17	4	1	0
maxbin.003	Bacteria	5449	104	58	75.31	60.67	8.45	72530487	0	13640	13640	8130	8130	5317	5317	78299	78299	30.8	3.39	31.42	11	77998	34	31	26	11	2	0
maxbin.004	Bacteria	5449	104	58	91.03	78.13	4.40	77825419	0	28107	28107	3415	3415	2768	2768	36984	36984	39.7	5.09	40.49	11	102452	7	34	36	17	7	3
SRR27931705.001	Bacteria	5449	104	58	14.20	0.00	0.00	324708	0	29	29	56842	56842	11196	11196	123686	123686	51.2	17.08	79.61	11	294	65	39	0	0	0	0
SRR27931705.002	Bacteria	5449	104	58	84.12	22.28	76.19	3309705	0	899	899	4784	4784	3681	3681	78073	78073	37.7	6.86	81.22	11	3357	31	59	12	1	1	0
SRR27931705.003	Bacteria	5449	104	58	3.61	0.00	0.00	953545	0	335	335	3480	3480	2846	2846	16628	16628	28.1	7.11	53.61	11	875	101	3	0	0	0	0
SRR27931705.004	Bacteria	5449	104	58	73.35	82.52	61.32	3975074	0	1367	1367	3574	3574	2907	2907	43933	43933	36.7	3.31	89.68	11	4305	25	46	18	8	4	3
SRR27931705.005	Bacteria	5449	104	58	85.42	4.31	66.67	2471603	0	263	263	19593	19593	9397	9397	111960	111960	36.5	3.43	86.78	11	2481	40	61	3	0	0	0
SRR27931705.006	Bacteria	5449	104	58	0.31	0.00	0.00	1105062	0	266	266	6819	6819	4154	4154	56929	56929	51.3	13.93	73.04	11	986	102	2	0	0	0	0
SRR27931705.007	Bacteria	5449	104	58	58.62	51.72	88.64	2840114	0	821	821	4654	4654	3459	3459	38536	38536	33.2	1.69	88.01	11	3494	68	13	14	8	1	0
SRR27931705.008	Bacteria	5449	104	58	78.34	24.61	5.00	5382625	0	1331	1331	9219	9219	4044	4044	108983	108983	35.4	3.19	82.33	11	6216	32	56	14	2	0	0
SRR27931705.009	Bacteria	5449	104	58	65.52	40.98	10.00	3224839	0	1382	1382	2451	2451	2333	2333	149590	149590	38.1	2.59	87.87	11	3939	24	31	43	3	3	0
SRR27931705.010	Bacteria	5449	104	58	16.29	3.24	0.00	34615942	0	14579	14579	2673	2673	2374	2374	20368	20368	20.8	3.66	23.12	11	36970	77	22	5	0	0	0
SRR27931705.011	Bacteria	5449	104	58	21.40	9.80	0.00	38070146	0	15844	15844	2710	2710	2402	2402	60613	60613	28.0	2.21	31.30	11	43563	72	21	5	5	1	0
SRR27931705.012	Bacteria	5449	104	58	8.64	5.82	41.67	11399578	0	4828	4828	2675	2675	2361	2361	22868	22868	33.2	1.42	34.24	11	14613	86	10	6	2	0	0
SRR27931705.013	Bacteria	5449	104	58	2.29	0.16	0.00	11509214	0	5336	5336	2368	2368	2156	2156	13251	13251	36.5	1.37	28.81	11	14694	93	10	1	0	0	0
SRR27931705.014	Bacteria	5449	104	58	1.49	0.00	0.00	17262367	0	8427	8427	2186	2186	2048	2048	14472	14472	34.6	2.36	30.25	11	21331	99	5	0	0	0	0
SRR27931705.015	Bacteria	5449	104	58	7.45	1.72	0.00	30420470	0	17279	17279	1798	1798	1760	1760	18148	18148	42.5	3.32	45.51	11	51259	90	12	2	0	0	0
maxbin.001	Bacteria	5449	104	58	14.20	0.00	0.00	324708	0	29	29	56842	56842	11196	11196	123686	123686	51.2	17.08	79.61	11	294	65	39	0	0	0	0
maxbin.002	Bacteria	5449	104	58	84.12	22.28	76.19	3309705	0	899	899	4784	4784	3681	3681	78073	78073	37.7	6.86	81.22	11	3357	31	59	12	1	1	0
maxbin.003	Bacteria	5449	104	58	3.61	0.00	0.00	953545	0	335	335	3480	3480	2846	2846	16628	16628	28.1	7.11	53.61	11	875	101	3	0	0	0	0
maxbin.004	Bacteria	5449	104	58	73.35	82.52	61.32	3975074	0	1367	1367	3574	3574	2907	2907	43933	43933	36.7	3.31	89.68	11	4305	25	46	18	8	4	3
maxbin.005	Bacteria	5449	104	58	85.42	4.31	66.67	2471603	0	263	263	19593	19593	9397	9397	111960	111960	36.5	3.43	86.78	11	2481	40	61	3	0	0	0
maxbin.006	Bacteria	5449	104	58	0.31	0.00	0.00	1105062	0	266	266	6819	6819	4154	4154	56929	56929	51.3	13.93	73.04	11	986	102	2	0	0	0	0
maxbin.007	Bacteria	5449	104	58	58.62	51.72	88.64	2840114	0	821	821	4654	4654	3459	3459	38536	38536	33.2	1.69	88.01	11	3494	68	13	14	8	1	0
maxbin.008	Bacteria	5449	104	58	78.34	24.61	5.00	5382625	0	1331	1331	9219	9219	4044	4044	108983	108983	35.4	3.19	82.33	11	6216	32	56	14	2	0	0
maxbin.009	Bacteria	5449	104	58	65.52	40.98	10.00	3224839	0	1382	1382	2451	2451	2333	2333	149590	149590	38.1	2.59	87.87	11	3939	24	31	43	3	3	0
maxbin.010	Bacteria	5449	104	58	16.29	3.24	0.00	34615942	0	14579	14579	2673	2673	2374	2374	20368	20368	20.8	3.66	23.12	11	36970	77	22	5	0	0	0
maxbin.011	Bacteria	5449	104	58	21.40	9.80	0.00	38070146	0	15844	15844	2710	2710	2402	2402	60613	60613	28.0	2.21	31.30	11	43563	72	21	5	5	1	0
maxbin.012	Bacteria	5449	104	58	8.64	5.82	41.67	11399578	0	4828	4828	2675	2675	2361	2361	22868	22868	33.2	1.42	34.24	11	14613	86	10	6	2	0	0
maxbin.013	Bacteria	5449	104	58	2.29	0.16	0.00	11509214	0	5336	5336	2368	2368	2156	2156	13251	13251	36.5	1.37	28.81	11	14694	93	10	1	0	0	0
maxbin.014	Bacteria	5449	104	58	1.49	0.00	0.00	17262367	0	8427	8427	2186	2186	2048	2048	14472	14472	34.6	2.36	30.25	11	21331	99	5	0	0	0	0
maxbin.015	Bacteria	5449	104	58	7.45	1.72	0.00	30420470	0	17279	17279	1798	1798	1760	1760	18148	18148	42.5	3.32	45.51	11	51259	90	12	2	0	0	0
SRR27931706.001	Bacteria	5449	104	58	91.38	13.51	94.74	1800909	0	432	432	5690	5690	4168	4168	21685	21685	39.8	8.05	79.81	11	1659	5	84	13	2	0	0
SRR27931706.002	Bacteria	5449	104	58	36.13	10.33	23.81	2266459	0	698	698	4323	4323	3247	3247	50445	50445	37.1	11.40	66.06	11	2143	50	35	18	1	0	0
SRR27931706.003	Bacteria	5449	104	58	67.71	52.59	79.49	2633682	0	753	753	4725	4725	3497	3497	59062	59062	34.6	5.83	87.68	11	2976	56	20	24	3	1	0
SRR27931706.004	Bacteria	5449	104	58	93.10	1.72	0.00	3373257	0	180	180	115970	115970	18740	18740	224677	224677	36.6	4.17	82.11	11	3232	28	75	1	0	0	0
SRR27931706.005	Bacteria	5449	104	58	84.06	4.08	0.00	2304742	0	239	239	18861	18861	9643	9643	62747	62747	36.6	3.76	87.95	11	2357	21	73	10	0	0	0
SRR27931706.006	Bacteria	5449	104	58	54.86	27.90	57.69	2952106	0	1057	1057	3399	3399	2792	2792	47501	47501	36.6	1.69	90.36	11	3300	50	43	5	5	1	0
SRR27931706.007	Bacteria	5449	104	58	66.54	6.90	83.33	1890145	0	295	295	9844	9844	6407	6407	48470	48470	36.8	2.05	88.71	11	1988	59	41	3	1	0	0
SRR27931706.008	Bacteria	5449	104	58	99.84	14.40	13.79	2825244	0	585	585	11175	11175	4829	4829	50233	50233	48.9	2.34	78.83	11	2774	1	78	23	2	0	0
SRR27931706.009	Bacteria	5449	104	58	31.71	6.18	28.57	5042129	0	1928	1928	3045	3045	2615	2615	53563	53563	33.5	2.31	81.01	11	6784	70	27	7	0	0	0
SRR27931706.010	Bacteria	5449	104	58	18.61	4.37	0.00	31485388	0	5393	5393	8862	8862	5838	5838	55558	55558	19.1	2.06	20.83	11	30582	81	19	4	0	0	0
SRR27931706.011	Bacteria	5449	104	58	37.86	5.02	0.00	36038753	0	8071	8071	6367	6367	4465	4465	47871	47871	24.8	1.87	30.77	11	43536	59	34	10	1	0	0
SRR27931706.012	Bacteria	5449	104	58	78.34	34.28	16.13	2940658	0	1379	1379	2201	2201	2132	2132	240428	240428	41.6	3.06	87.05	11	3317	19	55	19	6	3	2
SRR27931706.013	Bacteria	5449	104	58	43.54	5.31	0.00	42419177	0	13098	13098	4047	4047	3238	3238	36651	36651	30.8	2.06	30.54	11	48066	52	45	6	1	0	0
SRR27931706.014	Bacteria	5449	104	58	8.17	5.06	18.75	42192130	0	16728	16728	2900	2900	2522	2522	18135	18135	36.9	2.08	35.93	11	58552	79	10	8	6	1	0
SRR27931706.015	Bacteria	5449	104	58	2.59	0.00	0.00	26311641	0	13717	13717	2027	2027	1918	1918	10743	10743	44.0	3.12	52.13	11	44743	102	2	0	0	0	0
SRR27931706.016	Bacteria	5449	104	58	63.39	7.92	42.86	2923542	0	1488	1488	2069	2069	1964	1964	18718	18718	41.0	2.44	83.05	11	3778	48	49	7	0	0	0
maxbin.001	Bacteria	5449	104	58	91.38	13.51	94.74	1800909	0	432	432	5690	5690	4168	4168	21685	21685	39.8	8.05	79.81	11	1659	5	84	13	2	0	0
maxbin.002	Bacteria	5449	104	58	36.13	10.33	23.81	2266459	0	698	698	4323	4323	3247	3247	50445	50445	37.1	11.40	66.06	11	2143	50	35	18	1	0	0
maxbin.003	Bacteria	5449	104	58	67.71	52.59	79.49	2633682	0	753	753	4725	4725	3497	3497	59062	59062	34.6	5.83	87.68	11	2976	56	20	24	3	1	0
maxbin.004	Bacteria	5449	104	58	93.10	1.72	0.00	3373257	0	180	180	115970	115970	18740	18740	224677	224677	36.6	4.17	82.11	11	3232	28	75	1	0	0	0
maxbin.005	Bacteria	5449	104	58	84.06	4.08	0.00	2304742	0	239	239	18861	18861	9643	9643	62747	62747	36.6	3.76	87.95	11	2357	21	73	10	0	0	0
maxbin.006	Bacteria	5449	104	58	54.86	27.90	57.69	2952106	0	1057	1057	3399	3399	2792	2792	47501	47501	36.6	1.69	90.36	11	3300	50	43	5	5	1	0
maxbin.007	Bacteria	5449	104	58	66.54	6.90	83.33	1890145	0	295	295	9844	9844	6407	6407	48470	48470	36.8	2.05	88.71	11	1988	59	41	3	1	0	0
maxbin.008	Bacteria	5449	104	58	99.84	14.40	13.79	2825244	0	585	585	11175	11175	4829	4829	50233	50233	48.9	2.34	78.83	11	2774	1	78	23	2	0	0
maxbin.009	Bacteria	5449	104	58	31.71	6.18	28.57	5042129	0	1928	1928	3045	3045	2615	2615	53563	53563	33.5	2.31	81.01	11	6784	70	27	7	0	0	0
maxbin.010	Bacteria	5449	104	58	18.61	4.37	0.00	31485388	0	5393	5393	8862	8862	5838	5838	55558	55558	19.1	2.06	20.83	11	30582	81	19	4	0	0	0
maxbin.011	Bacteria	5449	104	58	37.86	5.02	0.00	36038753	0	8071	8071	6367	6367	4465	4465	47871	47871	24.8	1.87	30.77	11	43536	59	34	10	1	0	0
maxbin.012	Bacteria	5449	104	58	78.34	34.28	16.13	2940658	0	1379	1379	2201	2201	2132	2132	240428	240428	41.6	3.06	87.05	11	3317	19	55	19	6	3	2
maxbin.013	Bacteria	5449	104	58	43.54	5.31	0.00	42419177	0	13098	13098	4047	4047	3238	3238	36651	36651	30.8	2.06	30.54	11	48066	52	45	6	1	0	0
maxbin.014	Bacteria	5449	104	58	8.17	5.06	18.75	42192130	0	16728	16728	2900	2900	2522	2522	18135	18135	36.9	2.08	35.93	11	58552	79	10	8	6	1	0
maxbin.015	Bacteria	5449	104	58	2.59	0.00	0.00	26311641	0	13717	13717	2027	2027	1918	1918	10743	10743	44.0	3.12	52.13	11	44743	102	2	0	0	0	0
maxbin.016	Bacteria	5449	104	58	63.39	7.92	42.86	2923542	0	1488	1488	2069	2069	1964	1964	18718	18718	41.0	2.44	83.05	11	3778	48	49	7	0	0	0
SRR27931710.001	Bacteria	5449	104	58	100.00	21.36	36.67	1876259	0	891	891	2272	2272	2105	2105	16292	16292	37.8	5.07	87.71	11	2391	0	76	27	1	0	0
SRR27931710.002	Bacteria	5449	104	58	64.79	12.02	24.00	3101530	0	1793	1793	1697	1697	1729	1729	17790	17790	50.6	8.41	76.23	11	4198	25	62	13	4	0	0
SRR27931710.003	Bacteria	5449	104	58	52.07	17.27	0.00	2322153	0	1479	1479	1529	1529	1570	1570	8288	8288	35.4	3.63	82.96	11	3650	57	37	7	3	0	0
maxbin.001	Bacteria	5449	104	58	100.00	21.36	36.67	1876259	0	891	891	2272	2272	2105	2105	16292	16292	37.8	5.07	87.71	11	2391	0	76	27	1	0	0
maxbin.002	Bacteria	5449	104	58	64.79	12.02	24.00	3101530	0	1793	1793	1697	1697	1729	1729	17790	17790	50.6	8.41	76.23	11	4198	25	62	13	4	0	0
maxbin.003	Bacteria	5449	104	58	52.07	17.27	0.00	2322153	0	1479	1479	1529	1529	1570	1570	8288	8288	35.4	3.63	82.96	11	3650	57	37	7	3	0	0
SRR27931711.001	Bacteria	5449	104	58	0.00	0.00	0.00	508622	0	56	56	23947	23947	9082	9082	46116	46116	50.5	7.70	81.92	4	535	104	0	0	0	0	0
SRR27931711.002	Bacteria	5449	104	58	88.79	90.33	3.83	11835864	0	1998	1998	13768	13768	5923	5923	61675	61675	38.9	4.15	77.72	11	9391	7	27	19	34	10	7
SRR27931711.003	Bacteria	5449	104	58	2.59	0.86	100.00	1343786	0	818	818	1604	1604	1642	1642	8648	8648	33.7	7.50	67.68	11	1790	102	1	1	0	0	0
maxbin.001	Bacteria	5449	104	58	0.00	0.00	0.00	508622	0	56	56	23947	23947	9082	9082	46116	46116	50.5	7.70	81.92	4	535	104	0	0	0	0	0
maxbin.002	Bacteria	5449	104	58	88.79	90.33	3.83	11835864	0	1998	1998	13768	13768	5923	5923	61675	61675	38.9	4.15	77.72	11	9391	7	27	19	34	10	7
maxbin.003	Bacteria	5449	104	58	2.59	0.86	100.00	1343786	0	818	818	1604	1604	1642	1642	8648	8648	33.7	7.50	67.68	11	1790	102	1	1	0	0	0
SRR27931712.001	Bacteria	5449	104	58	0.00	0.00	0.00	512963	0	45	45	15434	15434	11399	11399	47962	47962	50.7	7.31	76.64	11	465	104	0	0	0	0	0
SRR27931712.002	Bacteria	5449	104	58	72.41	14.81	61.54	915231	0	285	285	4159	4159	3211	3211	15413	15413	36.1	4.86	83.58	11	977	43	53	7	0	1	0
SRR27931712.003	Bacteria	5449	104	58	20.85	0.16	0.00	1260363	0	336	336	5250	5250	3751	3751	81035	81035	33.5	5.34	86.87	11	1413	80	23	1	0	0	0
SRR27931712.004	Bacteria	5449	104	58	62.89	10.50	88.89	1846490	0	525	525	4987	4987	3517	3517	60647	60647	33.7	3.91	86.64	11	2280	43	52	9	0	0	0
SRR27931712.005	Bacteria	5449	104	58	36.83	11.21	57.14	1599170	0	574	574	3128	3128	2786	2786	37545	37545	37.0	4.15	89.59	11	1686	77	20	7	0	0	0
SRR27931712.006	Bacteria	5449	104	58	44.06	12.93	50.00	2943162	0	949	949	4024	4024	3101	3101	41356	41356	34.8	5.78	82.67	11	3587	58	38	8	0	0	0
SRR27931712.007	Bacteria	5449	104	58	54.47	55.17	70.31	3789137	0	1526	1526	2847	2847	2483	2483	71789	71789	37.5	3.38	91.53	11	4163	66	21	9	4	2	2
SRR27931712.008	Bacteria	5449	104	58	100.00	17.59	9.38	3028054	0	350	350	26168	26168	8651	8651	130482	130482	48.0	8.12	77.24	11	2746	0	66	28	8	2	0
SRR27931712.009	Bacteria	5449	104	58	25.08	2.04	0.00	4377887	0	1236	1236	5547	5547	3541	3541	162302	162302	32.9	7.13	77.81	11	5350	58	43	3	0	0	0
SRR27931712.010	Bacteria	5449	104	58	67.65	11.38	72.73	1706873	0	209	209	22937	22937	8166	8166	89895	89895	37.8	2.72	89.07	11	1717	37	56	11	0	0	0
SRR27931712.011	Bacteria	5449	104	58	64.11	19.83	56.25	2355815	0	205	205	18329	18329	11491	11491	60827	60827	38.1	5.69	87.91	11	2313	58	32	13	1	0	0
SRR27931712.012	Bacteria	5449	104	58	36.21	8.62	42.86	2313469	0	534	534	7086	7086	4332	4332	42215	42215	36.6	1.36	85.59	11	2712	82	17	4	1	0	0
SRR27931712.013	Bacteria	5449	104	58	90.01	28.22	67.86	4474937	0	860	860	11360	11360	5203	5203	182001	182001	47.2	1.96	87.67	11	5084	17	63	22	2	0	0
SRR27931712.014	Bacteria	5449	104	58	98.28	0.00	0.00	3601569	0	245	245	48101	48101	14700	14700	137130	137130	44.9	2.02	83.46	11	3800	1	103	0	0	0	0
SRR27931712.015	Bacteria	5449	104	58	80.86	41.67	82.65	2842610	0	776	776	5501	5501	3663	3663	62543	62543	39.9	1.65	91.19	11	3227	27	40	17	13	7	0
SRR27931712.016	Bacteria	5449	104	58	49.06	18.95	3.92	6230520	0	1434	1434	6468	6468	4344	4344	43931	43931	38.6	1.34	79.51	11	5396	40	36	21	4	3	0
SRR27931712.017	Bacteria	5449	104	58	47.50	23.83	10.87	4177558	0	1915	1915	2567	2567	2181	2181	16833	16833	40.5	1.52	77.32	11	4806	41	28	19	9	6	1
SRR27931712.018	Bacteria	5449	104	58	76.10	43.58	17.57	7777169	0	4254	4254	1730	1730	1828	1828	25007	25007	36.2	1.64	63.79	11	9223	29	45	18	8	2	2
SRR27931712.019	Bacteria	5449	104	58	55.45	21.13	15.69	2404265	0	1336	1336	1747	1747	1799	1799	22800	22800	44.5	1.69	79.97	11	3218	39	32	24	9	0	0
SRR27931712.020	Bacteria	5449	104	58	57.68	18.79	22.50	2061021	0	1236	1236	1605	1605	1667	1667	20067	20067	51.6	2.34	88.48	11	3026	34	48	18	2	1	1
SRR27931712.021	Bacteria	5449	104	58	63.79	4.31	33.33	10336859	0	7384	7384	1285	1285	1399	1399	55319	55319	27.4	1.97	22.34	11	8558	58	43	3	0	0	0
SRR27931712.022	Bacteria	5449	104	58	37.04	11.71	11.11	12689473	0	8885	8885	1340	1340	1428	1428	21768	21768	32.0	2.03	35.76	11	13486	64	31	9	0	0	0
SRR27931712.023	Bacteria	5449	104	58	5.80	0.16	0.00	5997316	0	4191	4191	1322	1322	1430	1430	20514	20514	21.5	2.82	24.51	11	4964	97	6	1	0	0	0
maxbin.001	Bacteria	5449	104	58	0.00	0.00	0.00	512963	0	45	45	15434	15434	11399	11399	47962	47962	50.7	7.31	76.64	11	465	104	0	0	0	0	0
maxbin.002	Bacteria	5449	104	58	72.41	14.81	61.54	915231	0	285	285	4159	4159	3211	3211	15413	15413	36.1	4.86	83.58	11	977	43	53	7	0	1	0
maxbin.003	Bacteria	5449	104	58	20.85	0.16	0.00	1260363	0	336	336	5250	5250	3751	3751	81035	81035	33.5	5.34	86.87	11	1413	80	23	1	0	0	0
maxbin.004	Bacteria	5449	104	58	62.89	10.50	88.89	1846490	0	525	525	4987	4987	3517	3517	60647	60647	33.7	3.91	86.64	11	2280	43	52	9	0	0	0
maxbin.005	Bacteria	5449	104	58	36.83	11.21	57.14	1599170	0	574	574	3128	3128	2786	2786	37545	37545	37.0	4.15	89.59	11	1686	77	20	7	0	0	0
maxbin.006	Bacteria	5449	104	58	44.06	12.93	50.00	2943162	0	949	949	4024	4024	3101	3101	41356	41356	34.8	5.78	82.67	11	3587	58	38	8	0	0	0
maxbin.007	Bacteria	5449	104	58	54.47	55.17	70.31	3789137	0	1526	1526	2847	2847	2483	2483	71789	71789	37.5	3.38	91.53	11	4163	66	21	9	4	2	2
maxbin.008	Bacteria	5449	104	58	100.00	17.59	9.38	3028054	0	350	350	26168	26168	8651	8651	130482	130482	48.0	8.12	77.24	11	2746	0	66	28	8	2	0
maxbin.009	Bacteria	5449	104	58	25.08	2.04	0.00	4377887	0	1236	1236	5547	5547	3541	3541	162302	162302	32.9	7.13	77.81	11	5350	58	43	3	0	0	0
maxbin.010	Bacteria	5449	104	58	67.65	11.38	72.73	1706873	0	209	209	22937	22937	8166	8166	89895	89895	37.8	2.72	89.07	11	1717	37	56	11	0	0	0
maxbin.011	Bacteria	5449	104	58	64.11	19.83	56.25	2355815	0	205	205	18329	18329	11491	11491	60827	60827	38.1	5.69	87.91	11	2313	58	32	13	1	0	0
maxbin.012	Bacteria	5449	104	58	36.21	8.62	42.86	2313469	0	534	534	7086	7086	4332	4332	42215	42215	36.6	1.36	85.59	11	2712	82	17	4	1	0	0
maxbin.013	Bacteria	5449	104	58	90.01	28.22	67.86	4474937	0	860	860	11360	11360	5203	5203	182001	182001	47.2	1.96	87.67	11	5084	17	63	22	2	0	0
maxbin.014	Bacteria	5449	104	58	98.28	0.00	0.00	3601569	0	245	245	48101	48101	14700	14700	137130	137130	44.9	2.02	83.46	11	3800	1	103	0	0	0	0
maxbin.015	Bacteria	5449	104	58	80.86	41.67	82.65	2842610	0	776	776	5501	5501	3663	3663	62543	62543	39.9	1.65	91.19	11	3227	27	40	17	13	7	0
maxbin.016	Bacteria	5449	104	58	49.06	18.95	3.92	6230520	0	1434	1434	6468	6468	4344	4344	43931	43931	38.6	1.34	79.51	11	5396	40	36	21	4	3	0
maxbin.017	Bacteria	5449	104	58	47.50	23.83	10.87	4177558	0	1915	1915	2567	2567	2181	2181	16833	16833	40.5	1.52	77.32	11	4806	41	28	19	9	6	1
maxbin.018	Bacteria	5449	104	58	76.10	43.58	17.57	7777169	0	4254	4254	1730	1730	1828	1828	25007	25007	36.2	1.64	63.79	11	9223	29	45	18	8	2	2
maxbin.019	Bacteria	5449	104	58	55.45	21.13	15.69	2404265	0	1336	1336	1747	1747	1799	1799	22800	22800	44.5	1.69	79.97	11	3218	39	32	24	9	0	0
maxbin.020	Bacteria	5449	104	58	57.68	18.79	22.50	2061021	0	1236	1236	1605	1605	1667	1667	20067	20067	51.6	2.34	88.48	11	3026	34	48	18	2	1	1
maxbin.021	Bacteria	5449	104	58	63.79	4.31	33.33	10336859	0	7384	7384	1285	1285	1399	1399	55319	55319	27.4	1.97	22.34	11	8558	58	43	3	0	0	0
maxbin.022	Bacteria	5449	104	58	37.04	11.71	11.11	12689473	0	8885	8885	1340	1340	1428	1428	21768	21768	32.0	2.03	35.76	11	13486	64	31	9	0	0	0
maxbin.023	Bacteria	5449	104	58	5.80	0.16	0.00	5997316	0	4191	4191	1322	1322	1430	1430	20514	20514	21.5	2.82	24.51	11	4964	97	6	1	0	0	0
SRR27931713.001	Bacteria	5449	104	58	96.55	20.54	2.44	1424236	0	111	111	88600	88600	12830	12830	185363	185363	46.6	11.03	82.79	11	1356	3	62	38	1	0	0
SRR27931713.002	Bacteria	5449	104	58	62.07	18.29	86.54	1344450	0	297	297	7728	7728	4526	4526	240427	240427	37.6	3.04	86.38	11	1490	28	44	22	10	0	0
SRR27931713.003	Bacteria	5449	104	58	0.00	0.00	0.00	314903	0	25	25	186552	186552	12596	12596	186552	186552	52.0	19.00	76.39	11	245	104	0	0	0	0	0
SRR27931713.004	Bacteria	5449	104	58	19.83	0.00	0.00	1054953	0	290	290	4656	4656	3637	3637	50525	50525	31.6	7.76	64.09	11	1053	90	14	0	0	0	0
SRR27931713.005	Bacteria	5449	104	58	72.60	39.81	72.41	2291083	0	755	755	3723	3723	3034	3034	64418	64418	36.8	3.19	88.73	11	2456	52	31	17	4	0	0
SRR27931713.006	Bacteria	5449	104	58	100.00	1.72	0.00	3502467	0	227	227	115250	115250	15429	15429	307512	307512	38.0	10.59	79.93	11	3123	0	103	1	0	0	0
SRR27931713.007	Bacteria	5449	104	58	87.40	33.33	60.00	3262492	0	774	774	6668	6668	4215	4215	346860	346860	33.9	4.47	85.47	11	3737	39	48	13	4	0	0
SRR27931713.008	Bacteria	5449	104	58	58.45	57.76	67.74	4102441	0	1676	1676	2796	2796	2447	2447	31867	31867	38.2	4.58	89.38	11	4334	64	22	7	5	5	1
SRR27931713.009	Bacteria	5449	104	58	100.00	39.53	8.11	3938960	0	1239	1239	5877	5877	3179	3179	106584	106584	44.8	5.05	69.14	11	3958	0	59	23	16	5	1
SRR27931713.010	Bacteria	5449	104	58	9.46	0.00	0.00	25457846	0	9963	9963	3018	3018	2555	2555	25808	25808	19.1	2.35	18.64	11	24012	92	12	0	0	0	0
SRR27931713.011	Bacteria	5449	104	58	39.76	10.66	0.00	4644697	0	2512	2512	1849	1849	1849	1849	27317	27317	31.6	2.00	64.44	11	6348	70	26	8	0	0	0
SRR27931713.012	Bacteria	5449	104	58	19.64	5.33	0.00	29079381	0	12520	12520	2615	2615	2322	2322	22771	22771	25.8	2.13	29.22	11	33587	82	18	3	1	0	0
SRR27931713.013	Bacteria	5449	104	58	78.42	54.87	1.64	4510669	0	2781	2781	1553	1553	1621	1621	20118	20118	36.3	2.02	71.42	11	5781	22	48	24	9	0	1
SRR27931713.014	Bacteria	5449	104	58	63.17	32.12	30.77	2135372	0	1289	1289	1672	1672	1656	1656	6194	6194	49.8	3.46	87.22	11	2915	37	40	21	6	0	0
SRR27931713.015	Bacteria	5449	104	58	1.72	0.00	0.00	30649923	0	13007	13007	2618	2618	2356	2356	20663	20663	32.1	2.01	28.64	11	36762	103	1	0	0	0	0
SRR27931713.016	Bacteria	5449	104	58	3.71	0.00	0.00	32303380	0	15203	15203	2316	2316	2124	2124	16563	16563	37.9	2.01	33.93	11	42138	96	8	0	0	0	0
SRR27931713.017	Bacteria	5449	104	58	3.45	0.00	0.00	21156279	0	11778	11778	1849	1849	1796	1796	16468	16468	44.9	3.03	51.58	11	36714	102	2	0	0	0	0
maxbin.001	Bacteria	5449	104	58	96.55	20.54	2.44	1424236	0	111	111	88600	88600	12830	12830	185363	185363	46.6	11.03	82.79	11	1356	3	62	38	1	0	0
maxbin.002	Bacteria	5449	104	58	62.07	18.29	86.54	1344450	0	297	297	7728	7728	4526	4526	240427	240427	37.6	3.04	86.38	11	1490	28	44	22	10	0	0
maxbin.003	Bacteria	5449	104	58	0.00	0.00	0.00	314903	0	25	25	186552	186552	12596	12596	186552	186552	52.0	19.00	76.39	11	245	104	0	0	0	0	0
maxbin.004	Bacteria	5449	104	58	19.83	0.00	0.00	1054953	0	290	290	4656	4656	3637	3637	50525	50525	31.6	7.76	64.09	11	1053	90	14	0	0	0	0
maxbin.005	Bacteria	5449	104	58	72.60	39.81	72.41	2291083	0	755	755	3723	3723	3034	3034	64418	64418	36.8	3.19	88.73	11	2456	52	31	17	4	0	0
maxbin.006	Bacteria	5449	104	58	100.00	1.72	0.00	3502467	0	227	227	115250	115250	15429	15429	307512	307512	38.0	10.59	79.93	11	3123	0	103	1	0	0	0
maxbin.007	Bacteria	5449	104	58	87.40	33.33	60.00	3262492	0	774	774	6668	6668	4215	4215	346860	346860	33.9	4.47	85.47	11	3737	39	48	13	4	0	0
maxbin.008	Bacteria	5449	104	58	58.45	57.76	67.74	4102441	0	1676	1676	2796	2796	2447	2447	31867	31867	38.2	4.58	89.38	11	4334	64	22	7	5	5	1
maxbin.009	Bacteria	5449	104	58	100.00	39.53	8.11	3938960	0	1239	1239	5877	5877	3179	3179	106584	106584	44.8	5.05	69.14	11	3958	0	59	23	16	5	1
maxbin.010	Bacteria	5449	104	58	9.46	0.00	0.00	25457846	0	9963	9963	3018	3018	2555	2555	25808	25808	19.1	2.35	18.64	11	24012	92	12	0	0	0	0
maxbin.011	Bacteria	5449	104	58	39.76	10.66	0.00	4644697	0	2512	2512	1849	1849	1849	1849	27317	27317	31.6	2.00	64.44	11	6348	70	26	8	0	0	0
maxbin.012	Bacteria	5449	104	58	19.64	5.33	0.00	29079381	0	12520	12520	2615	2615	2322	2322	22771	22771	25.8	2.13	29.22	11	33587	82	18	3	1	0	0
maxbin.013	Bacteria	5449	104	58	78.42	54.87	1.64	4510669	0	2781	2781	1553	1553	1621	1621	20118	20118	36.3	2.02	71.42	11	5781	22	48	24	9	0	1
maxbin.014	Bacteria	5449	104	58	63.17	32.12	30.77	2135372	0	1289	1289	1672	1672	1656	1656	6194	6194	49.8	3.46	87.22	11	2915	37	40	21	6	0	0
maxbin.015	Bacteria	5449	104	58	1.72	0.00	0.00	30649923	0	13007	13007	2618	2618	2356	2356	20663	20663	32.1	2.01	28.64	11	36762	103	1	0	0	0	0
maxbin.016	Bacteria	5449	104	58	3.71	0.00	0.00	32303380	0	15203	15203	2316	2316	2124	2124	16563	16563	37.9	2.01	33.93	11	42138	96	8	0	0	0	0
maxbin.017	Bacteria	5449	104	58	3.45	0.00	0.00	21156279	0	11778	11778	1849	1849	1796	1796	16468	16468	44.9	3.03	51.58	11	36714	102	2	0	0	0	0
SRR27931714.001	Bacteria	5449	104	58	86.21	7.84	90.91	1591616	0	386	386	5389	5389	4123	4123	54455	54455	41.0	6.49	81.34	11	1514	11	82	11	0	0	0
SRR27931714.002	Bacteria	5449	104	58	84.95	18.18	26.09	3438941	0	993	993	4548	4548	3463	3463	64234	64234	33.7	4.75	86.15	11	4105	33	59	8	3	1	0
SRR27931714.003	Bacteria	5449	104	58	57.23	58.07	57.38	5444472	0	2256	2256	2772	2772	2413	2413	42810	42810	36.5	3.60	88.92	11	6468	53	29	10	7	5	0
SRR27931714.004	Bacteria	5449	104	58	100.00	50.26	6.41	3915743	0	1369	1369	4314	4314	2860	2860	37272	37272	48.3	4.52	81.53	11	4561	0	48	45	11	0	0
SRR27931714.005	Bacteria	5449	104	58	73.32	77.00	15.73	7861440	0	4261	4261	1869	1869	1844	1844	30187	30187	33.4	5.95	75.94	11	11250	33	33	23	11	3	1
SRR27931714.006	Bacteria	5449	104	58	68.73	32.27	17.46	2086439	0	1321	1321	1540	1540	1579	1579	22857	22857	41.7	2.44	84.90	11	3035	25	43	27	6	3	0
maxbin.001	Bacteria	5449	104	58	86.21	7.84	90.91	1591616	0	386	386	5389	5389	4123	4123	54455	54455	41.0	6.49	81.34	11	1514	11	82	11	0	0	0
maxbin.002	Bacteria	5449	104	58	84.95	18.18	26.09	3438941	0	993	993	4548	4548	3463	3463	64234	64234	33.7	4.75	86.15	11	4105	33	59	8	3	1	0
maxbin.003	Bacteria	5449	104	58	57.23	58.07	57.38	5444472	0	2256	2256	2772	2772	2413	2413	42810	42810	36.5	3.60	88.92	11	6468	53	29	10	7	5	0
maxbin.004	Bacteria	5449	104	58	100.00	50.26	6.41	3915743	0	1369	1369	4314	4314	2860	2860	37272	37272	48.3	4.52	81.53	11	4561	0	48	45	11	0	0
maxbin.005	Bacteria	5449	104	58	73.32	77.00	15.73	7861440	0	4261	4261	1869	1869	1844	1844	30187	30187	33.4	5.95	75.94	11	11250	33	33	23	11	3	1
maxbin.006	Bacteria	5449	104	58	68.73	32.27	17.46	2086439	0	1321	1321	1540	1540	1579	1579	22857	22857	41.7	2.44	84.90	11	3035	25	43	27	6	3	0
SRR27931715.001	Bacteria	5449	104	58	0.00	0.00	0.00	540474	0	86	86	10711	10711	6284	6284	28540	28540	49.8	7.06	79.62	4	630	104	0	0	0	0	0
SRR27931715.002	Bacteria	5449	104	58	100.00	3.07	0.00	3902907	0	242	242	42054	42054	16127	16127	134019	134019	54.5	9.37	83.73	11	3522	0	88	16	0	0	0
SRR27931715.003	Bacteria	5449	104	58	82.55	4.47	100.00	2456933	0	267	267	17818	17818	9201	9201	69937	69937	50.6	6.72	79.55	11	2313	22	78	4	0	0	0
SRR27931715.004	Bacteria	5449	104	58	92.35	16.38	80.00	3286534	0	428	428	17285	17285	7678	7678	111847	111847	51.3	5.41	81.42	11	3024	25	69	10	0	0	0
SRR27931715.005	Bacteria	5449	104	58	68.97	34.23	3.30	3407175	0	763	763	9171	9171	4465	4465	82069	82069	37.7	8.87	74.44	11	3583	22	38	27	14	2	1
SRR27931715.006	Bacteria	5449	104	58	0.00	0.00	0.00	197687	0	24	24	14253	14253	8236	8236	35030	35030	23.2	1.31	73.80	11	266	104	0	0	0	0	0
SRR27931715.007	Bacteria	5449	104	58	72.26	50.00	63.64	2871616	0	435	435	17681	17681	6601	6601	87137	87137	37.4	6.87	87.32	11	2932	46	31	20	6	1	0
SRR27931715.008	Bacteria	5449	104	58	29.12	15.00	78.57	2105183	0	417	417	10249	10249	5048	5048	77432	77432	35.5	5.86	84.94	11	2343	81	13	8	2	0	0
SRR27931715.009	Bacteria	5449	104	58	53.45	6.03	100.00	1112320	0	507	507	2521	2521	2193	2193	10254	10254	36.2	2.00	89.37	11	1453	69	31	4	0	0	0
SRR27931715.010	Bacteria	5449	104	58	0.00	0.00	0.00	218855	0	77	77	5043	5043	2842	2842	19054	19054	25.0	2.00	67.74	11	240	104	0	0	0	0	0
SRR27931715.011	Bacteria	5449	104	58	69.66	19.47	36.84	5910104	0	2423	2423	2841	2841	2439	2439	97374	97374	49.1	4.18	84.20	11	7855	30	46	23	5	0	0
SRR27931715.012	Bacteria	5449	104	58	3.45	0.00	0.00	161284	0	43	43	6777	6777	3750	3750	33006	33006	23.1	1.23	85.77	11	204	102	2	0	0	0	0
SRR27931715.013	Bacteria	5449	104	58	48.28	20.69	33.33	3509606	0	1624	1624	2274	2274	2161	2161	49570	49570	36.9	1.99	87.72	11	4746	74	19	9	2	0	0
SRR27931715.014	Bacteria	5449	104	58	87.62	44.80	29.70	2030912	0	966	966	2302	2302	2102	2102	12109	12109	38.9	1.92	89.87	11	2808	9	45	34	11	4	1
SRR27931715.015	Bacteria	5449	104	58	0.00	0.00	0.00	888936	0	618	618	1282	1282	1438	1438	20695	20695	22.4	2.23	14.29	11	553	104	0	0	0	0	0
SRR27931715.016	Bacteria	5449	104	58	6.35	0.00	0.00	9386427	0	6671	6671	1295	1295	1407	1407	20935	20935	31.7	7.09	41.61	11	10921	98	6	0	0	0	0
SRR27931715.017	Bacteria	5449	104	58	0.00	0.00	0.00	2446689	0	1794	1794	1287	1287	1363	1363	9954	9954	37.1	2.23	55.30	11	3668	104	0	0	0	0	0
SRR27931715.018	Bacteria	5449	104	58	1.72	0.00	0.00	1950358	0	1486	1486	1208	1208	1312	1312	11392	11392	26.8	1.74	25.28	11	1598	103	1	0	0	0	0
maxbin.001	Bacteria	5449	104	58	0.00	0.00	0.00	540474	0	86	86	10711	10711	6284	6284	28540	28540	49.8	7.06	79.62	4	630	104	0	0	0	0	0
maxbin.002	Bacteria	5449	104	58	100.00	3.07	0.00	3902907	0	242	242	42054	42054	16127	16127	134019	134019	54.5	9.37	83.73	11	3522	0	88	16	0	0	0
maxbin.003	Bacteria	5449	104	58	82.55	4.47	100.00	2456933	0	267	267	17818	17818	9201	9201	69937	69937	50.6	6.72	79.55	11	2313	22	78	4	0	0	0
maxbin.004	Bacteria	5449	104	58	92.35	16.38	80.00	3286534	0	428	428	17285	17285	7678	7678	111847	111847	51.3	5.41	81.42	11	3024	25	69	10	0	0	0
maxbin.005	Bacteria	5449	104	58	68.97	34.23	3.30	3407175	0	763	763	9171	9171	4465	4465	82069	82069	37.7	8.87	74.44	11	3583	22	38	27	14	2	1
maxbin.006	Bacteria	5449	104	58	0.00	0.00	0.00	197687	0	24	24	14253	14253	8236	8236	35030	35030	23.2	1.31	73.80	11	266	104	0	0	0	0	0
maxbin.007	Bacteria	5449	104	58	72.26	50.00	63.64	2871616	0	435	435	17681	17681	6601	6601	87137	87137	37.4	6.87	87.32	11	2932	46	31	20	6	1	0
maxbin.008	Bacteria	5449	104	58	29.12	15.00	78.57	2105183	0	417	417	10249	10249	5048	5048	77432	77432	35.5	5.86	84.94	11	2343	81	13	8	2	0	0
maxbin.009	Bacteria	5449	104	58	53.45	6.03	100.00	1112320	0	507	507	2521	2521	2193	2193	10254	10254	36.2	2.00	89.37	11	1453	69	31	4	0	0	0
maxbin.010	Bacteria	5449	104	58	0.00	0.00	0.00	218855	0	77	77	5043	5043	2842	2842	19054	19054	25.0	2.00	67.74	11	240	104	0	0	0	0	0
maxbin.011	Bacteria	5449	104	58	69.66	19.47	36.84	5910104	0	2423	2423	2841	2841	2439	2439	97374	97374	49.1	4.18	84.20	11	7855	30	46	23	5	0	0
maxbin.012	Bacteria	5449	104	58	3.45	0.00	0.00	161284	0	43	43	6777	6777	3750	3750	33006	33006	23.1	1.23	85.77	11	204	102	2	0	0	0	0
maxbin.013	Bacteria	5449	104	58	48.28	20.69	33.33	3509606	0	1624	1624	2274	2274	2161	2161	49570	49570	36.9	1.99	87.72	11	4746	74	19	9	2	0	0
maxbin.014	Bacteria	5449	104	58	87.62	44.80	29.70	2030912	0	966	966	2302	2302	2102	2102	12109	12109	38.9	1.92	89.87	11	2808	9	45	34	11	4	1
maxbin.015	Bacteria	5449	104	58	0.00	0.00	0.00	888936	0	618	618	1282	1282	1438	1438	20695	20695	22.4	2.23	14.29	11	553	104	0	0	0	0	0
maxbin.016	Bacteria	5449	104	58	6.35	0.00	0.00	9386427	0	6671	6671	1295	1295	1407	1407	20935	20935	31.7	7.09	41.61	11	10921	98	6	0	0	0	0
maxbin.017	Bacteria	5449	104	58	0.00	0.00	0.00	2446689	0	1794	1794	1287	1287	1363	1363	9954	9954	37.1	2.23	55.30	11	3668	104	0	0	0	0	0
maxbin.018	Bacteria	5449	104	58	1.72	0.00	0.00	1950358	0	1486	1486	1208	1208	1312	1312	11392	11392	26.8	1.74	25.28	11	1598	103	1	0	0	0	0
SRR27931716.001	Bacteria	5449	104	58	0.00	0.00	0.00	566449	0	89	89	10854	10854	6364	6364	29151	29151	49.9	8.67	80.51	4	579	104	0	0	0	0	0
SRR27931716.002	Bacteria	5449	104	58	89.66	24.40	39.78	2001396	0	593	593	4226	4226	3375	3375	22542	22542	39.7	6.85	78.55	11	2038	7	54	24	15	4	0
SRR27931716.003	Bacteria	5449	104	58	86.96	72.63	51.25	4744397	0	1170	1170	5948	5948	4055	4055	147864	147864	34.1	4.33	85.50	11	5619	26	40	28	4	5	1
SRR27931716.004	Bacteria	5449	104	58	90.00	46.50	89.74	6803560	0	1267	1267	8778	8778	5369	5369	60328	60328	55.8	3.88	85.85	11	6783	30	41	30	3	0	0
SRR27931716.005	Bacteria	5449	104	58	85.34	26.02	65.52	2564734	0	149	149	47080	47080	17212	17212	220945	220945	36.4	8.64	88.54	11	2534	10	69	23	2	0	0
SRR27931716.006	Bacteria	5449	104	58	74.66	21.55	60.00	2454251	0	273	273	28840	28840	8989	8989	95117	95117	35.9	4.91	87.01	11	2676	37	52	15	0	0	0
SRR27931716.007	Bacteria	5449	104	58	100.00	72.75	2.26	5815251	0	1775	1775	6677	6677	3276	3276	118315	118315	49.8	3.97	77.33	11	6784	0	40	42	15	6	1
SRR27931716.008	Bacteria	5449	104	58	100.00	50.42	3.85	4470108	0	1654	1654	3595	3595	2702	2702	73621	73621	37.8	2.49	87.42	11	5362	0	47	40	14	2	1
SRR27931716.009	Bacteria	5449	104	58	13.56	0.00	0.00	2599159	0	1557	1557	1530	1530	1669	1669	15984	15984	22.8	2.92	34.80	11	2343	94	10	0	0	0	0
SRR27931716.010	Bacteria	5449	104	58	49.62	3.45	0.00	4045281	0	2334	2334	1699	1699	1733	1733	20259	20259	31.1	2.64	63.46	11	5393	56	46	2	0	0	0
SRR27931716.011	Bacteria	5449	104	58	80.63	22.34	0.00	3072414	0	1550	1550	2099	2099	1982	1982	17087	17087	38.7	2.31	85.00	11	4191	31	51	22	0	0	0
SRR27931716.012	Bacteria	5449	104	58	5.83	0.16	0.00	1013157	0	852	852	1144	1144	1189	1189	3086	3086	32.3	18.08	33.10	11	877	98	5	1	0	0	0
maxbin.001	Bacteria	5449	104	58	0.00	0.00	0.00	566449	0	89	89	10854	10854	6364	6364	29151	29151	49.9	8.67	80.51	4	579	104	0	0	0	0	0
maxbin.002	Bacteria	5449	104	58	89.66	24.40	39.78	2001396	0	593	593	4226	4226	3375	3375	22542	22542	39.7	6.85	78.55	11	2038	7	54	24	15	4	0
maxbin.003	Bacteria	5449	104	58	86.96	72.63	51.25	4744397	0	1170	1170	5948	5948	4055	4055	147864	147864	34.1	4.33	85.50	11	5619	26	40	28	4	5	1
maxbin.004	Bacteria	5449	104	58	90.00	46.50	89.74	6803560	0	1267	1267	8778	8778	5369	5369	60328	60328	55.8	3.88	85.85	11	6783	30	41	30	3	0	0
maxbin.005	Bacteria	5449	104	58	85.34	26.02	65.52	2564734	0	149	149	47080	47080	17212	17212	220945	220945	36.4	8.64	88.54	11	2534	10	69	23	2	0	0
maxbin.006	Bacteria	5449	104	58	74.66	21.55	60.00	2454251	0	273	273	28840	28840	8989	8989	95117	95117	35.9	4.91	87.01	11	2676	37	52	15	0	0	0
maxbin.007	Bacteria	5449	104	58	100.00	72.75	2.26	5815251	0	1775	1775	6677	6677	3276	3276	118315	118315	49.8	3.97	77.33	11	6784	0	40	42	15	6	1
maxbin.008	Bacteria	5449	104	58	100.00	50.42	3.85	4470108	0	1654	1654	3595	3595	2702	2702	73621	73621	37.8	2.49	87.42	11	5362	0	47	40	14	2	1
maxbin.009	Bacteria	5449	104	58	13.56	0.00	0.00	2599159	0	1557	1557	1530	1530	1669	1669	15984	15984	22.8	2.92	34.80	11	2343	94	10	0	0	0	0
maxbin.010	Bacteria	5449	104	58	49.62	3.45	0.00	4045281	0	2334	2334	1699	1699	1733	1733	20259	20259	31.1	2.64	63.46	11	5393	56	46	2	0	0	0
maxbin.011	Bacteria	5449	104	58	80.63	22.34	0.00	3072414	0	1550	1550	2099	2099	1982	1982	17087	17087	38.7	2.31	85.00	11	4191	31	51	22	0	0	0
maxbin.012	Bacteria	5449	104	58	5.83	0.16	0.00	1013157	0	852	852	1144	1144	1189	1189	3086	3086	32.3	18.08	33.10	11	877	98	5	1	0	0	0
SRR27931717.001	Bacteria	5449	104	58	0.00	0.00	0.00	633316	0	50	50	73223	73223	12666	12666	137826	137826	29.2	8.38	86.05	11	841	104	0	0	0	0	0
SRR27931717.002	Bacteria	5449	104	58	41.85	11.55	12.82	1426530	0	175	175	21991	21991	8151	8151	99188	99188	36.7	4.10	84.49	11	1567	47	28	24	5	0	0
SRR27931717.003	Bacteria	5449	104	58	97.07	9.20	100.00	3751952	0	485	485	11756	11756	7735	7735	48222	48222	55.3	3.47	85.33	11	3590	3	94	7	0	0	0
SRR27931717.004	Bacteria	5449	104	58	66.38	5.17	66.67	1471840	0	58	58	52117	52117	25376	25376	178440	178440	37.4	2.24	90.24	11	1464	23	78	3	0	0	0
SRR27931717.005	Bacteria	5449	104	58	87.62	44.14	47.30	1511173	0	300	300	7798	7798	5037	5037	47325	47325	37.1	2.24	90.65	11	1681	22	47	17	17	1	0
SRR27931717.006	Bacteria	5449	104	58	100.00	79.31	24.29	4483792	0	396	396	34054	34054	11322	11322	318115	318115	36.6	3.59	88.47	11	4806	0	68	19	17	0	0
SRR27931717.007	Bacteria	5449	104	58	70.56	4.31	100.00	2347823	0	459	459	11428	11428	5115	5115	106364	106364	35.4	2.47	89.43	11	2658	54	47	3	0	0	0
SRR27931717.008	Bacteria	5449	104	58	96.55	63.62	24.07	6286077	0	865	865	12680	12680	7267	7267	105563	105563	51.9	4.48	82.42	11	6064	2	58	39	5	0	0
SRR27931717.009	Bacteria	5449	104	58	75.47	19.44	20.00	3709384	0	941	941	6761	6761	3941	3941	34444	34444	54.1	3.48	86.54	11	4098	41	50	12	1	0	0
SRR27931717.010	Bacteria	5449	104	58	7.13	5.17	0.00	4053453	0	1627	1627	2786	2786	2491	2491	76332	76332	28.5	3.80	81.69	11	5938	93	9	1	1	0	0
SRR27931717.011	Bacteria	5449	104	58	76.12	11.00	0.00	6611866	0	2623	2623	2999	2999	2520	2520	91939	91939	35.8	2.32	86.10	11	9226	37	58	9	0	0	0
SRR27931717.012	Bacteria	5449	104	58	52.56	12.57	28.57	3651530	0	1804	1804	2085	2085	2024	2024	26296	26296	43.8	2.85	83.18	11	5630	45	45	14	0	0	0
SRR27931717.013	Bacteria	5449	104	58	65.90	6.03	0.00	3377157	0	1381	1381	2800	2800	2445	2445	16704	16704	52.3	2.70	86.47	11	4474	49	52	2	1	0	0
maxbin.001	Bacteria	5449	104	58	0.00	0.00	0.00	633316	0	50	50	73223	73223	12666	12666	137826	137826	29.2	8.38	86.05	11	841	104	0	0	0	0	0
maxbin.002	Bacteria	5449	104	58	41.85	11.55	12.82	1426530	0	175	175	21991	21991	8151	8151	99188	99188	36.7	4.10	84.49	11	1567	47	28	24	5	0	0
maxbin.003	Bacteria	5449	104	58	97.07	9.20	100.00	3751952	0	485	485	11756	11756	7735	7735	48222	48222	55.3	3.47	85.33	11	3590	3	94	7	0	0	0
maxbin.004	Bacteria	5449	104	58	66.38	5.17	66.67	1471840	0	58	58	52117	52117	25376	25376	178440	178440	37.4	2.24	90.24	11	1464	23	78	3	0	0	0
maxbin.005	Bacteria	5449	104	58	87.62	44.14	47.30	1511173	0	300	300	7798	7798	5037	5037	47325	47325	37.1	2.24	90.65	11	1681	22	47	17	17	1	0
maxbin.006	Bacteria	5449	104	58	100.00	79.31	24.29	4483792	0	396	396	34054	34054	11322	11322	318115	318115	36.6	3.59	88.47	11	4806	0	68	19	17	0	0
maxbin.007	Bacteria	5449	104	58	70.56	4.31	100.00	2347823	0	459	459	11428	11428	5115	5115	106364	106364	35.4	2.47	89.43	11	2658	54	47	3	0	0	0
maxbin.008	Bacteria	5449	104	58	96.55	63.62	24.07	6286077	0	865	865	12680	12680	7267	7267	105563	105563	51.9	4.48	82.42	11	6064	2	58	39	5	0	0
maxbin.009	Bacteria	5449	104	58	75.47	19.44	20.00	3709384	0	941	941	6761	6761	3941	3941	34444	34444	54.1	3.48	86.54	11	4098	41	50	12	1	0	0
maxbin.010	Bacteria	5449	104	58	7.13	5.17	0.00	4053453	0	1627	1627	2786	2786	2491	2491	76332	76332	28.5	3.80	81.69	11	5938	93	9	1	1	0	0
maxbin.011	Bacteria	5449	104	58	76.12	11.00	0.00	6611866	0	2623	2623	2999	2999	2520	2520	91939	91939	35.8	2.32	86.10	11	9226	37	58	9	0	0	0
maxbin.012	Bacteria	5449	104	58	52.56	12.57	28.57	3651530	0	1804	1804	2085	2085	2024	2024	26296	26296	43.8	2.85	83.18	11	5630	45	45	14	0	0	0
maxbin.013	Bacteria	5449	104	58	65.90	6.03	0.00	3377157	0	1381	1381	2800	2800	2445	2445	16704	16704	52.3	2.70	86.47	11	4474	49	52	2	1	0	0
SRR27931718.001	Bacteria	5449	104	58	96.55	3.45	100.00	1967249	0	214	214	14076	14076	9192	9192	74870	74870	37.5	3.12	88.01	11	2030	3	99	2	0	0	0
SRR27931718.002	Bacteria	5449	104	58	99.66	0.16	100.00	3693953	0	231	231	28745	28745	15991	15991	102545	102545	55.3	4.25	85.13	11	3365	1	102	1	0	0	0
SRR27931718.003	Bacteria	5449	104	58	0.00	0.00	0.00	1048903	0	218	218	9038	9038	4811	4811	165114	165114	32.3	4.30	78.96	11	1338	104	0	0	0	0	0
SRR27931718.004	Bacteria	5449	104	58	99.14	15.86	46.15	2697420	0	221	221	76589	76589	12205	12205	267258	267258	37.0	2.72	89.77	11	2824	1	94	7	2	0	0
SRR27931718.005	Bacteria	5449	104	58	100.00	2.59	100.00	3562541	0	420	420	18913	18913	8482	8482	93631	93631	50.9	3.62	81.41	11	3383	0	102	2	0	0	0
SRR27931718.006	Bacteria	5449	104	58	69.59	3.45	50.00	1542329	0	60	60	66009	66009	25705	25705	174782	174782	37.5	4.58	90.55	11	1515	42	60	2	0	0	0
SRR27931718.007	Bacteria	5449	104	58	54.31	13.48	78.79	1063672	0	323	323	4455	4455	3293	3293	24845	24845	39.5	2.62	89.98	11	1256	30	41	33	0	0	0
SRR27931718.008	Bacteria	5449	104	58	46.55	13.79	100.00	2612965	0	500	500	10736	10736	5225	5225	172555	172555	35.9	4.02	86.64	11	3008	73	22	9	0	0	0
SRR27931718.009	Bacteria	5449	104	58	12.93	0.00	0.00	4163585	0	1518	1518	3237	3237	2742	2742	196203	196203	29.7	4.93	80.62	11	5964	95	9	0	0	0	0
SRR27931718.010	Bacteria	5449	104	58	100.00	28.71	2.17	3657028	0	1268	1268	3677	3677	2884	2884	45243	45243	38.9	2.71	88.25	11	4702	0	71	28	4	1	0
SRR27931718.011	Bacteria	5449	104	58	87.18	42.01	2.86	7131153	0	2757	2757	3151	3151	2586	2586	101022	101022	51.6	4.54	83.81	11	9099	30	49	20	5	0	0
SRR27931718.012	Bacteria	5449	104	58	63.28	0.86	0.00	4512472	0	1585	1585	3798	3798	2846	2846	57427	57427	36.2	2.54	85.90	11	6061	60	43	1	0	0	0
maxbin.001	Bacteria	5449	104	58	96.55	3.45	100.00	1967249	0	214	214	14076	14076	9192	9192	74870	74870	37.5	3.12	88.01	11	2030	3	99	2	0	0	0
maxbin.002	Bacteria	5449	104	58	99.66	0.16	100.00	3693953	0	231	231	28745	28745	15991	15991	102545	102545	55.3	4.25	85.13	11	3365	1	102	1	0	0	0
maxbin.003	Bacteria	5449	104	58	0.00	0.00	0.00	1048903	0	218	218	9038	9038	4811	4811	165114	165114	32.3	4.30	78.96	11	1338	104	0	0	0	0	0
maxbin.004	Bacteria	5449	104	58	99.14	15.86	46.15	2697420	0	221	221	76589	76589	12205	12205	267258	267258	37.0	2.72	89.77	11	2824	1	94	7	2	0	0
maxbin.005	Bacteria	5449	104	58	100.00	2.59	100.00	3562541	0	420	420	18913	18913	8482	8482	93631	93631	50.9	3.62	81.41	11	3383	0	102	2	0	0	0
maxbin.006	Bacteria	5449	104	58	69.59	3.45	50.00	1542329	0	60	60	66009	66009	25705	25705	174782	174782	37.5	4.58	90.55	11	1515	42	60	2	0	0	0
maxbin.007	Bacteria	5449	104	58	54.31	13.48	78.79	1063672	0	323	323	4455	4455	3293	3293	24845	24845	39.5	2.62	89.98	11	1256	30	41	33	0	0	0
maxbin.008	Bacteria	5449	104	58	46.55	13.79	100.00	2612965	0	500	500	10736	10736	5225	5225	172555	172555	35.9	4.02	86.64	11	3008	73	22	9	0	0	0
maxbin.009	Bacteria	5449	104	58	12.93	0.00	0.00	4163585	0	1518	1518	3237	3237	2742	2742	196203	196203	29.7	4.93	80.62	11	5964	95	9	0	0	0	0
maxbin.010	Bacteria	5449	104	58	100.00	28.71	2.17	3657028	0	1268	1268	3677	3677	2884	2884	45243	45243	38.9	2.71	88.25	11	4702	0	71	28	4	1	0
maxbin.011	Bacteria	5449	104	58	87.18	42.01	2.86	7131153	0	2757	2757	3151	3151	2586	2586	101022	101022	51.6	4.54	83.81	11	9099	30	49	20	5	0	0
maxbin.012	Bacteria	5449	104	58	63.28	0.86	0.00	4512472	0	1585	1585	3798	3798	2846	2846	57427	57427	36.2	2.54	85.90	11	6061	60	43	1	0	0	0
SRR27931719.001	Bacteria	5449	104	58	98.28	1.72	100.00	2100994	0	240	240	18456	18456	8754	8754	71745	71745	37.3	4.00	87.71	11	2193	1	102	1	0	0	0
SRR27931719.002	Bacteria	5449	104	58	96.21	0.00	0.00	3679682	0	194	194	35425	35425	18967	18967	142430	142430	55.3	4.73	84.78	11	3317	3	101	0	0	0	0
SRR27931719.003	Bacteria	5449	104	58	96.55	13.79	40.00	3652920	0	495	495	27830	27830	7379	7379	268078	268078	36.0	4.15	86.16	11	4052	3	95	4	2	0	0
SRR27931719.004	Bacteria	5449	104	58	99.14	6.03	25.00	3748849	0	417	417	19959	19959	8990	8990	139754	139754	50.7	4.27	81.44	11	3568	1	99	4	0	0	0
SRR27931719.005	Bacteria	5449	104	58	3.45	0.00	0.00	911180	0	132	132	34047	34047	6902	6902	127285	127285	25.8	2.12	83.93	11	1276	102	2	0	0	0	0
SRR27931719.006	Bacteria	5449	104	58	53.71	12.70	69.23	2161165	0	230	230	22679	22679	9396	9396	200506	200506	36.3	3.94	87.95	11	2251	52	39	13	0	0	0
SRR27931719.007	Bacteria	5449	104	58	84.01	30.64	70.37	2001969	0	268	268	14340	14340	7470	7470	165256	165256	38.1	2.50	91.09	11	2160	24	53	27	0	0	0
SRR27931719.008	Bacteria	5449	104	58	66.02	8.62	100.00	2748374	0	677	677	6121	6121	4059	4059	62635	62635	36.2	1.88	88.77	11	3300	59	40	5	0	0	0
SRR27931719.009	Bacteria	5449	104	58	3.45	0.00	0.00	2458119	0	1104	1104	2359	2359	2226	2226	90972	90972	30.8	2.33	81.86	11	3607	102	2	0	0	0	0
SRR27931719.010	Bacteria	5449	104	58	83.18	17.30	19.05	5506190	0	2102	2102	3398	3398	2619	2619	83273	83273	52.2	3.89	84.02	11	6765	31	58	12	3	0	0
SRR27931719.011	Bacteria	5449	104	58	94.83	35.78	14.67	5421884	0	2310	2310	2733	2733	2347	2347	53737	53737	38.7	7.06	85.07	11	7385	3	47	45	8	1	0
maxbin.001	Bacteria	5449	104	58	98.28	1.72	100.00	2100994	0	240	240	18456	18456	8754	8754	71745	71745	37.3	4.00	87.71	11	2193	1	102	1	0	0	0
maxbin.002	Bacteria	5449	104	58	96.21	0.00	0.00	3679682	0	194	194	35425	35425	18967	18967	142430	142430	55.3	4.73	84.78	11	3317	3	101	0	0	0	0
maxbin.003	Bacteria	5449	104	58	96.55	13.79	40.00	3652920	0	495	495	27830	27830	7379	7379	268078	268078	36.0	4.15	86.16	11	4052	3	95	4	2	0	0
maxbin.004	Bacteria	5449	104	58	99.14	6.03	25.00	3748849	0	417	417	19959	19959	8990	8990	139754	139754	50.7	4.27	81.44	11	3568	1	99	4	0	0	0
maxbin.005	Bacteria	5449	104	58	3.45	0.00	0.00	911180	0	132	132	34047	34047	6902	6902	127285	127285	25.8	2.12	83.93	11	1276	102	2	0	0	0	0
maxbin.006	Bacteria	5449	104	58	53.71	12.70	69.23	2161165	0	230	230	22679	22679	9396	9396	200506	200506	36.3	3.94	87.95	11	2251	52	39	13	0	0	0
maxbin.007	Bacteria	5449	104	58	84.01	30.64	70.37	2001969	0	268	268	14340	14340	7470	7470	165256	165256	38.1	2.50	91.09	11	2160	24	53	27	0	0	0
maxbin.008	Bacteria	5449	104	58	66.02	8.62	100.00	2748374	0	677	677	6121	6121	4059	4059	62635	62635	36.2	1.88	88.77	11	3300	59	40	5	0	0	0
maxbin.009	Bacteria	5449	104	58	3.45	0.00	0.00	2458119	0	1104	1104	2359	2359	2226	2226	90972	90972	30.8	2.33	81.86	11	3607	102	2	0	0	0	0
maxbin.010	Bacteria	5449	104	58	83.18	17.30	19.05	5506190	0	2102	2102	3398	3398	2619	2619	83273	83273	52.2	3.89	84.02	11	6765	31	58	12	3	0	0
maxbin.011	Bacteria	5449	104	58	94.83	35.78	14.67	5421884	0	2310	2310	2733	2733	2347	2347	53737	53737	38.7	7.06	85.07	11	7385	3	47	45	8	1	0
SRR27931720.001	Bacteria	5449	104	58	97.93	0.00	0.00	3606531	0	238	238	25891	25891	15153	15153	119704	119704	55.3	5.29	85.05	11	3293	2	102	0	0	0	0
SRR27931720.002	Bacteria	5449	104	58	99.66	7.76	37.50	3467267	0	367	367	21375	21375	9447	9447	95724	95724	51.8	5.55	81.65	11	3339	1	97	5	1	0	0
SRR27931720.003	Bacteria	5449	104	58	89.66	22.88	12.50	1661407	0	475	475	4203	4203	3497	3497	42935	42935	37.5	5.31	87.63	11	1941	8	58	33	5	0	0
SRR27931720.004	Bacteria	5449	104	58	89.66	19.20	10.00	3605140	0	706	706	13195	13195	5106	5106	163412	163412	35.7	5.41	85.53	11	3911	32	54	10	6	2	0
SRR27931720.005	Bacteria	5449	104	58	62.65	15.52	86.67	2739230	0	440	440	14137	14137	6225	6225	76237	76237	50.6	3.47	83.22	11	2966	44	49	9	2	0	0
SRR27931720.006	Bacteria	5449	104	58	98.28	15.94	25.00	3437012	0	472	472	22265	22265	7281	7281	175819	175819	37.1	5.42	85.65	11	3669	2	84	15	3	0	0
SRR27931720.007	Bacteria	5449	104	58	0.00	0.00	0.00	477703	0	120	120	5174	5174	3980	3980	29792	29792	51.3	5.56	77.62	11	529	104	0	0	0	0	0
SRR27931720.008	Bacteria	5449	104	58	85.92	31.03	79.17	4255717	0	784	784	13269	13269	5428	5428	61068	61068	52.3	2.84	85.98	11	4514	28	54	21	1	0	0
SRR27931720.009	Bacteria	5449	104	58	50.00	26.02	73.91	2679108	0	1351	1351	2062	2062	1983	1983	33021	33021	37.0	1.55	91.62	11	3236	59	30	11	4	0	0
SRR27931720.010	Bacteria	5449	104	58	58.83	50.00	53.49	3553008	0	1422	1422	2926	2926	2498	2498	38201	38201	33.8	1.61	87.07	11	4801	65	20	10	7	2	0
SRR27931720.011	Bacteria	5449	104	58	40.36	19.93	23.33	4733466	0	1876	1876	2986	2986	2523	2523	38972	38972	44.0	2.80	75.12	11	6069	42	29	14	8	7	4
SRR27931720.012	Bacteria	5449	104	58	25.82	4.39	22.22	5418527	0	2614	2614	2225	2225	2072	2072	31358	31358	29.1	2.69	65.96	11	6628	73	24	6	1	0	0
SRR27931720.013	Bacteria	5449	104	58	69.83	3.45	0.00	2784584	0	1126	1126	2951	2951	2472	2472	14399	14399	37.5	2.39	83.25	11	3605	56	46	2	0	0	0
SRR27931720.014	Bacteria	5449	104	58	84.73	47.55	32.43	6200897	0	2832	2832	2593	2593	2189	2189	26959	26959	36.3	5.22	75.81	11	7423	36	37	28	3	0	0
maxbin.001	Bacteria	5449	104	58	97.93	0.00	0.00	3606531	0	238	238	25891	25891	15153	15153	119704	119704	55.3	5.29	85.05	11	3293	2	102	0	0	0	0
maxbin.002	Bacteria	5449	104	58	99.66	7.76	37.50	3467267	0	367	367	21375	21375	9447	9447	95724	95724	51.8	5.55	81.65	11	3339	1	97	5	1	0	0
maxbin.003	Bacteria	5449	104	58	89.66	22.88	12.50	1661407	0	475	475	4203	4203	3497	3497	42935	42935	37.5	5.31	87.63	11	1941	8	58	33	5	0	0
maxbin.004	Bacteria	5449	104	58	89.66	19.20	10.00	3605140	0	706	706	13195	13195	5106	5106	163412	163412	35.7	5.41	85.53	11	3911	32	54	10	6	2	0
maxbin.005	Bacteria	5449	104	58	62.65	15.52	86.67	2739230	0	440	440	14137	14137	6225	6225	76237	76237	50.6	3.47	83.22	11	2966	44	49	9	2	0	0
maxbin.006	Bacteria	5449	104	58	98.28	15.94	25.00	3437012	0	472	472	22265	22265	7281	7281	175819	175819	37.1	5.42	85.65	11	3669	2	84	15	3	0	0
maxbin.007	Bacteria	5449	104	58	0.00	0.00	0.00	477703	0	120	120	5174	5174	3980	3980	29792	29792	51.3	5.56	77.62	11	529	104	0	0	0	0	0
maxbin.008	Bacteria	5449	104	58	85.92	31.03	79.17	4255717	0	784	784	13269	13269	5428	5428	61068	61068	52.3	2.84	85.98	11	4514	28	54	21	1	0	0
maxbin.009	Bacteria	5449	104	58	50.00	26.02	73.91	2679108	0	1351	1351	2062	2062	1983	1983	33021	33021	37.0	1.55	91.62	11	3236	59	30	11	4	0	0
maxbin.010	Bacteria	5449	104	58	58.83	50.00	53.49	3553008	0	1422	1422	2926	2926	2498	2498	38201	38201	33.8	1.61	87.07	11	4801	65	20	10	7	2	0
maxbin.011	Bacteria	5449	104	58	40.36	19.93	23.33	4733466	0	1876	1876	2986	2986	2523	2523	38972	38972	44.0	2.80	75.12	11	6069	42	29	14	8	7	4
maxbin.012	Bacteria	5449	104	58	25.82	4.39	22.22	5418527	0	2614	2614	2225	2225	2072	2072	31358	31358	29.1	2.69	65.96	11	6628	73	24	6	1	0	0
maxbin.013	Bacteria	5449	104	58	69.83	3.45	0.00	2784584	0	1126	1126	2951	2951	2472	2472	14399	14399	37.5	2.39	83.25	11	3605	56	46	2	0	0	0
maxbin.014	Bacteria	5449	104	58	84.73	47.55	32.43	6200897	0	2832	2832	2593	2593	2189	2189	26959	26959	36.3	5.22	75.81	11	7423	36	37	28	3	0	0
SRR27931721.001	Bacteria	5449	104	58	99.66	0.00	0.00	3430635	0	213	213	27039	27039	16106	16106	91968	91968	55.6	4.32	85.45	11	3142	1	103	0	0	0	0
SRR27931721.002	Bacteria	5449	104	58	1.72	0.00	0.00	318660	0	77	77	7555	7555	4138	4138	25579	25579	47.5	5.98	75.25	11	337	103	1	0	0	0	0
SRR27931721.003	Bacteria	5449	104	58	95.69	4.31	100.00	3139111	0	288	288	21977	21977	10899	10899	159585	159585	52.0	4.23	82.25	11	2945	3	98	3	0	0	0
SRR27931721.004	Bacteria	5449	104	58	93.10	9.74	86.67	1328850	0	388	388	4339	4339	3424	3424	72001	72001	36.1	5.09	86.51	11	1547	4	85	15	0	0	0
SRR27931721.005	Bacteria	5449	104	58	5.17	0.00	0.00	517577	0	116	116	6494	6494	4461	4461	70657	70657	51.0	2.93	84.19	11	602	101	3	0	0	0	0
SRR27931721.006	Bacteria	5449	104	58	100.00	14.29	6.67	3534435	0	730	730	11722	11722	4841	4841	95471	95471	36.8	5.88	86.89	11	3924	0	91	12	1	0	0
SRR27931721.007	Bacteria	5449	104	58	97.07	44.29	3.70	5269687	0	1052	1052	11183	11183	5009	5009	146250	146250	35.9	3.44	85.26	11	5992	13	50	38	2	0	1
SRR27931721.008	Bacteria	5449	104	58	80.05	32.76	95.65	4018343	0	479	479	18214	18214	8389	8389	76923	76923	50.8	2.79	82.85	11	4038	30	51	23	0	0	0
SRR27931721.009	Bacteria	5449	104	58	0.00	0.00	0.00	436277	0	127	127	5007	5007	3435	3435	16021	16021	50.6	8.27	77.56	11	457	104	0	0	0	0	0
SRR27931721.010	Bacteria	5449	104	58	60.75	15.67	58.33	2611378	0	649	649	8398	8398	4023	4023	81577	81577	53.3	2.70	88.50	11	2973	44	48	12	0	0	0
SRR27931721.011	Bacteria	5449	104	58	72.73	56.66	60.61	3597340	0	1645	1645	2354	2354	2186	2186	109645	109645	35.9	2.00	90.82	11	4588	43	36	15	6	3	1
SRR27931721.012	Bacteria	5449	104	58	41.93	12.79	29.63	4522970	0	1767	1767	3133	3133	2559	2559	53711	53711	44.7	2.70	74.53	11	5913	41	37	15	9	2	0
SRR27931721.013	Bacteria	5449	104	58	14.81	4.39	22.22	4832747	0	2219	2219	2290	2290	2177	2177	61796	61796	28.3	2.61	68.69	11	5981	84	13	6	1	0	0
SRR27931721.014	Bacteria	5449	104	58	39.47	31.55	12.82	4770852	0	2259	2259	2251	2251	2111	2111	39766	39766	33.7	1.65	71.56	11	6040	73	19	7	2	1	2
SRR27931721.015	Bacteria	5449	104	58	45.14	3.45	0.00	1678012	0	545	545	4100	4100	3078	3078	22402	22402	38.0	1.54	83.16	11	2059	72	30	2	0	0	0
SRR27931721.016	Bacteria	5449	104	58	60.41	27.06	26.32	2537792	0	1188	1188	2294	2294	2136	2136	17932	17932	39.0	1.75	90.00	11	3231	44	30	26	4	0	0
SRR27931721.017	Bacteria	5449	104	58	73.04	30.33	25.00	3624606	0	1288	1288	3920	3920	2814	2814	23465	23465	37.1	6.84	83.67	11	4353	51	31	21	1	0	0
maxbin.001	Bacteria	5449	104	58	99.66	0.00	0.00	3430635	0	213	213	27039	27039	16106	16106	91968	91968	55.6	4.32	85.45	11	3142	1	103	0	0	0	0
maxbin.002	Bacteria	5449	104	58	1.72	0.00	0.00	318660	0	77	77	7555	7555	4138	4138	25579	25579	47.5	5.98	75.25	11	337	103	1	0	0	0	0
maxbin.003	Bacteria	5449	104	58	95.69	4.31	100.00	3139111	0	288	288	21977	21977	10899	10899	159585	159585	52.0	4.23	82.25	11	2945	3	98	3	0	0	0
maxbin.004	Bacteria	5449	104	58	93.10	9.74	86.67	1328850	0	388	388	4339	4339	3424	3424	72001	72001	36.1	5.09	86.51	11	1547	4	85	15	0	0	0
maxbin.005	Bacteria	5449	104	58	5.17	0.00	0.00	517577	0	116	116	6494	6494	4461	4461	70657	70657	51.0	2.93	84.19	11	602	101	3	0	0	0	0
maxbin.006	Bacteria	5449	104	58	100.00	14.29	6.67	3534435	0	730	730	11722	11722	4841	4841	95471	95471	36.8	5.88	86.89	11	3924	0	91	12	1	0	0
maxbin.007	Bacteria	5449	104	58	97.07	44.29	3.70	5269687	0	1052	1052	11183	11183	5009	5009	146250	146250	35.9	3.44	85.26	11	5992	13	50	38	2	0	1
maxbin.008	Bacteria	5449	104	58	80.05	32.76	95.65	4018343	0	479	479	18214	18214	8389	8389	76923	76923	50.8	2.79	82.85	11	4038	30	51	23	0	0	0
maxbin.009	Bacteria	5449	104	58	0.00	0.00	0.00	436277	0	127	127	5007	5007	3435	3435	16021	16021	50.6	8.27	77.56	11	457	104	0	0	0	0	0
maxbin.010	Bacteria	5449	104	58	60.75	15.67	58.33	2611378	0	649	649	8398	8398	4023	4023	81577	81577	53.3	2.70	88.50	11	2973	44	48	12	0	0	0
maxbin.011	Bacteria	5449	104	58	72.73	56.66	60.61	3597340	0	1645	1645	2354	2354	2186	2186	109645	109645	35.9	2.00	90.82	11	4588	43	36	15	6	3	1
maxbin.012	Bacteria	5449	104	58	41.93	12.79	29.63	4522970	0	1767	1767	3133	3133	2559	2559	53711	53711	44.7	2.70	74.53	11	5913	41	37	15	9	2	0
maxbin.013	Bacteria	5449	104	58	14.81	4.39	22.22	4832747	0	2219	2219	2290	2290	2177	2177	61796	61796	28.3	2.61	68.69	11	5981	84	13	6	1	0	0
maxbin.014	Bacteria	5449	104	58	39.47	31.55	12.82	4770852	0	2259	2259	2251	2251	2111	2111	39766	39766	33.7	1.65	71.56	11	6040	73	19	7	2	1	2
maxbin.015	Bacteria	5449	104	58	45.14	3.45	0.00	1678012	0	545	545	4100	4100	3078	3078	22402	22402	38.0	1.54	83.16	11	2059	72	30	2	0	0	0
maxbin.016	Bacteria	5449	104	58	60.41	27.06	26.32	2537792	0	1188	1188	2294	2294	2136	2136	17932	17932	39.0	1.75	90.00	11	3231	44	30	26	4	0	0
maxbin.017	Bacteria	5449	104	58	73.04	30.33	25.00	3624606	0	1288	1288	3920	3920	2814	2814	23465	23465	37.1	6.84	83.67	11	4353	51	31	21	1	0	0
SRR27931722.001	Bacteria	5449	104	58	94.83	16.95	43.48	2851698	0	807	807	4732	4732	3533	3533	103039	103039	39.0	6.21	82.51	11	3193	3	82	17	2	0	0
SRR27931722.002	Bacteria	5449	104	58	42.89	7.76	20.00	1664922	0	627	627	3258	3258	2655	2655	36161	36161	37.0	5.33	82.55	11	1945	67	32	5	0	0	0
SRR27931722.003	Bacteria	5449	104	58	59.92	37.92	21.88	5400930	0	2031	2031	3242	3242	2659	2659	130608	130608	33.5	4.73	78.52	11	7219	54	28	17	5	0	0
SRR27931722.004	Bacteria	5449	104	58	73.89	33.54	3.33	3179150	0	1638	1638	1991	1991	1940	1940	15412	15412	37.2	4.39	86.19	11	4248	37	41	24	2	0	0
SRR27931722.005	Bacteria	5449	104	58	31.92	11.76	8.82	1781132	0	1211	1211	1375	1375	1470	1470	12852	12852	43.5	9.68	75.51	11	2539	50	30	19	5	0	0
maxbin.001	Bacteria	5449	104	58	94.83	16.95	43.48	2851698	0	807	807	4732	4732	3533	3533	103039	103039	39.0	6.21	82.51	11	3193	3	82	17	2	0	0
maxbin.002	Bacteria	5449	104	58	42.89	7.76	20.00	1664922	0	627	627	3258	3258	2655	2655	36161	36161	37.0	5.33	82.55	11	1945	67	32	5	0	0	0
maxbin.003	Bacteria	5449	104	58	59.92	37.92	21.88	5400930	0	2031	2031	3242	3242	2659	2659	130608	130608	33.5	4.73	78.52	11	7219	54	28	17	5	0	0
maxbin.004	Bacteria	5449	104	58	73.89	33.54	3.33	3179150	0	1638	1638	1991	1991	1940	1940	15412	15412	37.2	4.39	86.19	11	4248	37	41	24	2	0	0
maxbin.005	Bacteria	5449	104	58	31.92	11.76	8.82	1781132	0	1211	1211	1375	1375	1470	1470	12852	12852	43.5	9.68	75.51	11	2539	50	30	19	5	0	0
SRR27931723.001	Bacteria	5449	104	58	98.12	16.28	73.91	2696867	0	799	799	4340	4340	3375	3375	139816	139816	40.3	5.82	82.19	11	2956	2	83	17	2	0	0
SRR27931723.002	Bacteria	5449	104	58	86.66	42.77	11.76	5833260	0	2189	2189	3178	3178	2664	2664	71164	71164	32.5	5.45	80.12	11	7697	37	40	20	5	1	1
SRR27931723.003	Bacteria	5449	104	58	90.67	51.00	5.19	4865413	0	2568	2568	1893	1893	1894	1894	59751	59751	39.5	6.92	84.50	11	6633	15	46	31	10	1	1
maxbin.001	Bacteria	5449	104	58	98.12	16.28	73.91	2696867	0	799	799	4340	4340	3375	3375	139816	139816	40.3	5.82	82.19	11	2956	2	83	17	2	0	0
maxbin.002	Bacteria	5449	104	58	86.66	42.77	11.76	5833260	0	2189	2189	3178	3178	2664	2664	71164	71164	32.5	5.45	80.12	11	7697	37	40	20	5	1	1
maxbin.003	Bacteria	5449	104	58	90.67	51.00	5.19	4865413	0	2568	2568	1893	1893	1894	1894	59751	59751	39.5	6.92	84.50	11	6633	15	46	31	10	1	1
SRR27931726.001	Bacteria	5449	104	58	97.93	0.00	0.00	3576856	0	247	247	22214	22214	14481	14481	98334	98334	55.5	4.31	85.03	11	3259	2	102	0	0	0	0
SRR27931726.002	Bacteria	5449	104	58	8.62	0.00	0.00	495552	0	126	126	6076	6076	3932	3932	34115	34115	43.1	4.56	73.22	11	609	74	30	0	0	0	0
SRR27931726.003	Bacteria	5449	104	58	98.79	3.06	100.00	2770115	0	286	286	18772	18772	9685	9685	67938	67938	52.3	3.31	83.54	11	2661	2	96	6	0	0	0
SRR27931726.004	Bacteria	5449	104	58	100.00	25.99	0.00	2457738	0	327	327	21555	21555	7516	7516	81366	81366	38.9	5.39	88.02	11	2541	0	61	40	3	0	0
SRR27931726.005	Bacteria	5449	104	58	86.84	24.37	54.17	1631176	0	500	500	3991	3991	3262	3262	161552	161552	36.2	3.15	90.86	11	1925	32	50	21	1	0	0
SRR27931726.006	Bacteria	5449	104	58	56.30	6.90	100.00	2134476	0	312	312	19176	19176	6841	6841	67255	67255	50.8	2.90	83.54	11	2226	48	52	4	0	0	0
SRR27931726.007	Bacteria	5449	104	58	13.89	4.08	14.29	1096372	0	248	248	6827	6827	4420	4420	48790	48790	31.1	4.18	77.70	11	1306	78	21	4	1	0	0
SRR27931726.008	Bacteria	5449	104	58	88.39	41.96	59.46	4079485	0	572	572	11849	11849	7131	7131	104055	104055	36.3	2.69	88.70	11	4365	20	55	25	4	0	0
SRR27931726.009	Bacteria	5449	104	58	90.53	42.24	79.31	5073386	0	833	833	15445	15445	6090	6090	189988	189988	52.0	4.39	84.46	11	5313	18	59	26	1	0	0
SRR27931726.010	Bacteria	5449	104	58	80.28	68.42	48.61	5993162	0	2643	2643	2478	2478	2267	2267	60667	60667	35.5	2.26	86.75	11	7780	32	44	17	5	5	1
SRR27931726.011	Bacteria	5449	104	58	29.31	13.68	16.36	4279007	0	1822	1822	2598	2598	2348	2348	66363	66363	44.6	3.04	76.29	11	5781	55	23	15	10	0	1
SRR27931726.012	Bacteria	5449	104	58	91.10	70.14	44.83	6219549	0	2639	2639	2600	2600	2356	2356	88874	88874	37.0	2.18	80.79	11	7794	32	33	31	7	1	0
SRR27931726.013	Bacteria	5449	104	58	22.24	6.90	0.00	6629998	0	3920	3920	1580	1580	1691	1691	22678	22678	30.5	4.86	57.70	11	7952	88	12	4	0	0	0
maxbin.001	Bacteria	5449	104	58	97.93	0.00	0.00	3576856	0	247	247	22214	22214	14481	14481	98334	98334	55.5	4.31	85.03	11	3259	2	102	0	0	0	0
maxbin.002	Bacteria	5449	104	58	8.62	0.00	0.00	495552	0	126	126	6076	6076	3932	3932	34115	34115	43.1	4.56	73.22	11	609	74	30	0	0	0	0
maxbin.003	Bacteria	5449	104	58	98.79	3.06	100.00	2770115	0	286	286	18772	18772	9685	9685	67938	67938	52.3	3.31	83.54	11	2661	2	96	6	0	0	0
maxbin.004	Bacteria	5449	104	58	100.00	25.99	0.00	2457738	0	327	327	21555	21555	7516	7516	81366	81366	38.9	5.39	88.02	11	2541	0	61	40	3	0	0
maxbin.005	Bacteria	5449	104	58	86.84	24.37	54.17	1631176	0	500	500	3991	3991	3262	3262	161552	161552	36.2	3.15	90.86	11	1925	32	50	21	1	0	0
maxbin.006	Bacteria	5449	104	58	56.30	6.90	100.00	2134476	0	312	312	19176	19176	6841	6841	67255	67255	50.8	2.90	83.54	11	2226	48	52	4	0	0	0
maxbin.007	Bacteria	5449	104	58	13.89	4.08	14.29	1096372	0	248	248	6827	6827	4420	4420	48790	48790	31.1	4.18	77.70	11	1306	78	21	4	1	0	0
maxbin.008	Bacteria	5449	104	58	88.39	41.96	59.46	4079485	0	572	572	11849	11849	7131	7131	104055	104055	36.3	2.69	88.70	11	4365	20	55	25	4	0	0
maxbin.009	Bacteria	5449	104	58	90.53	42.24	79.31	5073386	0	833	833	15445	15445	6090	6090	189988	189988	52.0	4.39	84.46	11	5313	18	59	26	1	0	0
maxbin.010	Bacteria	5449	104	58	80.28	68.42	48.61	5993162	0	2643	2643	2478	2478	2267	2267	60667	60667	35.5	2.26	86.75	11	7780	32	44	17	5	5	1
maxbin.011	Bacteria	5449	104	58	29.31	13.68	16.36	4279007	0	1822	1822	2598	2598	2348	2348	66363	66363	44.6	3.04	76.29	11	5781	55	23	15	10	0	1
maxbin.012	Bacteria	5449	104	58	91.10	70.14	44.83	6219549	0	2639	2639	2600	2600	2356	2356	88874	88874	37.0	2.18	80.79	11	7794	32	33	31	7	1	0
maxbin.013	Bacteria	5449	104	58	22.24	6.90	0.00	6629998	0	3920	3920	1580	1580	1691	1691	22678	22678	30.5	4.86	57.70	11	7952	88	12	4	0	0	0
SRR27931727.001	Bacteria	5449	104	58	97.93	3.45	100.00	3447714	0	222	222	26458	26458	15530	15530	103140	103140	55.7	3.53	85.85	11	3177	2	100	2	0	0	0
SRR27931727.002	Bacteria	5449	104	58	100.00	3.45	0.00	3160764	0	318	318	23341	23341	9939	9939	124108	124108	51.5	5.58	81.39	11	2988	0	102	2	0	0	0
SRR27931727.003	Bacteria	5449	104	58	84.48	10.58	2.70	1922927	0	293	293	31899	31899	6562	6562	81761	81761	40.4	7.51	87.27	11	2147	11	56	37	0	0	0
SRR27931727.004	Bacteria	5449	104	58	93.03	17.24	8.33	3419639	0	297	297	25896	25896	11513	11513	112295	112295	36.7	6.88	87.98	11	3481	34	58	12	0	0	0
SRR27931727.005	Bacteria	5449	104	58	93.67	1.72	100.00	3753536	0	546	546	17784	17784	6874	6874	68240	68240	51.3	3.69	84.07	11	3987	18	84	2	0	0	0
SRR27931727.006	Bacteria	5449	104	58	98.28	9.48	62.50	3234721	0	378	378	52320	52320	8557	8557	237144	237144	36.9	4.44	88.25	11	3675	2	94	8	0	0	0
SRR27931727.007	Bacteria	5449	104	58	87.88	7.05	20.00	4053412	0	1085	1085	6295	6295	3735	3735	60426	60426	52.0	3.25	85.24	11	4665	31	68	5	0	0	0
SRR27931727.008	Bacteria	5449	104	58	96.55	58.03	15.96	4468537	0	1962	1962	2501	2501	2277	2277	29053	29053	40.7	3.85	86.51	11	6006	2	46	43	9	4	0
SRR27931727.009	Bacteria	5449	104	58	45.30	7.76	0.00	5202684	0	2563	2563	2196	2196	2029	2029	18533	18533	35.6	8.74	82.48	11	7395	71	29	3	1	0	0
maxbin.001	Bacteria	5449	104	58	97.93	3.45	100.00	3447714	0	222	222	26458	26458	15530	15530	103140	103140	55.7	3.53	85.85	11	3177	2	100	2	0	0	0
maxbin.002	Bacteria	5449	104	58	100.00	3.45	0.00	3160764	0	318	318	23341	23341	9939	9939	124108	124108	51.5	5.58	81.39	11	2988	0	102	2	0	0	0
maxbin.003	Bacteria	5449	104	58	84.48	10.58	2.70	1922927	0	293	293	31899	31899	6562	6562	81761	81761	40.4	7.51	87.27	11	2147	11	56	37	0	0	0
maxbin.004	Bacteria	5449	104	58	93.03	17.24	8.33	3419639	0	297	297	25896	25896	11513	11513	112295	112295	36.7	6.88	87.98	11	3481	34	58	12	0	0	0
maxbin.005	Bacteria	5449	104	58	93.67	1.72	100.00	3753536	0	546	546	17784	17784	6874	6874	68240	68240	51.3	3.69	84.07	11	3987	18	84	2	0	0	0
maxbin.006	Bacteria	5449	104	58	98.28	9.48	62.50	3234721	0	378	378	52320	52320	8557	8557	237144	237144	36.9	4.44	88.25	11	3675	2	94	8	0	0	0
maxbin.007	Bacteria	5449	104	58	87.88	7.05	20.00	4053412	0	1085	1085	6295	6295	3735	3735	60426	60426	52.0	3.25	85.24	11	4665	31	68	5	0	0	0
maxbin.008	Bacteria	5449	104	58	96.55	58.03	15.96	4468537	0	1962	1962	2501	2501	2277	2277	29053	29053	40.7	3.85	86.51	11	6006	2	46	43	9	4	0
maxbin.009	Bacteria	5449	104	58	45.30	7.76	0.00	5202684	0	2563	2563	2196	2196	2029	2029	18533	18533	35.6	8.74	82.48	11	7395	71	29	3	1	0	0
SRR27931728.001	Bacteria	5449	104	58	47.34	0.16	100.00	857338	0	208	208	4834	4834	4121	4121	142756	142756	41.7	7.26	83.74	11	875	45	58	1	0	0	0
SRR27931728.002	Bacteria	5449	104	58	57.76	14.89	84.21	1785919	0	560	560	4043	4043	3189	3189	21679	21679	40.2	6.42	81.81	11	1837	54	39	7	4	0	0
SRR27931728.003	Bacteria	5449	104	58	21.55	2.59	33.33	2000269	0	586	586	4636	4636	3413	3413	64725	64725	33.8	7.61	80.34	11	2454	87	14	3	0	0	0
SRR27931728.004	Bacteria	5449	104	58	94.83	34.93	14.49	3465313	0	368	368	18369	18369	9416	9416	63755	63755	49.0	5.68	81.71	11	3244	3	47	48	5	1	0
SRR27931728.005	Bacteria	5449	104	58	77.59	26.18	50.00	3524117	0	365	365	13962	13962	9655	9655	61452	61452	55.5	4.90	85.65	11	3260	42	44	17	1	0	0
SRR27931728.006	Bacteria	5449	104	58	98.28	88.09	19.51	4783170	0	1254	1254	6622	6622	3814	3814	78718	78718	37.4	2.72	88.95	11	5296	1	50	37	9	4	3
SRR27931728.007	Bacteria	5449	104	58	15.52	6.90	57.14	1709584	0	483	483	4710	4710	3539	3539	66431	66431	31.6	2.80	80.33	11	2259	94	8	1	0	1	0
SRR27931728.008	Bacteria	5449	104	58	73.05	41.38	36.67	1630249	0	289	289	12150	12150	5641	5641	125923	125923	33.8	3.04	89.38	11	1813	54	26	21	3	0	0
SRR27931728.009	Bacteria	5449	104	58	26.88	3.45	100.00	1515524	0	457	457	4331	4331	3316	3316	42306	42306	33.9	2.20	85.72	11	1945	87	15	2	0	0	0
SRR27931728.010	Bacteria	5449	104	58	86.91	7.07	71.43	2547657	0	223	223	27429	27429	11424	11424	102476	102476	36.7	2.04	88.45	11	2616	19	78	7	0	0	0
SRR27931728.011	Bacteria	5449	104	58	74.39	13.07	23.53	2856053	0	462	462	10374	10374	6181	6181	51020	51020	50.9	2.23	80.22	11	2929	25	64	14	1	0	0
SRR27931728.012	Bacteria	5449	104	58	55.52	63.32	55.84	4598122	0	2094	2094	2310	2310	2195	2195	34726	34726	36.6	2.17	90.77	11	5639	57	18	19	5	3	2
SRR27931728.013	Bacteria	5449	104	58	88.20	27.04	61.90	2549837	0	282	282	16402	16402	9041	9041	53494	53494	37.5	1.82	88.92	11	2763	36	49	18	1	0	0
SRR27931728.014	Bacteria	5449	104	58	6.27	1.41	16.67	2908003	0	977	977	3893	3893	2976	2976	130918	130918	25.0	2.57	74.10	11	3389	94	4	3	3	0	0
SRR27931728.015	Bacteria	5449	104	58	78.86	34.37	43.75	3041805	0	728	728	6525	6525	4178	4178	39825	39825	52.9	2.22	86.36	11	3336	30	46	26	2	0	0
SRR27931728.016	Bacteria	5449	104	58	48.12	24.43	19.02	4854281	0	1837	1837	3105	3105	2642	2642	65668	65668	44.7	2.34	74.13	11	6370	36	29	12	10	11	6
SRR27931728.017	Bacteria	5449	104	58	34.58	15.27	43.75	7200165	0	2921	2921	2784	2784	2464	2464	133981	133981	31.9	2.05	78.10	11	9788	64	24	16	0	0	0
SRR27931728.018	Bacteria	5449	104	58	77.90	0.00	0.00	2318994	0	629	629	5416	5416	3686	3686	22124	22124	38.3	2.10	85.34	11	2741	49	55	0	0	0	0
SRR27931728.019	Bacteria	5449	104	58	80.88	11.83	38.89	2173280	0	590	590	7520	7520	3683	3683	48531	48531	38.7	1.94	87.87	11	2497	38	54	9	3	0	0
SRR27931728.020	Bacteria	5449	104	58	89.22	59.83	20.00	6766433	0	2468	2468	3556	3556	2741	2741	34845	34845	54.1	3.44	86.09	11	8390	26	46	23	9	0	0
SRR27931728.021	Bacteria	5449	104	58	68.36	47.02	9.30	5104987	0	2882	2882	1798	1798	1771	1771	11640	11640	37.5	7.27	82.74	11	7394	32	44	22	5	1	0
maxbin.001	Bacteria	5449	104	58	47.34	0.16	100.00	857338	0	208	208	4834	4834	4121	4121	142756	142756	41.7	7.26	83.74	11	875	45	58	1	0	0	0
maxbin.002	Bacteria	5449	104	58	57.76	14.89	84.21	1785919	0	560	560	4043	4043	3189	3189	21679	21679	40.2	6.42	81.81	11	1837	54	39	7	4	0	0
maxbin.003	Bacteria	5449	104	58	21.55	2.59	33.33	2000269	0	586	586	4636	4636	3413	3413	64725	64725	33.8	7.61	80.34	11	2454	87	14	3	0	0	0
maxbin.004	Bacteria	5449	104	58	94.83	34.93	14.49	3465313	0	368	368	18369	18369	9416	9416	63755	63755	49.0	5.68	81.71	11	3244	3	47	48	5	1	0
maxbin.005	Bacteria	5449	104	58	77.59	26.18	50.00	3524117	0	365	365	13962	13962	9655	9655	61452	61452	55.5	4.90	85.65	11	3260	42	44	17	1	0	0
maxbin.006	Bacteria	5449	104	58	98.28	88.09	19.51	4783170	0	1254	1254	6622	6622	3814	3814	78718	78718	37.4	2.72	88.95	11	5296	1	50	37	9	4	3
maxbin.007	Bacteria	5449	104	58	15.52	6.90	57.14	1709584	0	483	483	4710	4710	3539	3539	66431	66431	31.6	2.80	80.33	11	2259	94	8	1	0	1	0
maxbin.008	Bacteria	5449	104	58	73.05	41.38	36.67	1630249	0	289	289	12150	12150	5641	5641	125923	125923	33.8	3.04	89.38	11	1813	54	26	21	3	0	0
maxbin.009	Bacteria	5449	104	58	26.88	3.45	100.00	1515524	0	457	457	4331	4331	3316	3316	42306	42306	33.9	2.20	85.72	11	1945	87	15	2	0	0	0
maxbin.010	Bacteria	5449	104	58	86.91	7.07	71.43	2547657	0	223	223	27429	27429	11424	11424	102476	102476	36.7	2.04	88.45	11	2616	19	78	7	0	0	0
maxbin.011	Bacteria	5449	104	58	74.39	13.07	23.53	2856053	0	462	462	10374	10374	6181	6181	51020	51020	50.9	2.23	80.22	11	2929	25	64	14	1	0	0
maxbin.012	Bacteria	5449	104	58	55.52	63.32	55.84	4598122	0	2094	2094	2310	2310	2195	2195	34726	34726	36.6	2.17	90.77	11	5639	57	18	19	5	3	2
maxbin.013	Bacteria	5449	104	58	88.20	27.04	61.90	2549837	0	282	282	16402	16402	9041	9041	53494	53494	37.5	1.82	88.92	11	2763	36	49	18	1	0	0
maxbin.014	Bacteria	5449	104	58	6.27	1.41	16.67	2908003	0	977	977	3893	3893	2976	2976	130918	130918	25.0	2.57	74.10	11	3389	94	4	3	3	0	0
maxbin.015	Bacteria	5449	104	58	78.86	34.37	43.75	3041805	0	728	728	6525	6525	4178	4178	39825	39825	52.9	2.22	86.36	11	3336	30	46	26	2	0	0
maxbin.016	Bacteria	5449	104	58	48.12	24.43	19.02	4854281	0	1837	1837	3105	3105	2642	2642	65668	65668	44.7	2.34	74.13	11	6370	36	29	12	10	11	6
maxbin.017	Bacteria	5449	104	58	34.58	15.27	43.75	7200165	0	2921	2921	2784	2784	2464	2464	133981	133981	31.9	2.05	78.10	11	9788	64	24	16	0	0	0
maxbin.018	Bacteria	5449	104	58	77.90	0.00	0.00	2318994	0	629	629	5416	5416	3686	3686	22124	22124	38.3	2.10	85.34	11	2741	49	55	0	0	0	0
maxbin.019	Bacteria	5449	104	58	80.88	11.83	38.89	2173280	0	590	590	7520	7520	3683	3683	48531	48531	38.7	1.94	87.87	11	2497	38	54	9	3	0	0
maxbin.020	Bacteria	5449	104	58	89.22	59.83	20.00	6766433	0	2468	2468	3556	3556	2741	2741	34845	34845	54.1	3.44	86.09	11	8390	26	46	23	9	0	0
maxbin.021	Bacteria	5449	104	58	68.36	47.02	9.30	5104987	0	2882	2882	1798	1798	1771	1771	11640	11640	37.5	7.27	82.74	11	7394	32	44	22	5	1	0
SRR27931729.001	Bacteria	5449	104	58	25.00	0.57	100.00	528539	0	88	88	11160	11160	6006	6006	102141	102141	45.5	11.14	80.02	11	495	60	43	1	0	0	0
SRR27931729.002	Bacteria	5449	104	58	73.85	12.54	72.73	1854600	0	584	584	3940	3940	3175	3175	21585	21585	38.8	5.38	83.08	11	2019	43	52	8	1	0	0
SRR27931729.003	Bacteria	5449	104	58	15.52	6.90	50.00	1553520	0	438	438	5318	5318	3546	3546	59989	59989	33.7	8.49	79.22	11	1859	95	5	4	0	0	0
SRR27931729.004	Bacteria	5449	104	58	43.10	8.20	15.00	726443	0	64	64	16520	16520	11350	11350	53650	53650	51.4	1.60	84.18	11	698	39	47	17	1	0	0
SRR27931729.005	Bacteria	5449	104	58	30.46	6.90	75.00	899818	0	84	84	17821	17821	10712	10712	42804	42804	49.6	2.11	78.74	11	854	68	32	4	0	0	0
SRR27931729.006	Bacteria	5449	104	58	0.00	0.00	0.00	187671	0	39	39	6434	6434	4812	4812	13691	13691	49.4	2.48	76.42	4	242	104	0	0	0	0	0
SRR27931729.007	Bacteria	5449	104	58	0.78	0.00	0.00	200253	0	17	17	102337	102337	11779	11779	102337	102337	23.5	23.81	92.09	11	166	99	5	0	0	0	0
SRR27931729.008	Bacteria	5449	104	58	50.86	10.34	58.33	1561453	0	180	180	17012	17012	8674	8674	65371	65371	51.3	2.43	83.17	11	1509	70	26	6	2	0	0
SRR27931729.009	Bacteria	5449	104	58	98.28	52.37	10.53	3389835	0	821	821	7167	7167	4128	4128	66652	66652	37.5	2.52	87.77	11	3781	1	60	36	7	0	0
SRR27931729.010	Bacteria	5449	104	58	68.97	12.93	42.86	3567647	0	349	349	15643	15643	10222	10222	74750	74750	55.7	2.56	85.23	11	3274	48	49	5	1	1	0
SRR27931729.011	Bacteria	5449	104	58	32.24	0.86	100.00	1781702	0	479	479	5179	5179	3719	3719	41143	41143	32.0	3.24	81.61	11	2341	82	21	1	0	0	0
SRR27931729.012	Bacteria	5449	104	58	76.93	63.40	34.33	3065095	0	703	703	7658	7658	4360	4360	77229	77229	34.4	2.80	87.50	11	3491	46	31	15	8	3	1
SRR27931729.013	Bacteria	5449	104	58	43.84	19.07	27.78	1411993	0	664	664	2246	2246	2126	2126	13772	13772	38.0	2.95	89.86	11	1789	43	38	18	4	1	0
SRR27931729.014	Bacteria	5449	104	58	85.94	11.36	66.67	2678756	0	243	243	23863	23863	11023	11023	87105	87105	36.7	1.98	88.10	11	2789	37	58	9	0	0	0
SRR27931729.015	Bacteria	5449	104	58	59.76	8.34	23.53	2848953	0	519	519	9452	9452	5489	5489	48726	48726	51.2	1.56	80.76	11	2972	36	55	11	2	0	0
SRR27931729.016	Bacteria	5449	104	58	4.08	0.00	0.00	959421	0	411	411	2622	2622	2334	2334	28361	28361	38.5	2.08	95.76	11	782	98	6	0	0	0	0
SRR27931729.017	Bacteria	5449	104	58	12.66	4.31	0.00	2707986	0	748	748	5265	5265	3620	3620	110638	110638	31.2	2.16	78.01	11	3392	87	14	3	0	0	0
SRR27931729.018	Bacteria	5449	104	58	39.58	20.92	44.44	1156839	0	648	648	1742	1742	1785	1785	26283	26283	37.6	2.12	91.23	11	1565	63	27	9	4	1	0
SRR27931729.019	Bacteria	5449	104	58	4.55	1.25	18.18	2672363	0	867	867	4322	4322	3082	3082	107081	107081	24.9	2.50	74.01	11	3162	95	3	5	0	1	0
SRR27931729.020	Bacteria	5449	104	58	46.87	24.14	14.81	4209671	0	1773	1773	2675	2675	2374	2374	37174	37174	34.0	1.75	84.95	11	5877	73	24	4	1	0	2
SRR27931729.021	Bacteria	5449	104	58	42.06	16.50	4.41	4911278	0	1859	1859	3215	3215	2641	2641	47461	47461	45.3	2.48	73.25	11	6424	44	26	20	12	2	0
SRR27931729.022	Bacteria	5449	104	58	75.16	33.15	36.11	2307010	0	677	677	4733	4733	3407	3407	30007	30007	53.6	2.01	88.10	11	2570	31	47	21	5	0	0
SRR27931729.023	Bacteria	5449	104	58	84.56	23.35	42.31	2655914	0	501	501	10148	10148	5301	5301	49412	49412	37.1	1.85	87.43	11	3053	38	47	17	1	1	0
SRR27931729.024	Bacteria	5449	104	58	82.45	40.83	32.35	5142713	0	2137	2137	2791	2791	2406	2406	25308	25308	54.3	3.28	85.85	11	6632	42	39	19	3	1	0
SRR27931729.025	Bacteria	5449	104	58	66.61	9.48	0.00	2447113	0	1069	1069	2674	2674	2289	2289	14504	14504	38.8	1.98	84.13	11	3270	52	46	6	0	0	0
SRR27931729.026	Bacteria	5449	104	58	80.69	30.59	33.33	2347036	0	859	859	3606	3606	2732	2732	39352	39352	39.1	1.61	89.10	11	2971	24	51	27	1	1	0
SRR27931729.027	Bacteria	5449	104	58	16.11	4.48	20.00	2730322	0	1540	1540	1764	1764	1772	1772	26066	26066	31.9	2.12	75.58	11	3969	86	13	5	0	0	0
SRR27931729.028	Bacteria	5449	104	58	49.61	15.00	25.00	2015353	0	1140	1140	1757	1757	1767	1767	13338	13338	36.6	5.22	81.42	11	2928	53	39	12	0	0	0
SRR27931729.029	Bacteria	5449	104	58	3.21	0.00	0.00	564181	0	437	437	1256	1256	1291	1291	3858	3858	39.8	15.36	72.16	11	686	98	6	0	0	0	0
maxbin.001	Bacteria	5449	104	58	25.00	0.57	100.00	528539	0	88	88	11160	11160	6006	6006	102141	102141	45.5	11.14	80.02	11	495	60	43	1	0	0	0
maxbin.002	Bacteria	5449	104	58	73.85	12.54	72.73	1854600	0	584	584	3940	3940	3175	3175	21585	21585	38.8	5.38	83.08	11	2019	43	52	8	1	0	0
maxbin.003	Bacteria	5449	104	58	15.52	6.90	50.00	1553520	0	438	438	5318	5318	3546	3546	59989	59989	33.7	8.49	79.22	11	1859	95	5	4	0	0	0
maxbin.004	Bacteria	5449	104	58	43.10	8.20	15.00	726443	0	64	64	16520	16520	11350	11350	53650	53650	51.4	1.60	84.18	11	698	39	47	17	1	0	0
maxbin.005	Bacteria	5449	104	58	30.46	6.90	75.00	899818	0	84	84	17821	17821	10712	10712	42804	42804	49.6	2.11	78.74	11	854	68	32	4	0	0	0
maxbin.006	Bacteria	5449	104	58	0.00	0.00	0.00	187671	0	39	39	6434	6434	4812	4812	13691	13691	49.4	2.48	76.42	4	242	104	0	0	0	0	0
maxbin.007	Bacteria	5449	104	58	0.78	0.00	0.00	200253	0	17	17	102337	102337	11779	11779	102337	102337	23.5	23.81	92.09	11	166	99	5	0	0	0	0
maxbin.008	Bacteria	5449	104	58	50.86	10.34	58.33	1561453	0	180	180	17012	17012	8674	8674	65371	65371	51.3	2.43	83.17	11	1509	70	26	6	2	0	0
maxbin.009	Bacteria	5449	104	58	98.28	52.37	10.53	3389835	0	821	821	7167	7167	4128	4128	66652	66652	37.5	2.52	87.77	11	3781	1	60	36	7	0	0
maxbin.010	Bacteria	5449	104	58	68.97	12.93	42.86	3567647	0	349	349	15643	15643	10222	10222	74750	74750	55.7	2.56	85.23	11	3274	48	49	5	1	1	0
maxbin.011	Bacteria	5449	104	58	32.24	0.86	100.00	1781702	0	479	479	5179	5179	3719	3719	41143	41143	32.0	3.24	81.61	11	2341	82	21	1	0	0	0
maxbin.012	Bacteria	5449	104	58	76.93	63.40	34.33	3065095	0	703	703	7658	7658	4360	4360	77229	77229	34.4	2.80	87.50	11	3491	46	31	15	8	3	1
maxbin.013	Bacteria	5449	104	58	43.84	19.07	27.78	1411993	0	664	664	2246	2246	2126	2126	13772	13772	38.0	2.95	89.86	11	1789	43	38	18	4	1	0
maxbin.014	Bacteria	5449	104	58	85.94	11.36	66.67	2678756	0	243	243	23863	23863	11023	11023	87105	87105	36.7	1.98	88.10	11	2789	37	58	9	0	0	0
maxbin.015	Bacteria	5449	104	58	59.76	8.34	23.53	2848953	0	519	519	9452	9452	5489	5489	48726	48726	51.2	1.56	80.76	11	2972	36	55	11	2	0	0
maxbin.016	Bacteria	5449	104	58	4.08	0.00	0.00	959421	0	411	411	2622	2622	2334	2334	28361	28361	38.5	2.08	95.76	11	782	98	6	0	0	0	0
maxbin.017	Bacteria	5449	104	58	12.66	4.31	0.00	2707986	0	748	748	5265	5265	3620	3620	110638	110638	31.2	2.16	78.01	11	3392	87	14	3	0	0	0
maxbin.018	Bacteria	5449	104	58	39.58	20.92	44.44	1156839	0	648	648	1742	1742	1785	1785	26283	26283	37.6	2.12	91.23	11	1565	63	27	9	4	1	0
maxbin.019	Bacteria	5449	104	58	4.55	1.25	18.18	2672363	0	867	867	4322	4322	3082	3082	107081	107081	24.9	2.50	74.01	11	3162	95	3	5	0	1	0
maxbin.020	Bacteria	5449	104	58	46.87	24.14	14.81	4209671	0	1773	1773	2675	2675	2374	2374	37174	37174	34.0	1.75	84.95	11	5877	73	24	4	1	0	2
maxbin.021	Bacteria	5449	104	58	42.06	16.50	4.41	4911278	0	1859	1859	3215	3215	2641	2641	47461	47461	45.3	2.48	73.25	11	6424	44	26	20	12	2	0
maxbin.022	Bacteria	5449	104	58	75.16	33.15	36.11	2307010	0	677	677	4733	4733	3407	3407	30007	30007	53.6	2.01	88.10	11	2570	31	47	21	5	0	0
maxbin.023	Bacteria	5449	104	58	84.56	23.35	42.31	2655914	0	501	501	10148	10148	5301	5301	49412	49412	37.1	1.85	87.43	11	3053	38	47	17	1	1	0
maxbin.024	Bacteria	5449	104	58	82.45	40.83	32.35	5142713	0	2137	2137	2791	2791	2406	2406	25308	25308	54.3	3.28	85.85	11	6632	42	39	19	3	1	0
maxbin.025	Bacteria	5449	104	58	66.61	9.48	0.00	2447113	0	1069	1069	2674	2674	2289	2289	14504	14504	38.8	1.98	84.13	11	3270	52	46	6	0	0	0
maxbin.026	Bacteria	5449	104	58	80.69	30.59	33.33	2347036	0	859	859	3606	3606	2732	2732	39352	39352	39.1	1.61	89.10	11	2971	24	51	27	1	1	0
maxbin.027	Bacteria	5449	104	58	16.11	4.48	20.00	2730322	0	1540	1540	1764	1764	1772	1772	26066	26066	31.9	2.12	75.58	11	3969	86	13	5	0	0	0
maxbin.028	Bacteria	5449	104	58	49.61	15.00	25.00	2015353	0	1140	1140	1757	1757	1767	1767	13338	13338	36.6	5.22	81.42	11	2928	53	39	12	0	0	0
maxbin.029	Bacteria	5449	104	58	3.21	0.00	0.00	564181	0	437	437	1256	1256	1291	1291	3858	3858	39.8	15.36	72.16	11	686	98	6	0	0	0	0
SRR27931730.001	Bacteria	5449	104	58	69.83	0.47	33.33	1386883	0	378	378	4757	4757	3669	3669	92155	92155	39.3	6.13	82.45	11	1610	21	80	3	0	0	0
SRR27931730.002	Bacteria	5449	104	58	49.58	10.66	50.00	3653339	0	1117	1117	4376	4376	3270	3270	55788	55788	39.1	7.33	81.06	11	4051	63	35	4	2	0	0
SRR27931730.003	Bacteria	5449	104	58	36.94	12.07	25.00	934411	0	258	258	5550	5550	3621	3621	23130	23130	32.5	3.35	87.47	11	1218	78	20	5	1	0	0
SRR27931730.004	Bacteria	5449	104	58	41.69	9.48	28.57	1590592	0	527	527	3822	3822	3018	3018	56912	56912	36.2	6.26	84.35	11	1846	73	24	7	0	0	0
SRR27931730.005	Bacteria	5449	104	58	42.16	0.00	0.00	2180109	0	265	265	22625	22625	8226	8226	55967	55967	35.3	8.37	78.84	11	2143	72	32	0	0	0	0
SRR27931730.006	Bacteria	5449	104	58	69.60	19.83	30.77	1358845	0	277	277	9857	9857	4905	4905	31746	31746	33.4	1.23	88.04	11	1541	56	37	10	1	0	0
SRR27931730.007	Bacteria	5449	104	58	9.81	0.86	0.00	2920642	0	1461	1461	2097	2097	1999	1999	16843	16843	31.1	4.11	75.70	11	4051	94	9	1	0	0	0
SRR27931730.008	Bacteria	5449	104	58	80.41	69.96	4.26	4763289	0	2161	2161	2226	2226	2204	2204	38083	38083	37.8	3.07	86.17	11	6145	17	45	27	12	1	2
SRR27931730.009	Bacteria	5449	104	58	25.03	5.56	3.23	9292261	0	6502	6502	1318	1318	1429	1429	22574	22574	23.8	10.61	32.71	11	8206	67	23	7	6	1	0
maxbin.001	Bacteria	5449	104	58	69.83	0.47	33.33	1386883	0	378	378	4757	4757	3669	3669	92155	92155	39.3	6.13	82.45	11	1610	21	80	3	0	0	0
maxbin.002	Bacteria	5449	104	58	49.58	10.66	50.00	3653339	0	1117	1117	4376	4376	3270	3270	55788	55788	39.1	7.33	81.06	11	4051	63	35	4	2	0	0
maxbin.003	Bacteria	5449	104	58	36.94	12.07	25.00	934411	0	258	258	5550	5550	3621	3621	23130	23130	32.5	3.35	87.47	11	1218	78	20	5	1	0	0
maxbin.004	Bacteria	5449	104	58	41.69	9.48	28.57	1590592	0	527	527	3822	3822	3018	3018	56912	56912	36.2	6.26	84.35	11	1846	73	24	7	0	0	0
maxbin.005	Bacteria	5449	104	58	42.16	0.00	0.00	2180109	0	265	265	22625	22625	8226	8226	55967	55967	35.3	8.37	78.84	11	2143	72	32	0	0	0	0
maxbin.006	Bacteria	5449	104	58	69.60	19.83	30.77	1358845	0	277	277	9857	9857	4905	4905	31746	31746	33.4	1.23	88.04	11	1541	56	37	10	1	0	0
maxbin.007	Bacteria	5449	104	58	9.81	0.86	0.00	2920642	0	1461	1461	2097	2097	1999	1999	16843	16843	31.1	4.11	75.70	11	4051	94	9	1	0	0	0
maxbin.008	Bacteria	5449	104	58	80.41	69.96	4.26	4763289	0	2161	2161	2226	2226	2204	2204	38083	38083	37.8	3.07	86.17	11	6145	17	45	27	12	1	2
maxbin.009	Bacteria	5449	104	58	25.03	5.56	3.23	9292261	0	6502	6502	1318	1318	1429	1429	22574	22574	23.8	10.61	32.71	11	8206	67	23	7	6	1	0
SRR27931731.001	Bacteria	5449	104	58	82.47	13.64	63.16	1972592	0	654	654	3468	3468	3016	3016	135387	135387	38.2	5.18	81.95	11	2357	13	74	16	1	0	0
SRR27931731.002	Bacteria	5449	104	58	87.37	49.74	55.56	5747824	0	1702	1702	4871	4871	3377	3377	52212	52212	37.6	6.63	82.89	11	6543	29	43	27	4	1	0
SRR27931731.003	Bacteria	5449	104	58	72.53	22.21	27.78	6636778	0	2219	2219	4013	4013	2990	2990	86899	86899	31.4	5.19	76.42	11	7925	47	43	12	2	0	0
SRR27931731.004	Bacteria	5449	104	58	89.47	51.49	7.84	4534799	0	1557	1557	3834	3834	2912	2912	42506	42506	36.8	4.10	85.80	11	5277	29	48	22	3	0	2
SRR27931731.005	Bacteria	5449	104	58	85.03	49.14	6.98	4570751	0	2517	2517	1846	1846	1815	1815	15272	15272	38.6	4.51	81.15	11	6413	13	38	41	9	3	0
SRR27931731.006	Bacteria	5449	104	58	26.24	4.11	0.00	11437970	0	8306	8306	1298	1298	1377	1377	23286	23286	22.7	9.64	26.11	11	9731	63	27	12	2	0	0
maxbin.001	Bacteria	5449	104	58	82.47	13.64	63.16	1972592	0	654	654	3468	3468	3016	3016	135387	135387	38.2	5.18	81.95	11	2357	13	74	16	1	0	0
maxbin.002	Bacteria	5449	104	58	87.37	49.74	55.56	5747824	0	1702	1702	4871	4871	3377	3377	52212	52212	37.6	6.63	82.89	11	6543	29	43	27	4	1	0
maxbin.003	Bacteria	5449	104	58	72.53	22.21	27.78	6636778	0	2219	2219	4013	4013	2990	2990	86899	86899	31.4	5.19	76.42	11	7925	47	43	12	2	0	0
maxbin.004	Bacteria	5449	104	58	89.47	51.49	7.84	4534799	0	1557	1557	3834	3834	2912	2912	42506	42506	36.8	4.10	85.80	11	5277	29	48	22	3	0	2
maxbin.005	Bacteria	5449	104	58	85.03	49.14	6.98	4570751	0	2517	2517	1846	1846	1815	1815	15272	15272	38.6	4.51	81.15	11	6413	13	38	41	9	3	0
maxbin.006	Bacteria	5449	104	58	26.24	4.11	0.00	11437970	0	8306	8306	1298	1298	1377	1377	23286	23286	22.7	9.64	26.11	11	9731	63	27	12	2	0	0
SRR27931732.001	Bacteria	5449	104	58	50.94	7.92	6.67	597668	0	109	109	11748	11748	5483	5483	102490	102490	45.7	10.21	82.74	11	598	36	38	30	0	0	0
SRR27931732.002	Bacteria	5449	104	58	91.03	0.16	100.00	3439044	0	177	177	35669	35669	19429	19429	139733	139733	55.7	3.63	85.36	11	3100	6	97	1	0	0	0
SRR27931732.003	Bacteria	5449	104	58	57.71	31.82	68.75	2033891	0	765	765	3090	3090	2658	2658	28817	28817	36.2	2.75	86.91	11	2498	59	26	16	2	0	1
SRR27931732.004	Bacteria	5449	104	58	89.66	6.90	25.00	2576771	0	213	213	22701	22701	12097	12097	69962	69962	51.7	5.56	82.03	11	2371	31	69	4	0	0	0
SRR27931732.005	Bacteria	5449	104	58	92.27	12.38	30.00	3637292	0	514	514	16575	16575	7076	7076	115405	115405	49.9	6.09	83.75	11	3661	21	73	10	0	0	0
SRR27931732.006	Bacteria	5449	104	58	58.54	13.03	50.00	1870521	0	736	736	2772	2772	2541	2541	59721	59721	36.7	2.43	89.70	11	2182	35	55	12	2	0	0
SRR27931732.007	Bacteria	5449	104	58	0.78	0.00	0.00	195075	0	12	12	62990	62990	16256	16256	71120	71120	19.2	17.21	93.25	11	177	99	5	0	0	0	0
SRR27931732.008	Bacteria	5449	104	58	17.24	3.45	50.00	2439287	0	740	740	4477	4477	3296	3296	30439	30439	33.0	6.04	78.79	11	3169	92	10	2	0	0	0
SRR27931732.009	Bacteria	5449	104	58	87.46	0.00	0.00	1868489	0	256	256	13399	13399	7298	7298	54736	54736	38.0	2.81	89.25	11	1966	36	68	0	0	0	0
SRR27931732.010	Bacteria	5449	104	58	51.72	22.41	42.86	1483533	0	463	463	4489	4489	3204	3204	28476	28476	34.7	1.48	88.25	11	1815	70	24	6	3	1	0
SRR27931732.011	Bacteria	5449	104	58	3.45	0.00	0.00	227378	0	20	20	34199	34199	11368	11368	46568	46568	24.6	1.03	90.65	11	255	102	2	0	0	0	0
SRR27931732.012	Bacteria	5449	104	58	3.45	0.00	0.00	226146	0	32	32	34982	34982	7067	7067	46796	46796	23.8	2.00	84.88	11	251	102	2	0	0	0	0
SRR27931732.013	Bacteria	5449	104	58	0.00	0.00	0.00	223016	0	64	64	5865	5865	3484	3484	11254	11254	27.0	1.33	72.97	11	300	104	0	0	0	0	0
SRR27931732.014	Bacteria	5449	104	58	23.48	6.49	62.16	1155624	0	548	548	2221	2221	2108	2108	33139	33139	42.7	4.85	89.54	11	1344	55	24	19	6	0	0
SRR27931732.015	Bacteria	5449	104	58	59.98	6.90	100.00	2534578	0	323	323	16115	16115	7846	7846	115717	115717	35.9	1.53	87.75	11	2728	51	50	2	1	0	0
SRR27931732.016	Bacteria	5449	104	58	64.28	26.72	77.27	1790302	0	301	301	8080	8080	5947	5947	41790	41790	37.9	1.50	91.06	11	1969	56	30	16	2	0	0
SRR27931732.017	Bacteria	5449	104	58	47.28	29.62	66.67	3456011	0	1495	1495	2501	2501	2311	2311	45200	45200	36.6	1.94	90.95	11	4276	70	21	9	2	2	0
SRR27931732.018	Bacteria	5449	104	58	92.88	35.19	7.69	5352437	0	1560	1560	5650	5650	3431	3431	66118	66118	51.3	2.92	84.51	11	6433	25	50	24	5	0	0
SRR27931732.019	Bacteria	5449	104	58	55.97	43.26	13.64	6901815	0	2814	2814	2901	2901	2452	2452	128206	128206	32.1	1.86	81.25	11	9641	50	37	12	2	1	2
SRR27931732.020	Bacteria	5449	104	58	86.36	14.20	4.76	5954193	0	2387	2387	2929	2929	2494	2494	26955	26955	44.5	2.71	79.48	11	7939	20	67	15	2	0	0
SRR27931732.021	Bacteria	5449	104	58	2.51	0.31	50.00	2294723	0	1039	1039	2343	2343	2208	2208	62874	62874	26.2	2.70	73.56	11	2999	98	4	2	0	0	0
SRR27931732.022	Bacteria	5449	104	58	63.75	36.08	55.17	2527546	0	1014	1014	2916	2916	2492	2492	15212	15212	37.3	1.96	90.29	11	3442	54	27	20	3	0	0
SRR27931732.023	Bacteria	5449	104	58	75.86	23.15	12.07	1609472	0	573	573	3692	3692	2808	2808	17249	17249	44.6	2.09	89.46	11	2190	18	50	25	11	0	0
SRR27931732.024	Bacteria	5449	104	58	79.01	59.17	6.76	6303527	0	3266	3266	1987	1987	1930	1930	39286	39286	36.7	2.21	86.35	11	8998	31	41	20	6	6	0
SRR27931732.025	Bacteria	5449	104	58	61.91	18.57	66.67	991796	0	392	392	2924	2924	2530	2530	11644	11644	49.6	2.05	91.06	11	1281	53	36	15	0	0	0
maxbin.001	Bacteria	5449	104	58	50.94	7.92	6.67	597668	0	109	109	11748	11748	5483	5483	102490	102490	45.7	10.21	82.74	11	598	36	38	30	0	0	0
maxbin.002	Bacteria	5449	104	58	91.03	0.16	100.00	3439044	0	177	177	35669	35669	19429	19429	139733	139733	55.7	3.63	85.36	11	3100	6	97	1	0	0	0
maxbin.003	Bacteria	5449	104	58	57.71	31.82	68.75	2033891	0	765	765	3090	3090	2658	2658	28817	28817	36.2	2.75	86.91	11	2498	59	26	16	2	0	1
maxbin.004	Bacteria	5449	104	58	89.66	6.90	25.00	2576771	0	213	213	22701	22701	12097	12097	69962	69962	51.7	5.56	82.03	11	2371	31	69	4	0	0	0
maxbin.005	Bacteria	5449	104	58	92.27	12.38	30.00	3637292	0	514	514	16575	16575	7076	7076	115405	115405	49.9	6.09	83.75	11	3661	21	73	10	0	0	0
maxbin.006	Bacteria	5449	104	58	58.54	13.03	50.00	1870521	0	736	736	2772	2772	2541	2541	59721	59721	36.7	2.43	89.70	11	2182	35	55	12	2	0	0
maxbin.007	Bacteria	5449	104	58	0.78	0.00	0.00	195075	0	12	12	62990	62990	16256	16256	71120	71120	19.2	17.21	93.25	11	177	99	5	0	0	0	0
maxbin.008	Bacteria	5449	104	58	17.24	3.45	50.00	2439287	0	740	740	4477	4477	3296	3296	30439	30439	33.0	6.04	78.79	11	3169	92	10	2	0	0	0
maxbin.009	Bacteria	5449	104	58	87.46	0.00	0.00	1868489	0	256	256	13399	13399	7298	7298	54736	54736	38.0	2.81	89.25	11	1966	36	68	0	0	0	0
maxbin.010	Bacteria	5449	104	58	51.72	22.41	42.86	1483533	0	463	463	4489	4489	3204	3204	28476	28476	34.7	1.48	88.25	11	1815	70	24	6	3	1	0
maxbin.011	Bacteria	5449	104	58	3.45	0.00	0.00	227378	0	20	20	34199	34199	11368	11368	46568	46568	24.6	1.03	90.65	11	255	102	2	0	0	0	0
maxbin.012	Bacteria	5449	104	58	3.45	0.00	0.00	226146	0	32	32	34982	34982	7067	7067	46796	46796	23.8	2.00	84.88	11	251	102	2	0	0	0	0
maxbin.013	Bacteria	5449	104	58	0.00	0.00	0.00	223016	0	64	64	5865	5865	3484	3484	11254	11254	27.0	1.33	72.97	11	300	104	0	0	0	0	0
maxbin.014	Bacteria	5449	104	58	23.48	6.49	62.16	1155624	0	548	548	2221	2221	2108	2108	33139	33139	42.7	4.85	89.54	11	1344	55	24	19	6	0	0
maxbin.015	Bacteria	5449	104	58	59.98	6.90	100.00	2534578	0	323	323	16115	16115	7846	7846	115717	115717	35.9	1.53	87.75	11	2728	51	50	2	1	0	0
maxbin.016	Bacteria	5449	104	58	64.28	26.72	77.27	1790302	0	301	301	8080	8080	5947	5947	41790	41790	37.9	1.50	91.06	11	1969	56	30	16	2	0	0
maxbin.017	Bacteria	5449	104	58	47.28	29.62	66.67	3456011	0	1495	1495	2501	2501	2311	2311	45200	45200	36.6	1.94	90.95	11	4276	70	21	9	2	2	0
maxbin.018	Bacteria	5449	104	58	92.88	35.19	7.69	5352437	0	1560	1560	5650	5650	3431	3431	66118	66118	51.3	2.92	84.51	11	6433	25	50	24	5	0	0
maxbin.019	Bacteria	5449	104	58	55.97	43.26	13.64	6901815	0	2814	2814	2901	2901	2452	2452	128206	128206	32.1	1.86	81.25	11	9641	50	37	12	2	1	2
maxbin.020	Bacteria	5449	104	58	86.36	14.20	4.76	5954193	0	2387	2387	2929	2929	2494	2494	26955	26955	44.5	2.71	79.48	11	7939	20	67	15	2	0	0
maxbin.021	Bacteria	5449	104	58	2.51	0.31	50.00	2294723	0	1039	1039	2343	2343	2208	2208	62874	62874	26.2	2.70	73.56	11	2999	98	4	2	0	0	0
maxbin.022	Bacteria	5449	104	58	63.75	36.08	55.17	2527546	0	1014	1014	2916	2916	2492	2492	15212	15212	37.3	1.96	90.29	11	3442	54	27	20	3	0	0
maxbin.023	Bacteria	5449	104	58	75.86	23.15	12.07	1609472	0	573	573	3692	3692	2808	2808	17249	17249	44.6	2.09	89.46	11	2190	18	50	25	11	0	0
maxbin.024	Bacteria	5449	104	58	79.01	59.17	6.76	6303527	0	3266	3266	1987	1987	1930	1930	39286	39286	36.7	2.21	86.35	11	8998	31	41	20	6	6	0
maxbin.025	Bacteria	5449	104	58	61.91	18.57	66.67	991796	0	392	392	2924	2924	2530	2530	11644	11644	49.6	2.05	91.06	11	1281	53	36	15	0	0	0
SRR27931733.001	Bacteria	5449	104	58	52.59	11.52	11.76	868847	0	229	229	5125	5125	3794	3794	103070	103070	43.1	7.60	84.60	11	924	35	37	31	1	0	0
SRR27931733.002	Bacteria	5449	104	58	94.48	0.00	0.00	3559788	0	192	192	34958	34958	18540	18540	106960	106960	55.5	6.89	85.17	11	3230	4	100	0	0	0	0
SRR27931733.003	Bacteria	5449	104	58	55.44	22.41	66.67	2137753	0	784	784	3198	3198	2726	2726	36900	36900	35.8	2.91	86.14	11	2645	59	32	12	1	0	0
SRR27931733.004	Bacteria	5449	104	58	90.00	15.52	80.95	2854773	0	275	275	20178	20178	10380	10380	79461	79461	51.6	5.35	82.52	11	2632	30	55	18	1	0	0
SRR27931733.005	Bacteria	5449	104	58	89.37	7.21	50.00	3864415	0	583	583	15642	15642	6628	6628	108971	108971	47.8	7.34	82.54	11	3886	35	63	6	0	0	0
SRR27931733.006	Bacteria	5449	104	58	65.83	50.00	56.82	3322858	0	1071	1071	4076	4076	3102	3102	61913	61913	34.1	3.22	86.40	11	4218	59	22	17	3	3	0
SRR27931733.007	Bacteria	5449	104	58	71.19	3.45	33.33	2119630	0	392	392	11193	11193	5407	5407	53289	53289	37.5	3.40	86.45	11	2341	52	49	3	0	0	0
SRR27931733.008	Bacteria	5449	104	58	1.72	0.00	0.00	779456	0	235	235	4455	4455	3316	3316	24660	24660	30.7	8.62	76.25	11	990	103	1	0	0	0	0
SRR27931733.009	Bacteria	5449	104	58	72.41	33.01	23.21	2377246	0	989	989	2732	2732	2403	2403	27968	27968	39.6	4.48	90.75	11	2650	20	40	38	6	0	0
SRR27931733.010	Bacteria	5449	104	58	3.45	0.00	0.00	216358	0	19	19	32132	32132	11387	11387	46567	46567	24.6	1.29	87.99	11	255	102	2	0	0	0	0
SRR27931733.011	Bacteria	5449	104	58	0.00	0.00	0.00	223066	0	45	45	12537	12537	4957	4957	46796	46796	26.2	1.93	84.09	11	254	104	0	0	0	0	0
SRR27931733.012	Bacteria	5449	104	58	71.55	21.71	62.50	1982848	0	204	204	16489	16489	9719	9719	72580	72580	37.2	1.34	90.73	11	2084	46	44	13	1	0	0
SRR27931733.013	Bacteria	5449	104	58	31.38	11.21	100.00	1808200	0	307	307	10761	10761	5889	5889	56299	56299	35.8	1.73	86.73	11	2014	83	13	8	0	0	0
SRR27931733.014	Bacteria	5449	104	58	84.08	30.85	0.00	5110794	0	1630	1630	4278	4278	3135	3135	79847	79847	51.3	2.95	85.15	11	6282	31	47	23	3	0	0
SRR27931733.015	Bacteria	5449	104	58	8.78	0.47	0.00	782593	0	381	381	2074	2074	2054	2054	27853	27853	43.3	2.05	90.17	11	1098	78	23	3	0	0	0
SRR27931733.016	Bacteria	5449	104	58	1.72	0.00	0.00	961896	0	262	262	5213	5213	3671	3671	134598	134598	27.5	1.43	79.62	11	1213	103	1	0	0	0	0
SRR27931733.017	Bacteria	5449	104	58	35.63	26.21	12.00	6398535	0	2803	2803	2494	2494	2282	2282	148819	148819	32.0	2.11	79.29	11	9103	65	28	7	2	2	0
SRR27931733.018	Bacteria	5449	104	58	82.02	83.57	28.57	7493025	0	3442	3442	2312	2312	2176	2176	41642	41642	35.8	2.21	88.18	11	10089	34	35	26	2	4	3
SRR27931733.019	Bacteria	5449	104	58	66.78	20.69	56.25	1684189	0	661	661	3020	3020	2547	2547	18249	18249	38.8	1.34	92.64	11	2136	47	45	10	2	0	0
SRR27931733.020	Bacteria	5449	104	58	6.11	0.47	0.00	1173606	0	605	605	1948	1948	1939	1939	32032	32032	24.8	2.27	72.88	11	1587	95	6	3	0	0	0
SRR27931733.021	Bacteria	5449	104	58	44.51	17.49	33.87	1104842	0	563	563	1985	1985	1962	1962	12921	12921	42.4	2.17	90.48	11	1602	40	40	16	5	1	2
SRR27931733.022	Bacteria	5449	104	58	87.90	14.11	0.00	5912864	0	2089	2089	3741	3741	2830	2830	35591	35591	43.7	5.66	77.27	11	7447	27	68	7	2	0	0
SRR27931733.023	Bacteria	5449	104	58	89.72	69.72	74.63	1914166	0	658	658	3653	3653	2909	2909	16981	16981	47.4	2.72	89.62	11	2464	12	36	52	3	1	0
SRR27931733.024	Bacteria	5449	104	58	32.92	18.26	20.00	2216030	0	1026	1026	2391	2391	2159	2159	13766	13766	36.3	1.53	86.82	11	3182	81	10	12	1	0	0
maxbin.001	Bacteria	5449	104	58	52.59	11.52	11.76	868847	0	229	229	5125	5125	3794	3794	103070	103070	43.1	7.60	84.60	11	924	35	37	31	1	0	0
maxbin.002	Bacteria	5449	104	58	94.48	0.00	0.00	3559788	0	192	192	34958	34958	18540	18540	106960	106960	55.5	6.89	85.17	11	3230	4	100	0	0	0	0
maxbin.003	Bacteria	5449	104	58	55.44	22.41	66.67	2137753	0	784	784	3198	3198	2726	2726	36900	36900	35.8	2.91	86.14	11	2645	59	32	12	1	0	0
maxbin.004	Bacteria	5449	104	58	90.00	15.52	80.95	2854773	0	275	275	20178	20178	10380	10380	79461	79461	51.6	5.35	82.52	11	2632	30	55	18	1	0	0
maxbin.005	Bacteria	5449	104	58	89.37	7.21	50.00	3864415	0	583	583	15642	15642	6628	6628	108971	108971	47.8	7.34	82.54	11	3886	35	63	6	0	0	0
maxbin.006	Bacteria	5449	104	58	65.83	50.00	56.82	3322858	0	1071	1071	4076	4076	3102	3102	61913	61913	34.1	3.22	86.40	11	4218	59	22	17	3	3	0
maxbin.007	Bacteria	5449	104	58	71.19	3.45	33.33	2119630	0	392	392	11193	11193	5407	5407	53289	53289	37.5	3.40	86.45	11	2341	52	49	3	0	0	0
maxbin.008	Bacteria	5449	104	58	1.72	0.00	0.00	779456	0	235	235	4455	4455	3316	3316	24660	24660	30.7	8.62	76.25	11	990	103	1	0	0	0	0
maxbin.009	Bacteria	5449	104	58	72.41	33.01	23.21	2377246	0	989	989	2732	2732	2403	2403	27968	27968	39.6	4.48	90.75	11	2650	20	40	38	6	0	0
maxbin.010	Bacteria	5449	104	58	3.45	0.00	0.00	216358	0	19	19	32132	32132	11387	11387	46567	46567	24.6	1.29	87.99	11	255	102	2	0	0	0	0
maxbin.011	Bacteria	5449	104	58	0.00	0.00	0.00	223066	0	45	45	12537	12537	4957	4957	46796	46796	26.2	1.93	84.09	11	254	104	0	0	0	0	0
maxbin.012	Bacteria	5449	104	58	71.55	21.71	62.50	1982848	0	204	204	16489	16489	9719	9719	72580	72580	37.2	1.34	90.73	11	2084	46	44	13	1	0	0
maxbin.013	Bacteria	5449	104	58	31.38	11.21	100.00	1808200	0	307	307	10761	10761	5889	5889	56299	56299	35.8	1.73	86.73	11	2014	83	13	8	0	0	0
maxbin.014	Bacteria	5449	104	58	84.08	30.85	0.00	5110794	0	1630	1630	4278	4278	3135	3135	79847	79847	51.3	2.95	85.15	11	6282	31	47	23	3	0	0
maxbin.015	Bacteria	5449	104	58	8.78	0.47	0.00	782593	0	381	381	2074	2074	2054	2054	27853	27853	43.3	2.05	90.17	11	1098	78	23	3	0	0	0
maxbin.016	Bacteria	5449	104	58	1.72	0.00	0.00	961896	0	262	262	5213	5213	3671	3671	134598	134598	27.5	1.43	79.62	11	1213	103	1	0	0	0	0
maxbin.017	Bacteria	5449	104	58	35.63	26.21	12.00	6398535	0	2803	2803	2494	2494	2282	2282	148819	148819	32.0	2.11	79.29	11	9103	65	28	7	2	2	0
maxbin.018	Bacteria	5449	104	58	82.02	83.57	28.57	7493025	0	3442	3442	2312	2312	2176	2176	41642	41642	35.8	2.21	88.18	11	10089	34	35	26	2	4	3
maxbin.019	Bacteria	5449	104	58	66.78	20.69	56.25	1684189	0	661	661	3020	3020	2547	2547	18249	18249	38.8	1.34	92.64	11	2136	47	45	10	2	0	0
maxbin.020	Bacteria	5449	104	58	6.11	0.47	0.00	1173606	0	605	605	1948	1948	1939	1939	32032	32032	24.8	2.27	72.88	11	1587	95	6	3	0	0	0
maxbin.021	Bacteria	5449	104	58	44.51	17.49	33.87	1104842	0	563	563	1985	1985	1962	1962	12921	12921	42.4	2.17	90.48	11	1602	40	40	16	5	1	2
maxbin.022	Bacteria	5449	104	58	87.90	14.11	0.00	5912864	0	2089	2089	3741	3741	2830	2830	35591	35591	43.7	5.66	77.27	11	7447	27	68	7	2	0	0
maxbin.023	Bacteria	5449	104	58	89.72	69.72	74.63	1914166	0	658	658	3653	3653	2909	2909	16981	16981	47.4	2.72	89.62	11	2464	12	36	52	3	1	0
maxbin.024	Bacteria	5449	104	58	32.92	18.26	20.00	2216030	0	1026	1026	2391	2391	2159	2159	13766	13766	36.3	1.53	86.82	11	3182	81	10	12	1	0	0
SRR27931734.001	Bacteria	5449	104	58	0.00	0.00	0.00	279319	0	17	17	42998	42998	16430	16430	102047	102047	53.7	17.20	75.57	11	199	104	0	0	0	0	0
SRR27931734.002	Bacteria	5449	104	58	94.83	13.71	61.54	2452087	0	946	946	2995	2995	2592	2592	27188	27188	38.8	5.61	81.70	11	2783	3	88	13	0	0	0
SRR27931734.003	Bacteria	5449	104	58	7.37	0.00	0.00	2436588	0	1145	1145	2354	2354	2128	2128	27830	27830	31.4	7.79	69.07	11	3136	97	7	0	0	0	0
SRR27931734.004	Bacteria	5449	104	58	49.79	19.15	18.42	2522781	0	642	642	5907	5907	3929	3929	40049	40049	48.7	2.32	75.92	11	2872	40	36	23	5	0	0
SRR27931734.005	Bacteria	5449	104	58	61.21	3.45	0.00	2906014	0	609	609	6903	6903	4771	4771	44647	44647	56.2	2.62	86.29	11	3050	52	50	2	0	0	0
SRR27931734.006	Bacteria	5449	104	58	89.18	59.91	90.20	3401249	0	945	945	4801	4801	3599	3599	22334	22334	52.8	1.76	85.93	11	3685	19	42	39	4	0	0
SRR27931734.007	Bacteria	5449	104	58	76.07	17.49	0.00	2781194	0	1342	1342	2248	2248	2072	2072	13439	13439	38.0	4.01	81.61	11	3801	27	57	17	3	0	0
SRR27931734.008	Bacteria	5449	104	58	52.51	13.28	10.00	2669408	0	1604	1604	1606	1606	1664	1664	9364	9364	34.0	5.29	84.99	11	4077	57	37	10	0	0	0
SRR27931734.009	Bacteria	5449	104	58	5.49	0.86	0.00	634249	0	468	468	1280	1280	1355	1355	4464	4464	30.0	14.13	67.63	11	788	98	5	1	0	0	0
maxbin.001	Bacteria	5449	104	58	0.00	0.00	0.00	279319	0	17	17	42998	42998	16430	16430	102047	102047	53.7	17.20	75.57	11	199	104	0	0	0	0	0
maxbin.002	Bacteria	5449	104	58	94.83	13.71	61.54	2452087	0	946	946	2995	2995	2592	2592	27188	27188	38.8	5.61	81.70	11	2783	3	88	13	0	0	0
maxbin.003	Bacteria	5449	104	58	7.37	0.00	0.00	2436588	0	1145	1145	2354	2354	2128	2128	27830	27830	31.4	7.79	69.07	11	3136	97	7	0	0	0	0
maxbin.004	Bacteria	5449	104	58	49.79	19.15	18.42	2522781	0	642	642	5907	5907	3929	3929	40049	40049	48.7	2.32	75.92	11	2872	40	36	23	5	0	0
maxbin.005	Bacteria	5449	104	58	61.21	3.45	0.00	2906014	0	609	609	6903	6903	4771	4771	44647	44647	56.2	2.62	86.29	11	3050	52	50	2	0	0	0
maxbin.006	Bacteria	5449	104	58	89.18	59.91	90.20	3401249	0	945	945	4801	4801	3599	3599	22334	22334	52.8	1.76	85.93	11	3685	19	42	39	4	0	0
maxbin.007	Bacteria	5449	104	58	76.07	17.49	0.00	2781194	0	1342	1342	2248	2248	2072	2072	13439	13439	38.0	4.01	81.61	11	3801	27	57	17	3	0	0
maxbin.008	Bacteria	5449	104	58	52.51	13.28	10.00	2669408	0	1604	1604	1606	1606	1664	1664	9364	9364	34.0	5.29	84.99	11	4077	57	37	10	0	0	0
maxbin.009	Bacteria	5449	104	58	5.49	0.86	0.00	634249	0	468	468	1280	1280	1355	1355	4464	4464	30.0	14.13	67.63	11	788	98	5	1	0	0	0
SRR27931735.001	Bacteria	5449	104	58	0.00	0.00	0.00	318077	0	71	71	6078	6078	4479	4479	50524	50524	39.4	7.32	77.85	11	406	104	0	0	0	0	0
SRR27931735.002	Bacteria	5449	104	58	96.55	0.00	0.00	1343769	0	58	58	88790	88790	23168	23168	205685	205685	48.2	6.12	86.85	11	1294	2	102	0	0	0	0
SRR27931735.003	Bacteria	5449	104	58	100.00	16.21	0.00	3326701	0	156	156	143880	143880	21325	21325	317494	317494	37.5	6.52	82.22	11	3140	0	69	35	0	0	0
SRR27931735.004	Bacteria	5449	104	58	86.75	19.12	85.19	1324431	0	411	411	3912	3912	3222	3222	28492	28492	37.2	2.36	88.10	11	1427	21	64	15	4	0	0
SRR27931735.005	Bacteria	5449	104	58	3.20	1.18	25.00	2253687	0	395	395	10991	10991	5705	5705	114883	114883	49.0	6.01	71.90	4	2899	95	7	1	1	0	0
SRR27931735.006	Bacteria	5449	104	58	85.62	28.45	50.00	3042263	0	858	858	5593	5593	3545	3545	114764	114764	35.7	4.51	85.15	11	3190	35	55	11	1	2	0
SRR27931735.007	Bacteria	5449	104	58	98.28	0.00	0.00	2373515	0	499	499	8223	8223	4756	4756	47691	47691	42.4	4.90	83.31	11	2264	1	103	0	0	0	0
SRR27931735.008	Bacteria	5449	104	58	96.55	11.55	50.00	2365741	0	990	990	2827	2827	2389	2389	40889	40889	60.7	4.17	88.66	11	2610	2	94	8	0	0	0
SRR27931735.009	Bacteria	5449	104	58	81.94	23.43	48.48	1844288	0	573	573	7757	7757	3218	3218	51784	51784	45.0	2.40	84.68	11	2031	24	57	18	5	0	0
SRR27931735.010	Bacteria	5449	104	58	20.34	3.35	55.56	1397905	0	793	793	1720	1720	1762	1762	11646	11646	35.7	2.06	87.91	11	1926	77	18	9	0	0	0
SRR27931735.011	Bacteria	5449	104	58	23.84	2.19	23.53	4027522	0	2656	2656	1382	1382	1516	1516	13406	13406	38.1	2.81	50.77	11	5615	68	25	8	3	0	0
SRR27931735.012	Bacteria	5449	104	58	24.92	5.17	33.33	3221347	0	1854	1854	1684	1684	1737	1737	15495	15495	30.7	2.76	65.14	11	4215	82	19	3	0	0	0
SRR27931735.013	Bacteria	5449	104	58	76.80	23.85	45.00	2108938	0	1316	1316	1614	1614	1602	1602	5715	5715	46.0	2.56	83.96	11	2732	29	61	11	3	0	0
SRR27931735.014	Bacteria	5449	104	58	75.27	11.68	54.55	1081221	0	405	405	3270	3270	2669	2669	20512	20512	50.0	1.87	89.19	11	1319	39	56	8	1	0	0
SRR27931735.015	Bacteria	5449	104	58	31.03	15.52	72.73	559327	0	281	281	2214	2214	1990	1990	10342	10342	36.0	1.37	84.37	11	788	82	15	5	2	0	0
SRR27931735.016	Bacteria	5449	104	58	24.32	10.34	50.00	1873580	0	864	864	2426	2426	2168	2168	9731	9731	35.9	1.43	85.07	11	2525	81	15	8	0	0	0
SRR27931735.017	Bacteria	5449	104	58	22.15	13.95	16.67	1548306	0	740	740	2295	2295	2092	2092	12624	12624	39.2	1.34	90.49	11	1975	85	13	3	3	0	0
SRR27931735.018	Bacteria	5449	104	58	10.50	5.17	75.00	604464	0	308	308	2059	2059	1962	1962	13283	13283	35.8	1.27	87.93	11	873	96	6	1	1	0	0
SRR27931735.019	Bacteria	5449	104	58	25.25	12.93	68.42	348404	0	191	191	1862	1862	1824	1824	7320	7320	39.1	1.22	93.41	11	436	66	21	16	1	0	0
SRR27931735.020	Bacteria	5449	104	58	52.88	39.48	61.54	703855	0	376	376	1957	1957	1871	1871	9367	9367	37.9	1.19	91.35	11	957	64	20	12	7	1	0
SRR27931735.021	Bacteria	5449	104	58	10.63	2.59	50.00	200698	0	110	110	1807	1807	1824	1824	8079	8079	37.8	1.27	92.97	11	232	93	9	1	1	0	0
SRR27931735.022	Bacteria	5449	104	58	10.34	0.00	0.00	339647	0	202	202	1641	1641	1681	1681	6422	6422	36.9	1.65	80.90	11	482	97	7	0	0	0	0
maxbin.001	Bacteria	5449	104	58	0.00	0.00	0.00	318077	0	71	71	6078	6078	4479	4479	50524	50524	39.4	7.32	77.85	11	406	104	0	0	0	0	0
maxbin.002	Bacteria	5449	104	58	96.55	0.00	0.00	1343769	0	58	58	88790	88790	23168	23168	205685	205685	48.2	6.12	86.85	11	1294	2	102	0	0	0	0
maxbin.003	Bacteria	5449	104	58	100.00	16.21	0.00	3326701	0	156	156	143880	143880	21325	21325	317494	317494	37.5	6.52	82.22	11	3140	0	69	35	0	0	0
maxbin.004	Bacteria	5449	104	58	86.75	19.12	85.19	1324431	0	411	411	3912	3912	3222	3222	28492	28492	37.2	2.36	88.10	11	1427	21	64	15	4	0	0
maxbin.005	Bacteria	5449	104	58	3.20	1.18	25.00	2253687	0	395	395	10991	10991	5705	5705	114883	114883	49.0	6.01	71.90	4	2899	95	7	1	1	0	0
maxbin.006	Bacteria	5449	104	58	85.62	28.45	50.00	3042263	0	858	858	5593	5593	3545	3545	114764	114764	35.7	4.51	85.15	11	3190	35	55	11	1	2	0
maxbin.007	Bacteria	5449	104	58	98.28	0.00	0.00	2373515	0	499	499	8223	8223	4756	4756	47691	47691	42.4	4.90	83.31	11	2264	1	103	0	0	0	0
maxbin.008	Bacteria	5449	104	58	96.55	11.55	50.00	2365741	0	990	990	2827	2827	2389	2389	40889	40889	60.7	4.17	88.66	11	2610	2	94	8	0	0	0
maxbin.009	Bacteria	5449	104	58	81.94	23.43	48.48	1844288	0	573	573	7757	7757	3218	3218	51784	51784	45.0	2.40	84.68	11	2031	24	57	18	5	0	0
maxbin.010	Bacteria	5449	104	58	20.34	3.35	55.56	1397905	0	793	793	1720	1720	1762	1762	11646	11646	35.7	2.06	87.91	11	1926	77	18	9	0	0	0
maxbin.011	Bacteria	5449	104	58	23.84	2.19	23.53	4027522	0	2656	2656	1382	1382	1516	1516	13406	13406	38.1	2.81	50.77	11	5615	68	25	8	3	0	0
maxbin.012	Bacteria	5449	104	58	24.92	5.17	33.33	3221347	0	1854	1854	1684	1684	1737	1737	15495	15495	30.7	2.76	65.14	11	4215	82	19	3	0	0	0
maxbin.013	Bacteria	5449	104	58	76.80	23.85	45.00	2108938	0	1316	1316	1614	1614	1602	1602	5715	5715	46.0	2.56	83.96	11	2732	29	61	11	3	0	0
maxbin.014	Bacteria	5449	104	58	75.27	11.68	54.55	1081221	0	405	405	3270	3270	2669	2669	20512	20512	50.0	1.87	89.19	11	1319	39	56	8	1	0	0
maxbin.015	Bacteria	5449	104	58	31.03	15.52	72.73	559327	0	281	281	2214	2214	1990	1990	10342	10342	36.0	1.37	84.37	11	788	82	15	5	2	0	0
maxbin.016	Bacteria	5449	104	58	24.32	10.34	50.00	1873580	0	864	864	2426	2426	2168	2168	9731	9731	35.9	1.43	85.07	11	2525	81	15	8	0	0	0
maxbin.017	Bacteria	5449	104	58	22.15	13.95	16.67	1548306	0	740	740	2295	2295	2092	2092	12624	12624	39.2	1.34	90.49	11	1975	85	13	3	3	0	0
maxbin.018	Bacteria	5449	104	58	10.50	5.17	75.00	604464	0	308	308	2059	2059	1962	1962	13283	13283	35.8	1.27	87.93	11	873	96	6	1	1	0	0
maxbin.019	Bacteria	5449	104	58	25.25	12.93	68.42	348404	0	191	191	1862	1862	1824	1824	7320	7320	39.1	1.22	93.41	11	436	66	21	16	1	0	0
maxbin.020	Bacteria	5449	104	58	52.88	39.48	61.54	703855	0	376	376	1957	1957	1871	1871	9367	9367	37.9	1.19	91.35	11	957	64	20	12	7	1	0
maxbin.021	Bacteria	5449	104	58	10.63	2.59	50.00	200698	0	110	110	1807	1807	1824	1824	8079	8079	37.8	1.27	92.97	11	232	93	9	1	1	0	0
maxbin.022	Bacteria	5449	104	58	10.34	0.00	0.00	339647	0	202	202	1641	1641	1681	1681	6422	6422	36.9	1.65	80.90	11	482	97	7	0	0	0	0
SRR27931736.001	Bacteria	5449	104	58	0.00	0.00	0.00	261929	0	14	14	25877	25877	18709	18709	90094	90094	54.7	14.26	80.19	11	198	104	0	0	0	0	0
SRR27931736.002	Bacteria	5449	104	58	96.55	11.68	41.67	3319166	0	1108	1108	3692	3692	2995	2995	33476	33476	39.3	8.64	75.21	11	3468	2	94	6	2	0	0
SRR27931736.003	Bacteria	5449	104	58	1.72	0.00	0.00	119791	0	71	71	1613	1613	1687	1687	3986	3986	31.6	12.18	47.83	11	97	103	1	0	0	0	0
SRR27931736.004	Bacteria	5449	104	58	46.47	11.13	11.54	1962540	0	262	262	15431	15431	7490	7490	63630	63630	49.2	2.34	79.38	11	1946	43	37	23	1	0	0
SRR27931736.005	Bacteria	5449	104	58	90.00	50.24	95.24	3386468	0	330	330	18064	18064	10262	10262	80470	80470	52.3	6.54	84.17	11	3139	20	46	36	2	0	0
SRR27931736.006	Bacteria	5449	104	58	92.01	6.19	14.29	3947045	0	300	300	31088	31088	13156	13156	97665	97665	55.7	2.90	85.22	11	3608	25	74	4	1	0	0
SRR27931736.007	Bacteria	5449	104	58	84.42	5.17	0.00	2318484	0	405	405	10925	10925	5724	5724	44016	44016	38.3	2.22	84.29	11	2566	40	60	4	0	0	0
SRR27931736.008	Bacteria	5449	104	58	75.78	46.97	32.08	3967217	0	1939	1939	2127	2127	2046	2046	31580	31580	35.9	2.33	89.37	11	5298	37	36	23	6	2	0
SRR27931736.009	Bacteria	5449	104	58	58.26	36.71	3.23	7533867	0	3587	3587	2162	2162	2100	2100	59752	59752	31.7	2.28	75.11	11	10809	50	31	19	4	0	0
SRR27931736.010	Bacteria	5449	104	58	11.21	2.35	0.00	20618550	0	11748	11748	1790	1790	1755	1755	82241	82241	18.0	2.21	17.69	11	17732	87	12	5	0	0	0
SRR27931736.011	Bacteria	5449	104	58	23.90	0.47	66.67	1339338	0	774	774	1711	1711	1730	1730	11872	11872	51.5	2.21	83.89	11	1844	76	25	3	0	0	0
SRR27931736.012	Bacteria	5449	104	58	40.09	12.52	11.76	1675251	0	949	949	1748	1748	1765	1765	35344	35344	35.1	1.56	84.07	11	2534	60	33	8	3	0	0
SRR27931736.013	Bacteria	5449	104	58	60.71	22.34	0.00	3982249	0	2440	2440	1566	1566	1632	1632	68128	68128	43.1	3.40	77.09	11	5703	28	40	15	15	6	0
SRR27931736.014	Bacteria	5449	104	58	75.94	35.94	11.63	2032755	0	1082	1082	1961	1961	1878	1878	9293	9293	37.3	1.48	89.10	11	2903	30	43	25	6	0	0
SRR27931736.015	Bacteria	5449	104	58	18.74	1.67	0.00	15854928	0	10205	10205	1498	1498	1553	1553	50838	50838	24.6	2.34	29.62	11	17389	79	19	4	2	0	0
SRR27931736.016	Bacteria	5449	104	58	4.47	0.00	0.00	4116140	0	3277	3277	1213	1213	1256	1256	3487	3487	34.9	7.71	32.81	11	5083	100	4	0	0	0	0
maxbin.001	Bacteria	5449	104	58	0.00	0.00	0.00	261929	0	14	14	25877	25877	18709	18709	90094	90094	54.7	14.26	80.19	11	198	104	0	0	0	0	0
maxbin.002	Bacteria	5449	104	58	96.55	11.68	41.67	3319166	0	1108	1108	3692	3692	2995	2995	33476	33476	39.3	8.64	75.21	11	3468	2	94	6	2	0	0
maxbin.003	Bacteria	5449	104	58	1.72	0.00	0.00	119791	0	71	71	1613	1613	1687	1687	3986	3986	31.6	12.18	47.83	11	97	103	1	0	0	0	0
maxbin.004	Bacteria	5449	104	58	46.47	11.13	11.54	1962540	0	262	262	15431	15431	7490	7490	63630	63630	49.2	2.34	79.38	11	1946	43	37	23	1	0	0
maxbin.005	Bacteria	5449	104	58	90.00	50.24	95.24	3386468	0	330	330	18064	18064	10262	10262	80470	80470	52.3	6.54	84.17	11	3139	20	46	36	2	0	0
maxbin.006	Bacteria	5449	104	58	92.01	6.19	14.29	3947045	0	300	300	31088	31088	13156	13156	97665	97665	55.7	2.90	85.22	11	3608	25	74	4	1	0	0
maxbin.007	Bacteria	5449	104	58	84.42	5.17	0.00	2318484	0	405	405	10925	10925	5724	5724	44016	44016	38.3	2.22	84.29	11	2566	40	60	4	0	0	0
maxbin.008	Bacteria	5449	104	58	75.78	46.97	32.08	3967217	0	1939	1939	2127	2127	2046	2046	31580	31580	35.9	2.33	89.37	11	5298	37	36	23	6	2	0
maxbin.009	Bacteria	5449	104	58	58.26	36.71	3.23	7533867	0	3587	3587	2162	2162	2100	2100	59752	59752	31.7	2.28	75.11	11	10809	50	31	19	4	0	0
maxbin.010	Bacteria	5449	104	58	11.21	2.35	0.00	20618550	0	11748	11748	1790	1790	1755	1755	82241	82241	18.0	2.21	17.69	11	17732	87	12	5	0	0	0
maxbin.011	Bacteria	5449	104	58	23.90	0.47	66.67	1339338	0	774	774	1711	1711	1730	1730	11872	11872	51.5	2.21	83.89	11	1844	76	25	3	0	0	0
maxbin.012	Bacteria	5449	104	58	40.09	12.52	11.76	1675251	0	949	949	1748	1748	1765	1765	35344	35344	35.1	1.56	84.07	11	2534	60	33	8	3	0	0
maxbin.013	Bacteria	5449	104	58	60.71	22.34	0.00	3982249	0	2440	2440	1566	1566	1632	1632	68128	68128	43.1	3.40	77.09	11	5703	28	40	15	15	6	0
maxbin.014	Bacteria	5449	104	58	75.94	35.94	11.63	2032755	0	1082	1082	1961	1961	1878	1878	9293	9293	37.3	1.48	89.10	11	2903	30	43	25	6	0	0
maxbin.015	Bacteria	5449	104	58	18.74	1.67	0.00	15854928	0	10205	10205	1498	1498	1553	1553	50838	50838	24.6	2.34	29.62	11	17389	79	19	4	2	0	0
maxbin.016	Bacteria	5449	104	58	4.47	0.00	0.00	4116140	0	3277	3277	1213	1213	1256	1256	3487	3487	34.9	7.71	32.81	11	5083	100	4	0	0	0	0
SRR27931737.001	Bacteria	5449	104	58	0.00	0.00	0.00	904900	0	186	186	6485	6485	4865	4865	16072	16072	50.4	4.61	81.21	4	1087	104	0	0	0	0	0
SRR27931737.002	Bacteria	5449	104	58	94.83	37.95	6.03	2343586	0	868	868	3080	3080	2699	2699	30653	30653	37.8	4.34	87.10	11	2889	3	52	20	26	3	0
SRR27931737.003	Bacteria	5449	104	58	17.40	3.45	50.00	2719643	0	946	946	4208	4208	2874	2874	38686	38686	32.0	4.00	75.92	11	3408	91	11	2	0	0	0
SRR27931737.004	Bacteria	5449	104	58	75.13	8.97	0.00	2464878	0	752	752	4898	4898	3277	3277	23877	23877	36.8	2.34	87.15	11	2978	46	50	7	1	0	0
SRR27931737.005	Bacteria	5449	104	58	72.52	8.61	0.00	2419883	0	980	980	3262	3262	2469	2469	25038	25038	40.6	7.62	85.55	11	2975	44	52	8	0	0	0
maxbin.001	Bacteria	5449	104	58	0.00	0.00	0.00	904900	0	186	186	6485	6485	4865	4865	16072	16072	50.4	4.61	81.21	4	1087	104	0	0	0	0	0
maxbin.002	Bacteria	5449	104	58	94.83	37.95	6.03	2343586	0	868	868	3080	3080	2699	2699	30653	30653	37.8	4.34	87.10	11	2889	3	52	20	26	3	0
maxbin.003	Bacteria	5449	104	58	17.40	3.45	50.00	2719643	0	946	946	4208	4208	2874	2874	38686	38686	32.0	4.00	75.92	11	3408	91	11	2	0	0	0
maxbin.004	Bacteria	5449	104	58	75.13	8.97	0.00	2464878	0	752	752	4898	4898	3277	3277	23877	23877	36.8	2.34	87.15	11	2978	46	50	7	1	0	0
maxbin.005	Bacteria	5449	104	58	72.52	8.61	0.00	2419883	0	980	980	3262	3262	2469	2469	25038	25038	40.6	7.62	85.55	11	2975	44	52	8	0	0	0
SRR27931738.001	Bacteria	5449	104	58	19.67	0.86	0.00	1062999	0	221	221	6760	6760	4809	4809	21545	21545	47.6	7.74	81.61	4	1226	54	49	1	0	0	0
SRR27931738.002	Bacteria	5449	104	58	65.67	11.21	87.50	1465427	0	638	638	2540	2540	2296	2296	16640	16640	36.2	3.86	86.73	11	1821	60	36	8	0	0	0
SRR27931738.003	Bacteria	5449	104	58	0.78	0.00	0.00	222658	0	28	28	33940	33940	7952	7952	65935	65935	24.2	23.64	89.39	11	194	99	5	0	0	0	0
SRR27931738.004	Bacteria	5449	104	58	15.67	6.90	40.00	770201	0	328	328	2585	2585	2348	2348	39341	39341	36.5	1.45	86.89	11	1081	94	7	2	1	0	0
SRR27931738.005	Bacteria	5449	104	58	30.17	13.79	66.67	1112611	0	480	480	2514	2514	2317	2317	27797	27797	34.3	1.70	90.58	11	1456	84	13	6	1	0	0
SRR27931738.006	Bacteria	5449	104	58	26.02	17.40	69.23	1335061	0	689	689	1924	1924	1937	1937	21007	21007	38.5	1.91	94.98	11	1449	87	10	4	0	2	1
SRR27931738.007	Bacteria	5449	104	58	9.47	1.72	0.00	2670093	0	1032	1032	3189	3189	2587	2587	38769	38769	30.5	3.52	76.30	11	3409	96	7	1	0	0	0
SRR27931738.008	Bacteria	5449	104	58	91.16	46.71	0.00	3906352	0	1447	1447	3331	3331	2699	2699	30328	30328	36.7	2.73	86.18	11	5073	26	51	23	3	1	0
SRR27931738.009	Bacteria	5449	104	58	58.15	17.76	11.29	2083814	0	1137	1137	1822	1822	1832	1832	43019	43019	50.2	4.22	87.41	11	2948	33	37	23	9	2	0
SRR27931738.010	Bacteria	5449	104	58	74.47	33.38	13.95	2963814	0	2007	2007	1440	1440	1476	1476	6379	6379	36.4	5.22	82.34	11	4266	22	49	28	5	0	0
maxbin.001	Bacteria	5449	104	58	19.67	0.86	0.00	1062999	0	221	221	6760	6760	4809	4809	21545	21545	47.6	7.74	81.61	4	1226	54	49	1	0	0	0
maxbin.002	Bacteria	5449	104	58	65.67	11.21	87.50	1465427	0	638	638	2540	2540	2296	2296	16640	16640	36.2	3.86	86.73	11	1821	60	36	8	0	0	0
maxbin.003	Bacteria	5449	104	58	0.78	0.00	0.00	222658	0	28	28	33940	33940	7952	7952	65935	65935	24.2	23.64	89.39	11	194	99	5	0	0	0	0
maxbin.004	Bacteria	5449	104	58	15.67	6.90	40.00	770201	0	328	328	2585	2585	2348	2348	39341	39341	36.5	1.45	86.89	11	1081	94	7	2	1	0	0
maxbin.005	Bacteria	5449	104	58	30.17	13.79	66.67	1112611	0	480	480	2514	2514	2317	2317	27797	27797	34.3	1.70	90.58	11	1456	84	13	6	1	0	0
maxbin.006	Bacteria	5449	104	58	26.02	17.40	69.23	1335061	0	689	689	1924	1924	1937	1937	21007	21007	38.5	1.91	94.98	11	1449	87	10	4	0	2	1
maxbin.007	Bacteria	5449	104	58	9.47	1.72	0.00	2670093	0	1032	1032	3189	3189	2587	2587	38769	38769	30.5	3.52	76.30	11	3409	96	7	1	0	0	0
maxbin.008	Bacteria	5449	104	58	91.16	46.71	0.00	3906352	0	1447	1447	3331	3331	2699	2699	30328	30328	36.7	2.73	86.18	11	5073	26	51	23	3	1	0
maxbin.009	Bacteria	5449	104	58	58.15	17.76	11.29	2083814	0	1137	1137	1822	1822	1832	1832	43019	43019	50.2	4.22	87.41	11	2948	33	37	23	9	2	0
maxbin.010	Bacteria	5449	104	58	74.47	33.38	13.95	2963814	0	2007	2007	1440	1440	1476	1476	6379	6379	36.4	5.22	82.34	11	4266	22	49	28	5	0	0
SRR27931739.001	Bacteria	5449	104	58	27.59	0.47	100.00	1117816	0	225	225	7094	7094	4968	4968	28334	28334	46.5	8.72	81.12	4	1260	49	52	3	0	0	0
SRR27931739.002	Bacteria	5449	104	58	46.55	12.64	88.89	1362636	0	594	594	2428	2428	2294	2294	18398	18398	36.0	3.14	87.39	11	1781	71	26	6	1	0	0
SRR27931739.003	Bacteria	5449	104	58	50.86	25.00	83.33	1910370	0	793	793	2630	2630	2409	2409	33965	33965	35.5	2.37	89.28	11	2496	71	21	9	3	0	0
SRR27931739.004	Bacteria	5449	104	58	0.78	0.00	0.00	199171	0	16	16	34144	34144	12448	12448	93712	93712	20.1	19.68	92.23	11	174	99	5	0	0	0	0
SRR27931739.005	Bacteria	5449	104	58	25.31	15.52	86.67	1154589	0	554	554	2162	2162	2084	2084	29754	29754	39.0	2.01	95.09	11	1189	86	11	3	4	0	0
SRR27931739.006	Bacteria	5449	104	58	27.25	6.90	20.00	4001330	0	1467	1467	3477	3477	2727	2727	45883	45883	31.5	3.32	77.95	11	5129	82	19	2	1	0	0
SRR27931739.007	Bacteria	5449	104	58	65.77	2.90	25.00	2365145	0	908	908	3038	3038	2604	2604	43175	43175	35.5	2.40	89.58	11	3073	41	59	4	0	0	0
SRR27931739.008	Bacteria	5449	104	58	76.36	5.17	33.33	1981938	0	470	470	6354	6354	4216	4216	32937	32937	38.6	2.12	86.08	11	2244	50	51	3	0	0	0
SRR27931739.009	Bacteria	5449	104	58	81.03	25.66	27.94	3027744	0	1463	1463	2204	2204	2069	2069	43623	43623	50.8	4.03	87.72	11	4180	12	51	29	11	1	0
SRR27931739.010	Bacteria	5449	104	58	82.60	17.74	26.92	1678113	0	780	780	2427	2427	2151	2151	10094	10094	37.3	2.19	88.23	11	2295	12	70	20	2	0	0
SRR27931739.011	Bacteria	5449	104	58	52.32	7.84	27.27	1998503	0	1408	1408	1361	1361	1419	1419	6371	6371	36.6	5.80	82.15	11	2822	55	40	8	1	0	0
maxbin.001	Bacteria	5449	104	58	27.59	0.47	100.00	1117816	0	225	225	7094	7094	4968	4968	28334	28334	46.5	8.72	81.12	4	1260	49	52	3	0	0	0
maxbin.002	Bacteria	5449	104	58	46.55	12.64	88.89	1362636	0	594	594	2428	2428	2294	2294	18398	18398	36.0	3.14	87.39	11	1781	71	26	6	1	0	0
maxbin.003	Bacteria	5449	104	58	50.86	25.00	83.33	1910370	0	793	793	2630	2630	2409	2409	33965	33965	35.5	2.37	89.28	11	2496	71	21	9	3	0	0
maxbin.004	Bacteria	5449	104	58	0.78	0.00	0.00	199171	0	16	16	34144	34144	12448	12448	93712	93712	20.1	19.68	92.23	11	174	99	5	0	0	0	0
maxbin.005	Bacteria	5449	104	58	25.31	15.52	86.67	1154589	0	554	554	2162	2162	2084	2084	29754	29754	39.0	2.01	95.09	11	1189	86	11	3	4	0	0
maxbin.006	Bacteria	5449	104	58	27.25	6.90	20.00	4001330	0	1467	1467	3477	3477	2727	2727	45883	45883	31.5	3.32	77.95	11	5129	82	19	2	1	0	0
maxbin.007	Bacteria	5449	104	58	65.77	2.90	25.00	2365145	0	908	908	3038	3038	2604	2604	43175	43175	35.5	2.40	89.58	11	3073	41	59	4	0	0	0
maxbin.008	Bacteria	5449	104	58	76.36	5.17	33.33	1981938	0	470	470	6354	6354	4216	4216	32937	32937	38.6	2.12	86.08	11	2244	50	51	3	0	0	0
maxbin.009	Bacteria	5449	104	58	81.03	25.66	27.94	3027744	0	1463	1463	2204	2204	2069	2069	43623	43623	50.8	4.03	87.72	11	4180	12	51	29	11	1	0
maxbin.010	Bacteria	5449	104	58	82.60	17.74	26.92	1678113	0	780	780	2427	2427	2151	2151	10094	10094	37.3	2.19	88.23	11	2295	12	70	20	2	0	0
maxbin.011	Bacteria	5449	104	58	52.32	7.84	27.27	1998503	0	1408	1408	1361	1361	1419	1419	6371	6371	36.6	5.80	82.15	11	2822	55	40	8	1	0	0
SRR27931740.001	Bacteria	5449	104	58	21.55	3.76	75.00	1330531	0	230	230	8085	8085	5784	5784	45647	45647	45.5	7.32	77.19	11	1272	54	46	4	0	0	0
SRR27931740.002	Bacteria	5449	104	58	84.87	108.78	85.93	4708032	0	2026	2026	2579	2579	2323	2323	28934	28934	37.3	3.47	90.65	11	5515	29	40	13	12	6	4
SRR27931740.003	Bacteria	5449	104	58	99.14	4.91	16.67	2706445	0	109	109	102792	102792	24829	24829	347446	347446	53.0	3.39	90.44	11	2573	1	97	6	0	0	0
SRR27931740.004	Bacteria	5449	104	58	18.10	2.59	0.00	2425515	0	934	934	3155	3155	2596	2596	43467	43467	31.0	2.30	82.17	11	3252	92	10	2	0	0	0
SRR27931740.005	Bacteria	5449	104	58	76.22	21.00	45.00	3713995	0	1167	1167	4990	4990	3182	3182	94193	94193	35.8	2.28	89.84	11	4259	49	46	5	3	1	0
SRR27931740.006	Bacteria	5449	104	58	100.00	56.19	66.67	4202729	0	1086	1086	9768	9768	3869	3869	70757	70757	37.2	5.41	88.21	11	4705	0	58	45	1	0	0
SRR27931740.007	Bacteria	5449	104	58	66.69	1.88	0.00	2091869	0	809	809	3031	3031	2585	2585	40803	40803	48.8	2.55	88.60	11	2598	31	70	3	0	0	0
maxbin.001	Bacteria	5449	104	58	21.55	3.76	75.00	1330531	0	230	230	8085	8085	5784	5784	45647	45647	45.5	7.32	77.19	11	1272	54	46	4	0	0	0
maxbin.002	Bacteria	5449	104	58	84.87	108.78	85.93	4708032	0	2026	2026	2579	2579	2323	2323	28934	28934	37.3	3.47	90.65	11	5515	29	40	13	12	6	4
maxbin.003	Bacteria	5449	104	58	99.14	4.91	16.67	2706445	0	109	109	102792	102792	24829	24829	347446	347446	53.0	3.39	90.44	11	2573	1	97	6	0	0	0
maxbin.004	Bacteria	5449	104	58	18.10	2.59	0.00	2425515	0	934	934	3155	3155	2596	2596	43467	43467	31.0	2.30	82.17	11	3252	92	10	2	0	0	0
maxbin.005	Bacteria	5449	104	58	76.22	21.00	45.00	3713995	0	1167	1167	4990	4990	3182	3182	94193	94193	35.8	2.28	89.84	11	4259	49	46	5	3	1	0
maxbin.006	Bacteria	5449	104	58	100.00	56.19	66.67	4202729	0	1086	1086	9768	9768	3869	3869	70757	70757	37.2	5.41	88.21	11	4705	0	58	45	1	0	0
maxbin.007	Bacteria	5449	104	58	66.69	1.88	0.00	2091869	0	809	809	3031	3031	2585	2585	40803	40803	48.8	2.55	88.60	11	2598	31	70	3	0	0	0
SRR27931741.001	Bacteria	5449	104	58	24.14	2.04	66.67	1332435	0	250	250	7725	7725	5329	5329	44742	44742	45.4	7.87	82.68	4	1419	50	51	3	0	0	0
SRR27931741.002	Bacteria	5449	104	58	64.37	13.79	100.00	1532903	0	601	601	2815	2815	2550	2550	20391	20391	36.8	4.41	87.06	11	1862	61	35	8	0	0	0
SRR27931741.003	Bacteria	5449	104	58	33.62	17.24	80.00	1737909	0	699	699	2931	2931	2486	2486	16828	16828	35.7	2.28	88.76	11	2252	81	15	6	1	1	0
SRR27931741.004	Bacteria	5449	104	58	32.13	25.86	100.00	1392408	0	629	629	2287	2287	2213	2213	35089	35089	39.3	1.98	95.52	11	1388	78	17	4	4	1	0
SRR27931741.005	Bacteria	5449	104	58	99.14	0.00	0.00	2867991	0	152	152	121175	121175	18868	18868	314795	314795	52.6	6.89	90.04	11	2713	1	103	0	0	0	0
SRR27931741.006	Bacteria	5449	104	58	98.28	6.61	83.33	2463439	0	138	138	34894	34894	17851	17851	132665	132665	36.8	1.67	88.67	11	2411	1	97	6	0	0	0
SRR27931741.007	Bacteria	5449	104	58	83.19	39.42	61.11	4440435	0	1438	1438	4614	4614	3087	3087	96298	96298	35.7	2.38	89.88	11	5085	36	52	9	4	2	1
SRR27931741.008	Bacteria	5449	104	58	23.93	1.72	0.00	2635936	0	1010	1010	3192	3192	2609	2609	41579	41579	30.9	2.39	82.91	11	3486	87	16	1	0	0	0
SRR27931741.009	Bacteria	5449	104	58	69.33	4.31	100.00	2095047	0	730	730	3686	3686	2869	2869	19209	19209	37.1	1.99	88.52	11	2564	50	51	3	0	0	0
SRR27931741.010	Bacteria	5449	104	58	76.96	4.94	50.00	2624575	0	1085	1085	2898	2898	2418	2418	35640	35640	47.7	6.68	86.75	11	3233	21	77	5	1	0	0
maxbin.001	Bacteria	5449	104	58	24.14	2.04	66.67	1332435	0	250	250	7725	7725	5329	5329	44742	44742	45.4	7.87	82.68	4	1419	50	51	3	0	0	0
maxbin.002	Bacteria	5449	104	58	64.37	13.79	100.00	1532903	0	601	601	2815	2815	2550	2550	20391	20391	36.8	4.41	87.06	11	1862	61	35	8	0	0	0
maxbin.003	Bacteria	5449	104	58	33.62	17.24	80.00	1737909	0	699	699	2931	2931	2486	2486	16828	16828	35.7	2.28	88.76	11	2252	81	15	6	1	1	0
maxbin.004	Bacteria	5449	104	58	32.13	25.86	100.00	1392408	0	629	629	2287	2287	2213	2213	35089	35089	39.3	1.98	95.52	11	1388	78	17	4	4	1	0
maxbin.005	Bacteria	5449	104	58	99.14	0.00	0.00	2867991	0	152	152	121175	121175	18868	18868	314795	314795	52.6	6.89	90.04	11	2713	1	103	0	0	0	0
maxbin.006	Bacteria	5449	104	58	98.28	6.61	83.33	2463439	0	138	138	34894	34894	17851	17851	132665	132665	36.8	1.67	88.67	11	2411	1	97	6	0	0	0
maxbin.007	Bacteria	5449	104	58	83.19	39.42	61.11	4440435	0	1438	1438	4614	4614	3087	3087	96298	96298	35.7	2.38	89.88	11	5085	36	52	9	4	2	1
maxbin.008	Bacteria	5449	104	58	23.93	1.72	0.00	2635936	0	1010	1010	3192	3192	2609	2609	41579	41579	30.9	2.39	82.91	11	3486	87	16	1	0	0	0
maxbin.009	Bacteria	5449	104	58	69.33	4.31	100.00	2095047	0	730	730	3686	3686	2869	2869	19209	19209	37.1	1.99	88.52	11	2564	50	51	3	0	0	0
maxbin.010	Bacteria	5449	104	58	76.96	4.94	50.00	2624575	0	1085	1085	2898	2898	2418	2418	35640	35640	47.7	6.68	86.75	11	3233	21	77	5	1	0	0
SRR27931742.001	Bacteria	5449	104	58	33.62	0.16	0.00	664498	0	175	175	5163	5163	3797	3797	17801	17801	34.4	6.13	81.32	11	765	44	59	1	0	0	0
SRR27931742.002	Bacteria	5449	104	58	42.40	3.45	100.00	1028450	0	414	414	2924	2924	2484	2484	13135	13135	35.9	3.06	87.56	11	1353	73	29	2	0	0	0
SRR27931742.003	Bacteria	5449	104	58	0.00	0.00	0.00	649783	0	145	145	7095	7095	4481	4481	28429	28429	49.1	7.57	76.48	11	729	104	0	0	0	0	0
SRR27931742.004	Bacteria	5449	104	58	46.55	42.24	80.85	2375733	0	1026	1026	2593	2593	2315	2315	17482	17482	36.9	2.87	89.12	11	2968	74	15	7	4	3	1
SRR27931742.005	Bacteria	5449	104	58	100.00	1.72	0.00	3402477	0	286	286	51612	51612	11896	11896	232229	232229	51.7	8.54	88.20	11	3280	0	103	1	0	0	0
SRR27931742.006	Bacteria	5449	104	58	95.53	86.83	34.83	5198456	0	1361	1361	7093	7093	3819	3819	97691	97691	36.6	2.92	89.27	11	5815	4	68	17	10	2	3
SRR27931742.007	Bacteria	5449	104	58	71.11	12.38	50.00	3732228	0	897	897	7134	7134	4160	4160	139829	139829	33.7	3.59	86.62	11	4297	52	44	7	1	0	0
SRR27931742.008	Bacteria	5449	104	58	98.12	54.63	43.04	4537415	0	1421	1421	5668	5668	3193	3193	71170	71170	47.7	5.97	88.20	11	5389	2	46	48	7	0	1
SRR27931742.009	Bacteria	5449	104	58	96.16	67.41	2.27	8940286	0	3958	3958	2463	2463	2258	2258	38166	38166	37.0	10.20	84.20	11	11762	11	42	37	11	3	0
maxbin.001	Bacteria	5449	104	58	33.62	0.16	0.00	664498	0	175	175	5163	5163	3797	3797	17801	17801	34.4	6.13	81.32	11	765	44	59	1	0	0	0
maxbin.002	Bacteria	5449	104	58	42.40	3.45	100.00	1028450	0	414	414	2924	2924	2484	2484	13135	13135	35.9	3.06	87.56	11	1353	73	29	2	0	0	0
maxbin.003	Bacteria	5449	104	58	0.00	0.00	0.00	649783	0	145	145	7095	7095	4481	4481	28429	28429	49.1	7.57	76.48	11	729	104	0	0	0	0	0
maxbin.004	Bacteria	5449	104	58	46.55	42.24	80.85	2375733	0	1026	1026	2593	2593	2315	2315	17482	17482	36.9	2.87	89.12	11	2968	74	15	7	4	3	1
maxbin.005	Bacteria	5449	104	58	100.00	1.72	0.00	3402477	0	286	286	51612	51612	11896	11896	232229	232229	51.7	8.54	88.20	11	3280	0	103	1	0	0	0
maxbin.006	Bacteria	5449	104	58	95.53	86.83	34.83	5198456	0	1361	1361	7093	7093	3819	3819	97691	97691	36.6	2.92	89.27	11	5815	4	68	17	10	2	3
maxbin.007	Bacteria	5449	104	58	71.11	12.38	50.00	3732228	0	897	897	7134	7134	4160	4160	139829	139829	33.7	3.59	86.62	11	4297	52	44	7	1	0	0
maxbin.008	Bacteria	5449	104	58	98.12	54.63	43.04	4537415	0	1421	1421	5668	5668	3193	3193	71170	71170	47.7	5.97	88.20	11	5389	2	46	48	7	0	1
maxbin.009	Bacteria	5449	104	58	96.16	67.41	2.27	8940286	0	3958	3958	2463	2463	2258	2258	38166	38166	37.0	10.20	84.20	11	11762	11	42	37	11	3	0
SRR27931743.001	Bacteria	5449	104	58	22.49	0.16	0.00	396266	0	82	82	7960	7960	4832	4832	51464	51464	33.0	7.17	79.80	11	440	57	46	1	0	0	0
SRR27931743.002	Bacteria	5449	104	58	29.23	2.59	100.00	1309410	0	382	382	4535	4535	3427	3427	21274	21274	42.3	7.82	78.68	11	1360	77	25	2	0	0	0
SRR27931743.003	Bacteria	5449	104	58	40.52	15.52	63.64	2140613	0	867	867	2723	2723	2468	2468	39878	39878	36.0	3.80	85.68	11	2779	79	18	5	2	0	0
SRR27931743.004	Bacteria	5449	104	58	0.00	0.00	0.00	143782	0	35	35	6567	6567	4108	4108	12062	12062	51.0	7.14	76.48	4	160	104	0	0	0	0	0
SRR27931743.005	Bacteria	5449	104	58	5.49	0.00	0.00	314145	0	124	124	2761	2761	2533	2533	17799	17799	39.2	1.67	96.54	11	238	99	5	0	0	0	0
SRR27931743.006	Bacteria	5449	104	58	44.98	27.59	88.00	1409761	0	647	647	2351	2351	2178	2178	23249	23249	37.9	2.09	91.09	11	1701	76	16	7	4	1	0
SRR27931743.007	Bacteria	5449	104	58	99.14	0.00	0.00	3020755	0	203	203	53368	53368	14880	14880	166452	166452	51.9	8.70	89.64	11	2899	1	103	0	0	0	0
SRR27931743.008	Bacteria	5449	104	58	100.00	51.50	21.05	4048892	0	904	904	13438	13438	4478	4478	65889	65889	37.2	2.19	90.11	11	4272	0	65	30	9	0	0
SRR27931743.009	Bacteria	5449	104	58	83.60	27.19	67.86	3869301	0	919	919	7402	7402	4210	4210	119294	119294	33.5	2.81	86.26	11	4632	42	48	10	2	2	0
SRR27931743.010	Bacteria	5449	104	58	99.22	3.76	21.05	3094493	0	438	438	20628	20628	7065	7065	144331	144331	45.9	6.27	89.75	11	3097	5	89	7	2	1	0
SRR27931743.011	Bacteria	5449	104	58	92.37	59.66	4.92	8666386	0	3413	3413	3065	3065	2539	2539	70167	70167	35.0	4.11	84.92	11	11169	14	48	34	7	1	0
SRR27931743.012	Bacteria	5449	104	58	77.82	32.41	82.05	3364557	0	1828	1828	1866	1866	1840	1840	40187	40187	53.9	7.87	87.05	11	4624	19	48	36	1	0	0
SRR27931743.013	Bacteria	5449	104	58	12.76	1.72	0.00	1625847	0	931	931	1674	1674	1746	1746	17538	17538	40.0	11.99	79.61	11	2181	85	18	1	0	0	0
maxbin.001	Bacteria	5449	104	58	22.49	0.16	0.00	396266	0	82	82	7960	7960	4832	4832	51464	51464	33.0	7.17	79.80	11	440	57	46	1	0	0	0
maxbin.002	Bacteria	5449	104	58	29.23	2.59	100.00	1309410	0	382	382	4535	4535	3427	3427	21274	21274	42.3	7.82	78.68	11	1360	77	25	2	0	0	0
maxbin.003	Bacteria	5449	104	58	40.52	15.52	63.64	2140613	0	867	867	2723	2723	2468	2468	39878	39878	36.0	3.80	85.68	11	2779	79	18	5	2	0	0
maxbin.004	Bacteria	5449	104	58	0.00	0.00	0.00	143782	0	35	35	6567	6567	4108	4108	12062	12062	51.0	7.14	76.48	4	160	104	0	0	0	0	0
maxbin.005	Bacteria	5449	104	58	5.49	0.00	0.00	314145	0	124	124	2761	2761	2533	2533	17799	17799	39.2	1.67	96.54	11	238	99	5	0	0	0	0
maxbin.006	Bacteria	5449	104	58	44.98	27.59	88.00	1409761	0	647	647	2351	2351	2178	2178	23249	23249	37.9	2.09	91.09	11	1701	76	16	7	4	1	0
maxbin.007	Bacteria	5449	104	58	99.14	0.00	0.00	3020755	0	203	203	53368	53368	14880	14880	166452	166452	51.9	8.70	89.64	11	2899	1	103	0	0	0	0
maxbin.008	Bacteria	5449	104	58	100.00	51.50	21.05	4048892	0	904	904	13438	13438	4478	4478	65889	65889	37.2	2.19	90.11	11	4272	0	65	30	9	0	0
maxbin.009	Bacteria	5449	104	58	83.60	27.19	67.86	3869301	0	919	919	7402	7402	4210	4210	119294	119294	33.5	2.81	86.26	11	4632	42	48	10	2	2	0
maxbin.010	Bacteria	5449	104	58	99.22	3.76	21.05	3094493	0	438	438	20628	20628	7065	7065	144331	144331	45.9	6.27	89.75	11	3097	5	89	7	2	1	0
maxbin.011	Bacteria	5449	104	58	92.37	59.66	4.92	8666386	0	3413	3413	3065	3065	2539	2539	70167	70167	35.0	4.11	84.92	11	11169	14	48	34	7	1	0
maxbin.012	Bacteria	5449	104	58	77.82	32.41	82.05	3364557	0	1828	1828	1866	1866	1840	1840	40187	40187	53.9	7.87	87.05	11	4624	19	48	36	1	0	0
maxbin.013	Bacteria	5449	104	58	12.76	1.72	0.00	1625847	0	931	931	1674	1674	1746	1746	17538	17538	40.0	11.99	79.61	11	2181	85	18	1	0	0	0
SRR27931744.001	Bacteria	5449	104	58	0.00	0.00	0.00	180457	0	39	39	6509	6509	4627	4627	22030	22030	37.5	11.51	53.41	11	178	104	0	0	0	0	0
SRR27931744.002	Bacteria	5449	104	58	28.45	0.00	0.00	1420933	0	365	365	5523	5523	3892	3892	19811	19811	40.7	12.40	70.37	4	1412	48	56	0	0	0	0
SRR27931744.003	Bacteria	5449	104	58	3.61	0.00	0.00	1486600	0	444	444	4549	4549	3348	3348	26416	26416	31.6	9.88	63.77	11	1541	101	3	0	0	0	0
SRR27931744.004	Bacteria	5449	104	58	95.92	13.79	0.00	2864395	0	351	351	18489	18489	8160	8160	96995	96995	36.6	4.19	86.80	11	2915	6	86	12	0	0	0
SRR27931744.005	Bacteria	5449	104	58	56.82	29.31	84.00	1700786	0	765	765	2377	2377	2223	2223	35096	35096	37.6	3.52	90.27	11	1976	63	28	7	6	0	0
SRR27931744.006	Bacteria	5449	104	58	30.17	15.52	80.00	1801956	0	675	675	3104	3104	2669	2669	26433	26433	34.9	4.38	84.87	11	2326	85	9	10	0	0	0
SRR27931744.007	Bacteria	5449	104	58	99.14	2.35	40.00	3192650	0	319	319	43358	43358	10008	10008	172211	172211	51.2	12.44	87.74	11	3122	1	98	5	0	0	0
SRR27931744.008	Bacteria	5449	104	58	34.80	6.58	13.33	1296335	0	648	648	2011	2011	2000	2000	14488	14488	39.3	1.99	93.57	11	1561	68	27	6	3	0	0
SRR27931744.009	Bacteria	5449	104	58	62.23	12.38	30.00	3130266	0	969	969	4713	4713	3230	3230	101954	101954	34.8	2.33	88.18	11	3748	62	34	7	1	0	0
SRR27931744.010	Bacteria	5449	104	58	37.37	13.28	0.00	48383748	0	12157	12157	5333	5333	3979	3979	72818	72818	20.3	2.56	23.06	11	51110	55	31	16	2	0	0
SRR27931744.011	Bacteria	5449	104	58	77.66	30.50	0.00	4874487	0	1959	1959	2925	2925	2488	2488	44554	44554	35.9	2.42	82.17	11	6370	31	55	11	7	0	0
SRR27931744.012	Bacteria	5449	104	58	53.89	28.75	1.64	7489732	0	762	762	24272	24272	9829	9829	93456	93456	38.3	2.00	78.65	11	5210	37	32	25	8	2	0
SRR27931744.013	Bacteria	5449	104	58	39.13	6.16	4.88	3475031	0	777	777	10942	10942	4472	4472	76200	76200	41.0	2.48	75.66	11	3087	44	39	14	5	2	0
SRR27931744.014	Bacteria	5449	104	58	17.59	0.78	0.00	43438947	0	19286	19286	2481	2481	2252	2252	25140	25140	28.0	2.44	28.85	11	48929	81	20	1	2	0	0
SRR27931744.015	Bacteria	5449	104	58	42.57	4.62	40.00	29346832	0	19310	19310	1499	1499	1519	1519	6446	6446	36.9	5.28	34.59	11	39544	61	38	5	0	0	0
maxbin.001	Bacteria	5449	104	58	0.00	0.00	0.00	180457	0	39	39	6509	6509	4627	4627	22030	22030	37.5	11.51	53.41	11	178	104	0	0	0	0	0
maxbin.002	Bacteria	5449	104	58	28.45	0.00	0.00	1420933	0	365	365	5523	5523	3892	3892	19811	19811	40.7	12.40	70.37	4	1412	48	56	0	0	0	0
maxbin.003	Bacteria	5449	104	58	3.61	0.00	0.00	1486600	0	444	444	4549	4549	3348	3348	26416	26416	31.6	9.88	63.77	11	1541	101	3	0	0	0	0
maxbin.004	Bacteria	5449	104	58	95.92	13.79	0.00	2864395	0	351	351	18489	18489	8160	8160	96995	96995	36.6	4.19	86.80	11	2915	6	86	12	0	0	0
maxbin.005	Bacteria	5449	104	58	56.82	29.31	84.00	1700786	0	765	765	2377	2377	2223	2223	35096	35096	37.6	3.52	90.27	11	1976	63	28	7	6	0	0
maxbin.006	Bacteria	5449	104	58	30.17	15.52	80.00	1801956	0	675	675	3104	3104	2669	2669	26433	26433	34.9	4.38	84.87	11	2326	85	9	10	0	0	0
maxbin.007	Bacteria	5449	104	58	99.14	2.35	40.00	3192650	0	319	319	43358	43358	10008	10008	172211	172211	51.2	12.44	87.74	11	3122	1	98	5	0	0	0
maxbin.008	Bacteria	5449	104	58	34.80	6.58	13.33	1296335	0	648	648	2011	2011	2000	2000	14488	14488	39.3	1.99	93.57	11	1561	68	27	6	3	0	0
maxbin.009	Bacteria	5449	104	58	62.23	12.38	30.00	3130266	0	969	969	4713	4713	3230	3230	101954	101954	34.8	2.33	88.18	11	3748	62	34	7	1	0	0
maxbin.010	Bacteria	5449	104	58	37.37	13.28	0.00	48383748	0	12157	12157	5333	5333	3979	3979	72818	72818	20.3	2.56	23.06	11	51110	55	31	16	2	0	0
maxbin.011	Bacteria	5449	104	58	77.66	30.50	0.00	4874487	0	1959	1959	2925	2925	2488	2488	44554	44554	35.9	2.42	82.17	11	6370	31	55	11	7	0	0
maxbin.012	Bacteria	5449	104	58	53.89	28.75	1.64	7489732	0	762	762	24272	24272	9829	9829	93456	93456	38.3	2.00	78.65	11	5210	37	32	25	8	2	0
maxbin.013	Bacteria	5449	104	58	39.13	6.16	4.88	3475031	0	777	777	10942	10942	4472	4472	76200	76200	41.0	2.48	75.66	11	3087	44	39	14	5	2	0
maxbin.014	Bacteria	5449	104	58	17.59	0.78	0.00	43438947	0	19286	19286	2481	2481	2252	2252	25140	25140	28.0	2.44	28.85	11	48929	81	20	1	2	0	0
maxbin.015	Bacteria	5449	104	58	42.57	4.62	40.00	29346832	0	19310	19310	1499	1499	1519	1519	6446	6446	36.9	5.28	34.59	11	39544	61	38	5	0	0	0
SRR27931745.001	Bacteria	5449	104	58	38.51	0.47	100.00	1732814	0	432	432	5523	5523	4011	4011	25221	25221	38.5	12.43	65.58	11	1603	42	59	3	0	0	0
SRR27931745.002	Bacteria	5449	104	58	91.69	12.07	22.22	3949258	0	695	695	11720	11720	5682	5682	124238	124238	35.3	7.84	80.61	11	4083	13	82	9	0	0	0
SRR27931745.003	Bacteria	5449	104	58	55.02	25.00	78.95	1514180	0	686	686	2407	2407	2207	2207	12082	12082	37.7	2.85	91.94	11	1733	58	33	10	3	0	0
SRR27931745.004	Bacteria	5449	104	58	47.73	29.31	58.33	2338926	0	863	863	3092	3092	2710	2710	63499	63499	35.7	3.00	88.38	11	2958	72	18	12	0	2	0
SRR27931745.005	Bacteria	5449	104	58	100.00	30.30	40.43	4308073	0	878	878	26444	26444	4906	4906	195231	195231	51.2	8.15	86.48	11	4568	0	67	32	5	0	0
SRR27931745.006	Bacteria	5449	104	58	79.26	61.36	0.00	4199798	0	1308	1308	4722	4722	3210	3210	42368	42368	36.4	1.70	88.69	11	4968	47	25	24	7	1	0
SRR27931745.007	Bacteria	5449	104	58	29.89	2.70	0.00	40085715	0	11389	11389	4528	4528	3519	3519	43656	43656	19.5	2.76	20.95	11	38970	64	35	4	1	0	0
SRR27931745.008	Bacteria	5449	104	58	38.96	7.92	0.00	3557970	0	1549	1549	2504	2504	2296	2296	24911	24911	33.0	2.09	76.47	11	4638	74	25	4	1	0	0
SRR27931745.009	Bacteria	5449	104	58	21.97	2.98	0.00	41291931	0	18354	18354	2480	2480	2249	2249	31636	31636	26.5	2.42	28.19	11	46924	72	25	5	2	0	0
SRR27931745.010	Bacteria	5449	104	58	68.97	53.58	1.23	10674253	0	3476	3476	4218	4218	3070	3070	32470	32470	38.9	2.42	79.24	11	9660	21	25	23	17	12	6
SRR27931745.011	Bacteria	5449	104	58	17.82	0.16	0.00	28409085	0	18602	18602	1508	1508	1527	1527	8383	8383	35.3	4.61	37.24	11	44970	85	18	1	0	0	0
maxbin.001	Bacteria	5449	104	58	38.51	0.47	100.00	1732814	0	432	432	5523	5523	4011	4011	25221	25221	38.5	12.43	65.58	11	1603	42	59	3	0	0	0
maxbin.002	Bacteria	5449	104	58	91.69	12.07	22.22	3949258	0	695	695	11720	11720	5682	5682	124238	124238	35.3	7.84	80.61	11	4083	13	82	9	0	0	0
maxbin.003	Bacteria	5449	104	58	55.02	25.00	78.95	1514180	0	686	686	2407	2407	2207	2207	12082	12082	37.7	2.85	91.94	11	1733	58	33	10	3	0	0
maxbin.004	Bacteria	5449	104	58	47.73	29.31	58.33	2338926	0	863	863	3092	3092	2710	2710	63499	63499	35.7	3.00	88.38	11	2958	72	18	12	0	2	0
maxbin.005	Bacteria	5449	104	58	100.00	30.30	40.43	4308073	0	878	878	26444	26444	4906	4906	195231	195231	51.2	8.15	86.48	11	4568	0	67	32	5	0	0
maxbin.006	Bacteria	5449	104	58	79.26	61.36	0.00	4199798	0	1308	1308	4722	4722	3210	3210	42368	42368	36.4	1.70	88.69	11	4968	47	25	24	7	1	0
maxbin.007	Bacteria	5449	104	58	29.89	2.70	0.00	40085715	0	11389	11389	4528	4528	3519	3519	43656	43656	19.5	2.76	20.95	11	38970	64	35	4	1	0	0
maxbin.008	Bacteria	5449	104	58	38.96	7.92	0.00	3557970	0	1549	1549	2504	2504	2296	2296	24911	24911	33.0	2.09	76.47	11	4638	74	25	4	1	0	0
maxbin.009	Bacteria	5449	104	58	21.97	2.98	0.00	41291931	0	18354	18354	2480	2480	2249	2249	31636	31636	26.5	2.42	28.19	11	46924	72	25	5	2	0	0
maxbin.010	Bacteria	5449	104	58	68.97	53.58	1.23	10674253	0	3476	3476	4218	4218	3070	3070	32470	32470	38.9	2.42	79.24	11	9660	21	25	23	17	12	6
maxbin.011	Bacteria	5449	104	58	17.82	0.16	0.00	28409085	0	18602	18602	1508	1508	1527	1527	8383	8383	35.3	4.61	37.24	11	44970	85	18	1	0	0	0
SRR27931746.001	Bacteria	5449	104	58	0.00	0.00	0.00	163441	0	50	50	3562	3562	3268	3268	13736	13736	35.1	13.16	43.29	11	169	104	0	0	0	0	0
SRR27931746.002	Bacteria	5449	104	58	98.28	11.76	64.29	1678020	0	60	60	88740	88740	27967	27967	185365	185365	49.2	9.60	84.63	11	1481	1	75	28	0	0	0
SRR27931746.003	Bacteria	5449	104	58	50.76	3.98	92.86	829200	0	275	275	3619	3619	3015	3015	28460	28460	39.4	4.32	79.10	11	959	41	49	14	0	0	0
SRR27931746.004	Bacteria	5449	104	58	1.72	0.00	0.00	568895	0	201	201	3484	3484	2830	2830	50410	50410	27.9	9.48	36.17	11	409	102	2	0	0	0	0
SRR27931746.005	Bacteria	5449	104	58	100.00	13.79	11.11	4421402	0	511	511	80835	80835	8652	8652	224660	224660	37.4	8.88	79.57	11	4277	0	97	6	1	0	0
SRR27931746.006	Bacteria	5449	104	58	92.20	91.38	73.98	4165875	0	1533	1533	3353	3353	2717	2717	58998	58998	37.7	4.27	88.95	11	4366	14	43	28	9	8	2
SRR27931746.007	Bacteria	5449	104	58	90.31	66.09	29.31	4132402	0	1325	1325	3864	3864	3118	3118	91600	91600	34.7	3.98	88.91	11	4829	38	36	19	9	2	0
SRR27931746.008	Bacteria	5449	104	58	96.47	58.50	0.75	4698894	0	1707	1707	3781	3781	2752	2752	131009	131009	43.3	3.60	71.64	4	5468	8	44	29	14	7	2
SRR27931746.009	Bacteria	5449	104	58	21.72	3.76	0.00	34530614	0	11741	11741	3558	3558	2941	2941	28255	28255	27.3	2.06	32.09	11	40112	73	20	8	3	0	0
SRR27931746.010	Bacteria	5449	104	58	24.85	7.24	0.00	28207307	0	12281	12281	2545	2545	2296	2296	17866	17866	20.5	2.56	22.49	11	29924	73	26	5	0	0	0
SRR27931746.011	Bacteria	5449	104	58	3.21	0.00	0.00	45715033	0	12674	12674	4582	4582	3606	3606	41063	41063	38.7	1.90	37.41	11	61499	98	6	0	0	0	0
SRR27931746.012	Bacteria	5449	104	58	9.56	1.72	0.00	42953340	0	11817	11817	4755	4755	3634	3634	33283	33283	33.1	1.89	33.81	11	55758	92	11	1	0	0	0
SRR27931746.013	Bacteria	5449	104	58	21.30	3.45	50.00	2380522	0	1335	1335	1740	1740	1783	1783	16050	16050	34.2	2.20	77.30	11	3251	82	20	2	0	0	0
SRR27931746.014	Bacteria	5449	104	58	1.72	0.00	0.00	31120395	0	9907	9907	3890	3890	3141	3141	27103	27103	45.4	3.04	46.82	11	46365	103	1	0	0	0	0
SRR27931746.015	Bacteria	5449	104	58	53.97	21.21	52.63	1332183	0	830	830	1590	1590	1605	1605	7522	7522	49.6	2.97	85.28	11	1790	47	42	13	2	0	0
maxbin.001	Bacteria	5449	104	58	0.00	0.00	0.00	163441	0	50	50	3562	3562	3268	3268	13736	13736	35.1	13.16	43.29	11	169	104	0	0	0	0	0
maxbin.002	Bacteria	5449	104	58	98.28	11.76	64.29	1678020	0	60	60	88740	88740	27967	27967	185365	185365	49.2	9.60	84.63	11	1481	1	75	28	0	0	0
maxbin.003	Bacteria	5449	104	58	50.76	3.98	92.86	829200	0	275	275	3619	3619	3015	3015	28460	28460	39.4	4.32	79.10	11	959	41	49	14	0	0	0
maxbin.004	Bacteria	5449	104	58	1.72	0.00	0.00	568895	0	201	201	3484	3484	2830	2830	50410	50410	27.9	9.48	36.17	11	409	102	2	0	0	0	0
maxbin.005	Bacteria	5449	104	58	100.00	13.79	11.11	4421402	0	511	511	80835	80835	8652	8652	224660	224660	37.4	8.88	79.57	11	4277	0	97	6	1	0	0
maxbin.006	Bacteria	5449	104	58	92.20	91.38	73.98	4165875	0	1533	1533	3353	3353	2717	2717	58998	58998	37.7	4.27	88.95	11	4366	14	43	28	9	8	2
maxbin.007	Bacteria	5449	104	58	90.31	66.09	29.31	4132402	0	1325	1325	3864	3864	3118	3118	91600	91600	34.7	3.98	88.91	11	4829	38	36	19	9	2	0
maxbin.008	Bacteria	5449	104	58	96.47	58.50	0.75	4698894	0	1707	1707	3781	3781	2752	2752	131009	131009	43.3	3.60	71.64	4	5468	8	44	29	14	7	2
maxbin.009	Bacteria	5449	104	58	21.72	3.76	0.00	34530614	0	11741	11741	3558	3558	2941	2941	28255	28255	27.3	2.06	32.09	11	40112	73	20	8	3	0	0
maxbin.010	Bacteria	5449	104	58	24.85	7.24	0.00	28207307	0	12281	12281	2545	2545	2296	2296	17866	17866	20.5	2.56	22.49	11	29924	73	26	5	0	0	0
maxbin.011	Bacteria	5449	104	58	3.21	0.00	0.00	45715033	0	12674	12674	4582	4582	3606	3606	41063	41063	38.7	1.90	37.41	11	61499	98	6	0	0	0	0
maxbin.012	Bacteria	5449	104	58	9.56	1.72	0.00	42953340	0	11817	11817	4755	4755	3634	3634	33283	33283	33.1	1.89	33.81	11	55758	92	11	1	0	0	0
maxbin.013	Bacteria	5449	104	58	21.30	3.45	50.00	2380522	0	1335	1335	1740	1740	1783	1783	16050	16050	34.2	2.20	77.30	11	3251	82	20	2	0	0	0
maxbin.014	Bacteria	5449	104	58	1.72	0.00	0.00	31120395	0	9907	9907	3890	3890	3141	3141	27103	27103	45.4	3.04	46.82	11	46365	103	1	0	0	0	0
maxbin.015	Bacteria	5449	104	58	53.97	21.21	52.63	1332183	0	830	830	1590	1590	1605	1605	7522	7522	49.6	2.97	85.28	11	1790	47	42	13	2	0	0
SRR27931747.001	Bacteria	5449	104	58	6.11	0.00	0.00	583605	0	114	114	7675	7675	5119	5119	31210	31210	49.1	6.82	81.92	4	696	81	23	0	0	0	0
SRR27931747.002	Bacteria	5449	104	58	46.55	1.96	20.00	1585060	0	408	408	5118	5118	3884	3884	110120	110120	36.8	7.52	79.91	11	1704	57	41	4	2	0	0
SRR27931747.003	Bacteria	5449	104	58	71.50	54.39	69.81	3926170	0	1396	1396	3244	3244	2812	2812	65309	65309	37.1	3.48	89.33	11	4719	28	49	17	8	2	0
SRR27931747.004	Bacteria	5449	104	58	9.33	1.72	0.00	2017759	0	544	544	5250	5250	3709	3709	36036	36036	30.9	3.74	75.03	11	2423	88	15	1	0	0	0
SRR27931747.005	Bacteria	5449	104	58	91.38	5.96	12.50	2975536	0	298	298	22253	22253	9985	9985	101681	101681	36.6	3.84	85.36	11	2947	29	67	8	0	0	0
SRR27931747.006	Bacteria	5449	104	58	92.53	11.46	13.33	2884750	0	302	302	20678	20678	9552	9552	64333	64333	36.3	3.35	87.28	11	2959	16	73	15	0	0	0
SRR27931747.007	Bacteria	5449	104	58	79.69	67.87	42.68	4890471	0	1557	1557	4309	4309	3140	3140	87972	87972	37.7	3.37	90.08	11	5314	22	42	30	4	5	1
SRR27931747.008	Bacteria	5449	104	58	99.14	6.03	26.67	3929411	0	295	295	35778	35778	13320	13320	125240	125240	51.6	3.83	82.96	11	3771	1	88	15	0	0	0
SRR27931747.009	Bacteria	5449	104	58	94.83	47.76	20.59	4638603	0	1145	1145	7023	7023	4051	4051	87468	87468	35.5	2.77	86.00	11	5333	24	52	25	3	0	0
SRR27931747.010	Bacteria	5449	104	58	79.36	33.89	7.69	4112989	0	1814	1814	2518	2518	2267	2267	19416	19416	37.5	2.54	86.44	11	5142	29	47	19	7	2	0
SRR27931747.011	Bacteria	5449	104	58	59.45	15.63	6.67	3982275	0	1966	1966	2127	2127	2025	2025	19595	19595	29.5	2.61	76.34	11	5227	39	44	18	2	1	0
SRR27931747.012	Bacteria	5449	104	58	81.19	55.67	75.61	2810798	0	1014	1014	3396	3396	2771	2771	22702	22702	61.3	2.07	91.50	11	3398	38	29	35	2	0	0
SRR27931747.013	Bacteria	5449	104	58	33.99	5.77	95.65	1508082	0	733	733	2123	2123	2057	2057	35358	35358	54.9	6.50	87.43	11	1951	60	34	5	4	1	0
SRR27931747.014	Bacteria	5449	104	58	78.34	36.10	68.42	2781173	0	1497	1497	1939	1939	1857	1857	8967	8967	50.5	3.42	89.09	11	3784	30	44	26	4	0	0
SRR27931747.015	Bacteria	5449	104	58	2.59	0.00	0.00	327300	0	262	262	1183	1183	1249	1249	3565	3565	33.6	9.43	71.83	4	498	102	2	0	0	0	0
maxbin.001	Bacteria	5449	104	58	6.11	0.00	0.00	583605	0	114	114	7675	7675	5119	5119	31210	31210	49.1	6.82	81.92	4	696	81	23	0	0	0	0
maxbin.002	Bacteria	5449	104	58	46.55	1.96	20.00	1585060	0	408	408	5118	5118	3884	3884	110120	110120	36.8	7.52	79.91	11	1704	57	41	4	2	0	0
maxbin.003	Bacteria	5449	104	58	71.50	54.39	69.81	3926170	0	1396	1396	3244	3244	2812	2812	65309	65309	37.1	3.48	89.33	11	4719	28	49	17	8	2	0
maxbin.004	Bacteria	5449	104	58	9.33	1.72	0.00	2017759	0	544	544	5250	5250	3709	3709	36036	36036	30.9	3.74	75.03	11	2423	88	15	1	0	0	0
maxbin.005	Bacteria	5449	104	58	91.38	5.96	12.50	2975536	0	298	298	22253	22253	9985	9985	101681	101681	36.6	3.84	85.36	11	2947	29	67	8	0	0	0
maxbin.006	Bacteria	5449	104	58	92.53	11.46	13.33	2884750	0	302	302	20678	20678	9552	9552	64333	64333	36.3	3.35	87.28	11	2959	16	73	15	0	0	0
maxbin.007	Bacteria	5449	104	58	79.69	67.87	42.68	4890471	0	1557	1557	4309	4309	3140	3140	87972	87972	37.7	3.37	90.08	11	5314	22	42	30	4	5	1
maxbin.008	Bacteria	5449	104	58	99.14	6.03	26.67	3929411	0	295	295	35778	35778	13320	13320	125240	125240	51.6	3.83	82.96	11	3771	1	88	15	0	0	0
maxbin.009	Bacteria	5449	104	58	94.83	47.76	20.59	4638603	0	1145	1145	7023	7023	4051	4051	87468	87468	35.5	2.77	86.00	11	5333	24	52	25	3	0	0
maxbin.010	Bacteria	5449	104	58	79.36	33.89	7.69	4112989	0	1814	1814	2518	2518	2267	2267	19416	19416	37.5	2.54	86.44	11	5142	29	47	19	7	2	0
maxbin.011	Bacteria	5449	104	58	59.45	15.63	6.67	3982275	0	1966	1966	2127	2127	2025	2025	19595	19595	29.5	2.61	76.34	11	5227	39	44	18	2	1	0
maxbin.012	Bacteria	5449	104	58	81.19	55.67	75.61	2810798	0	1014	1014	3396	3396	2771	2771	22702	22702	61.3	2.07	91.50	11	3398	38	29	35	2	0	0
maxbin.013	Bacteria	5449	104	58	33.99	5.77	95.65	1508082	0	733	733	2123	2123	2057	2057	35358	35358	54.9	6.50	87.43	11	1951	60	34	5	4	1	0
maxbin.014	Bacteria	5449	104	58	78.34	36.10	68.42	2781173	0	1497	1497	1939	1939	1857	1857	8967	8967	50.5	3.42	89.09	11	3784	30	44	26	4	0	0
maxbin.015	Bacteria	5449	104	58	2.59	0.00	0.00	327300	0	262	262	1183	1183	1249	1249	3565	3565	33.6	9.43	71.83	4	498	102	2	0	0	0	0
SRR27931748.001	Bacteria	5449	104	58	88.79	39.97	68.57	4105401	0	2167	2167	1929	1929	1894	1894	45505	45505	35.4	2.84	87.74	11	5845	7	77	16	3	0	1
SRR27931748.002	Bacteria	5449	104	58	9.15	0.16	0.00	1319734	0	599	599	2448	2448	2203	2203	35283	35283	45.1	9.95	80.58	11	1590	88	15	1	0	0	0
maxbin.001	Bacteria	5449	104	58	88.79	39.97	68.57	4105401	0	2167	2167	1929	1929	1894	1894	45505	45505	35.4	2.84	87.74	11	5845	7	77	16	3	0	1
maxbin.002	Bacteria	5449	104	58	9.15	0.16	0.00	1319734	0	599	599	2448	2448	2203	2203	35283	35283	45.1	9.95	80.58	11	1590	88	15	1	0	0	0
SRR27931749.001	Bacteria	5449	104	58	55.25	10.34	83.33	1403149	0	417	417	4335	4335	3364	3364	22199	22199	41.2	5.92	81.52	11	1522	40	58	6	0	0	0
SRR27931749.002	Bacteria	5449	104	58	48.20	24.14	84.21	2195881	0	882	882	2871	2871	2489	2489	44437	44437	36.7	4.09	88.00	11	2776	64	29	7	4	0	0
SRR27931749.003	Bacteria	5449	104	58	52.35	38.66	88.24	3308721	0	1343	1343	2752	2752	2463	2463	70128	70128	36.5	3.45	88.04	11	4102	65	22	10	6	1	0
SRR27931749.004	Bacteria	5449	104	58	76.96	32.92	63.33	3502614	0	1028	1028	5316	5316	3407	3407	114602	114602	35.1	3.35	88.41	11	4097	47	40	12	4	1	0
SRR27931749.005	Bacteria	5449	104	58	99.14	0.63	0.00	3343071	0	341	341	35405	35405	9803	9803	121170	121170	51.6	7.31	86.86	11	3219	1	99	4	0	0	0
SRR27931749.006	Bacteria	5449	104	58	28.62	0.69	0.00	3752507	0	1540	1540	2771	2771	2436	2436	43414	43414	30.3	2.71	78.95	11	5010	74	28	2	0	0	0
SRR27931749.007	Bacteria	5449	104	58	95.14	53.58	72.09	4358680	0	805	805	9559	9559	5414	5414	70195	70195	36.4	2.42	87.67	11	4815	11	54	37	2	0	0
SRR27931749.008	Bacteria	5449	104	58	97.41	40.53	20.24	4048133	0	1438	1438	4069	4069	2815	2815	57495	57495	47.7	7.71	82.60	11	4733	2	57	32	10	2	1
SRR27931749.009	Bacteria	5449	104	58	59.38	17.95	4.17	2676104	0	1228	1228	2352	2352	2179	2179	21826	21826	36.9	2.30	89.50	11	3576	50	35	18	0	1	0
maxbin.001	Bacteria	5449	104	58	55.25	10.34	83.33	1403149	0	417	417	4335	4335	3364	3364	22199	22199	41.2	5.92	81.52	11	1522	40	58	6	0	0	0
maxbin.002	Bacteria	5449	104	58	48.20	24.14	84.21	2195881	0	882	882	2871	2871	2489	2489	44437	44437	36.7	4.09	88.00	11	2776	64	29	7	4	0	0
maxbin.003	Bacteria	5449	104	58	52.35	38.66	88.24	3308721	0	1343	1343	2752	2752	2463	2463	70128	70128	36.5	3.45	88.04	11	4102	65	22	10	6	1	0
maxbin.004	Bacteria	5449	104	58	76.96	32.92	63.33	3502614	0	1028	1028	5316	5316	3407	3407	114602	114602	35.1	3.35	88.41	11	4097	47	40	12	4	1	0
maxbin.005	Bacteria	5449	104	58	99.14	0.63	0.00	3343071	0	341	341	35405	35405	9803	9803	121170	121170	51.6	7.31	86.86	11	3219	1	99	4	0	0	0
maxbin.006	Bacteria	5449	104	58	28.62	0.69	0.00	3752507	0	1540	1540	2771	2771	2436	2436	43414	43414	30.3	2.71	78.95	11	5010	74	28	2	0	0	0
maxbin.007	Bacteria	5449	104	58	95.14	53.58	72.09	4358680	0	805	805	9559	9559	5414	5414	70195	70195	36.4	2.42	87.67	11	4815	11	54	37	2	0	0
maxbin.008	Bacteria	5449	104	58	97.41	40.53	20.24	4048133	0	1438	1438	4069	4069	2815	2815	57495	57495	47.7	7.71	82.60	11	4733	2	57	32	10	2	1
maxbin.009	Bacteria	5449	104	58	59.38	17.95	4.17	2676104	0	1228	1228	2352	2352	2179	2179	21826	21826	36.9	2.30	89.50	11	3576	50	35	18	0	1	0
SRR27931750.001	Bacteria	5449	104	58	36.99	0.86	100.00	576011	0	209	209	3476	3476	2756	2756	14363	14363	37.3	3.82	86.48	11	747	65	38	1	0	0	0
SRR27931750.002	Bacteria	5449	104	58	67.66	56.19	86.79	3662809	0	1439	1439	2914	2914	2545	2545	30284	30284	38.6	4.59	86.40	11	4278	35	45	14	7	3	0
SRR27931750.003	Bacteria	5449	104	58	81.55	94.78	61.32	6113013	0	2050	2050	3849	3849	2981	2981	227825	227825	35.7	3.75	88.04	11	7208	36	34	17	10	4	3
SRR27931750.004	Bacteria	5449	104	58	99.14	2.19	0.00	3268245	0	308	308	45357	45357	10611	10611	199367	199367	51.2	8.12	87.54	11	3129	1	99	4	0	0	0
SRR27931750.005	Bacteria	5449	104	58	66.24	23.93	24.00	3376644	0	587	587	17587	17587	5752	5752	100839	100839	36.2	2.65	87.68	11	3558	25	60	16	3	0	0
SRR27931750.006	Bacteria	5449	104	58	22.77	5.33	0.00	4056093	0	1620	1620	2946	2946	2503	2503	57899	57899	30.2	2.76	78.75	11	5247	77	23	4	0	0	0
SRR27931750.007	Bacteria	5449	104	58	81.30	44.54	54.84	3375311	0	985	985	4973	4973	3426	3426	63232	63232	36.9	2.01	87.50	11	4069	42	35	25	2	0	0
SRR27931750.008	Bacteria	5449	104	58	53.61	26.10	21.43	2410021	0	1021	1021	2515	2515	2360	2360	68751	68751	36.7	2.46	89.89	11	3027	56	30	13	5	0	0
SRR27931750.009	Bacteria	5449	104	58	98.28	18.48	16.07	4103118	0	1135	1135	9650	9650	3615	3615	146121	146121	46.8	9.45	79.74	11	4451	1	74	17	11	1	0
maxbin.001	Bacteria	5449	104	58	36.99	0.86	100.00	576011	0	209	209	3476	3476	2756	2756	14363	14363	37.3	3.82	86.48	11	747	65	38	1	0	0	0
maxbin.002	Bacteria	5449	104	58	67.66	56.19	86.79	3662809	0	1439	1439	2914	2914	2545	2545	30284	30284	38.6	4.59	86.40	11	4278	35	45	14	7	3	0
maxbin.003	Bacteria	5449	104	58	81.55	94.78	61.32	6113013	0	2050	2050	3849	3849	2981	2981	227825	227825	35.7	3.75	88.04	11	7208	36	34	17	10	4	3
maxbin.004	Bacteria	5449	104	58	99.14	2.19	0.00	3268245	0	308	308	45357	45357	10611	10611	199367	199367	51.2	8.12	87.54	11	3129	1	99	4	0	0	0
maxbin.005	Bacteria	5449	104	58	66.24	23.93	24.00	3376644	0	587	587	17587	17587	5752	5752	100839	100839	36.2	2.65	87.68	11	3558	25	60	16	3	0	0
maxbin.006	Bacteria	5449	104	58	22.77	5.33	0.00	4056093	0	1620	1620	2946	2946	2503	2503	57899	57899	30.2	2.76	78.75	11	5247	77	23	4	0	0	0
maxbin.007	Bacteria	5449	104	58	81.30	44.54	54.84	3375311	0	985	985	4973	4973	3426	3426	63232	63232	36.9	2.01	87.50	11	4069	42	35	25	2	0	0
maxbin.008	Bacteria	5449	104	58	53.61	26.10	21.43	2410021	0	1021	1021	2515	2515	2360	2360	68751	68751	36.7	2.46	89.89	11	3027	56	30	13	5	0	0
maxbin.009	Bacteria	5449	104	58	98.28	18.48	16.07	4103118	0	1135	1135	9650	9650	3615	3615	146121	146121	46.8	9.45	79.74	11	4451	1	74	17	11	1	0
SRR27931751.001	Bacteria	5449	104	58	89.66	53.45	69.23	3124166	0	1440	1440	2288	2288	2169	2169	19208	19208	37.0	3.06	89.69	11	3887	6	77	13	6	1	1
SRR27931751.002	Bacteria	5449	104	58	70.97	32.13	8.57	5722078	0	2972	2972	1873	1873	1925	1925	42927	42927	38.0	7.65	84.39	11	7891	26	54	20	3	1	0
maxbin.001	Bacteria	5449	104	58	89.66	53.45	69.23	3124166	0	1440	1440	2288	2288	2169	2169	19208	19208	37.0	3.06	89.69	11	3887	6	77	13	6	1	1
maxbin.002	Bacteria	5449	104	58	70.97	32.13	8.57	5722078	0	2972	2972	1873	1873	1925	1925	42927	42927	38.0	7.65	84.39	11	7891	26	54	20	3	1	0
SRR27931752.001	Bacteria	5449	104	58	17.24	0.47	33.33	1124469	0	237	237	7089	7089	4744	4744	45914	45914	46.1	8.53	83.24	4	1232	59	42	3	0	0	0
SRR27931752.002	Bacteria	5449	104	58	80.17	32.76	83.33	1907225	0	795	795	2685	2685	2399	2399	15945	15945	36.5	4.15	84.42	11	2209	45	41	15	3	0	0
SRR27931752.003	Bacteria	5449	104	58	91.69	4.31	0.00	3809029	0	786	786	9246	9246	4846	4846	59122	59122	35.5	4.37	84.20	11	4271	16	85	3	0	0	0
SRR27931752.004	Bacteria	5449	104	58	85.75	98.85	51.67	4499752	0	1647	1647	3364	3364	2732	2732	62543	62543	36.5	3.63	88.99	11	5167	25	32	31	11	3	2
SRR27931752.005	Bacteria	5449	104	58	51.65	37.45	59.26	4159050	0	1736	1736	2613	2613	2395	2395	43323	43323	36.5	3.10	89.06	11	4813	39	42	14	6	2	1
SRR27931752.006	Bacteria	5449	104	58	89.66	11.21	37.50	2712572	0	585	585	7700	7700	4636	4636	46954	46954	38.6	2.73	86.05	11	2995	19	77	8	0	0	0
SRR27931752.007	Bacteria	5449	104	58	100.00	47.82	0.00	6876728	0	2233	2233	4339	4339	3079	3079	115616	115616	30.5	2.30	76.96	11	8508	0	56	37	10	1	0
SRR27931752.008	Bacteria	5449	104	58	92.48	6.69	75.00	2178748	0	723	723	4306	4306	3013	3013	21593	21593	59.6	2.60	90.26	11	2671	9	87	8	0	0	0
SRR27931752.009	Bacteria	5449	104	58	78.70	40.86	9.68	3595830	0	1538	1538	2682	2682	2337	2337	15506	15506	37.0	2.04	88.50	11	4806	40	41	19	4	0	0
SRR27931752.010	Bacteria	5449	104	58	1.80	0.63	0.00	5194595	0	3550	3550	1346	1346	1463	1463	63626	63626	18.9	2.55	18.81	11	3787	97	3	4	0	0	0
SRR27931752.011	Bacteria	5449	104	58	57.01	7.05	16.67	4483460	0	2924	2924	1385	1385	1533	1533	16764	16764	26.8	2.74	40.07	11	5366	58	42	3	1	0	0
SRR27931752.012	Bacteria	5449	104	58	63.21	13.87	35.29	2306198	0	1414	1414	1551	1551	1630	1630	26085	26085	50.4	2.56	82.39	11	3119	42	51	8	3	0	0
SRR27931752.013	Bacteria	5449	104	58	58.39	29.06	8.38	8274127	0	4943	4943	1686	1686	1673	1673	12731	12731	38.7	3.18	73.96	11	9585	32	37	9	16	4	6
maxbin.001	Bacteria	5449	104	58	17.24	0.47	33.33	1124469	0	237	237	7089	7089	4744	4744	45914	45914	46.1	8.53	83.24	4	1232	59	42	3	0	0	0
maxbin.002	Bacteria	5449	104	58	80.17	32.76	83.33	1907225	0	795	795	2685	2685	2399	2399	15945	15945	36.5	4.15	84.42	11	2209	45	41	15	3	0	0
maxbin.003	Bacteria	5449	104	58	91.69	4.31	0.00	3809029	0	786	786	9246	9246	4846	4846	59122	59122	35.5	4.37	84.20	11	4271	16	85	3	0	0	0
maxbin.004	Bacteria	5449	104	58	85.75	98.85	51.67	4499752	0	1647	1647	3364	3364	2732	2732	62543	62543	36.5	3.63	88.99	11	5167	25	32	31	11	3	2
maxbin.005	Bacteria	5449	104	58	51.65	37.45	59.26	4159050	0	1736	1736	2613	2613	2395	2395	43323	43323	36.5	3.10	89.06	11	4813	39	42	14	6	2	1
maxbin.006	Bacteria	5449	104	58	89.66	11.21	37.50	2712572	0	585	585	7700	7700	4636	4636	46954	46954	38.6	2.73	86.05	11	2995	19	77	8	0	0	0
maxbin.007	Bacteria	5449	104	58	100.00	47.82	0.00	6876728	0	2233	2233	4339	4339	3079	3079	115616	115616	30.5	2.30	76.96	11	8508	0	56	37	10	1	0
maxbin.008	Bacteria	5449	104	58	92.48	6.69	75.00	2178748	0	723	723	4306	4306	3013	3013	21593	21593	59.6	2.60	90.26	11	2671	9	87	8	0	0	0
maxbin.009	Bacteria	5449	104	58	78.70	40.86	9.68	3595830	0	1538	1538	2682	2682	2337	2337	15506	15506	37.0	2.04	88.50	11	4806	40	41	19	4	0	0
maxbin.010	Bacteria	5449	104	58	1.80	0.63	0.00	5194595	0	3550	3550	1346	1346	1463	1463	63626	63626	18.9	2.55	18.81	11	3787	97	3	4	0	0	0
maxbin.011	Bacteria	5449	104	58	57.01	7.05	16.67	4483460	0	2924	2924	1385	1385	1533	1533	16764	16764	26.8	2.74	40.07	11	5366	58	42	3	1	0	0
maxbin.012	Bacteria	5449	104	58	63.21	13.87	35.29	2306198	0	1414	1414	1551	1551	1630	1630	26085	26085	50.4	2.56	82.39	11	3119	42	51	8	3	0	0
maxbin.013	Bacteria	5449	104	58	58.39	29.06	8.38	8274127	0	4943	4943	1686	1686	1673	1673	12731	12731	38.7	3.18	73.96	11	9585	32	37	9	16	4	6
SRR27931753.001	Bacteria	5449	104	58	0.16	0.00	0.00	1070338	0	255	255	5795	5795	4197	4197	45626	45626	45.7	8.69	81.97	4	1322	103	1	0	0	0	0
SRR27931753.002	Bacteria	5449	104	58	93.10	18.65	28.57	2213408	0	1263	1263	1768	1768	1752	1752	9747	9747	36.1	4.71	83.81	11	3042	4	81	18	1	0	0
maxbin.001	Bacteria	5449	104	58	0.16	0.00	0.00	1070338	0	255	255	5795	5795	4197	4197	45626	45626	45.7	8.69	81.97	4	1322	103	1	0	0	0	0
maxbin.002	Bacteria	5449	104	58	93.10	18.65	28.57	2213408	0	1263	1263	1768	1768	1752	1752	9747	9747	36.1	4.71	83.81	11	3042	4	81	18	1	0	0
SRR27931754.001	Bacteria	5449	104	58	0.00	0.00	0.00	861391	0	153	153	7680	7680	5630	5630	17212	17212	49.4	5.50	80.98	4	1041	104	0	0	0	0	0
SRR27931754.002	Bacteria	5449	104	58	98.28	2.04	66.67	2002864	0	522	522	5483	5483	3836	3836	68886	68886	36.7	5.97	83.74	11	2184	1	100	3	0	0	0
SRR27931754.003	Bacteria	5449	104	58	95.92	17.58	15.79	2767271	0	668	668	8366	8366	4142	4142	55540	55540	37.0	1.73	86.82	11	3130	16	71	16	1	0	0
SRR27931754.004	Bacteria	5449	104	58	31.88	7.40	0.00	3982513	0	1531	1531	3140	3140	2601	2601	32431	32431	31.5	4.27	76.36	11	5146	69	29	6	0	0	0
SRR27931754.005	Bacteria	5449	104	58	77.27	11.21	0.00	2384750	0	994	994	2975	2975	2399	2399	29863	29863	37.5	2.40	88.11	11	3004	41	57	5	1	0	0
SRR27931754.006	Bacteria	5449	104	58	50.71	13.15	2.13	2342211	0	1345	1345	1698	1698	1741	1741	20720	20720	43.3	10.62	84.21	11	3210	37	37	23	6	1	0
maxbin.001	Bacteria	5449	104	58	0.00	0.00	0.00	861391	0	153	153	7680	7680	5630	5630	17212	17212	49.4	5.50	80.98	4	1041	104	0	0	0	0	0
maxbin.002	Bacteria	5449	104	58	98.28	2.04	66.67	2002864	0	522	522	5483	5483	3836	3836	68886	68886	36.7	5.97	83.74	11	2184	1	100	3	0	0	0
maxbin.003	Bacteria	5449	104	58	95.92	17.58	15.79	2767271	0	668	668	8366	8366	4142	4142	55540	55540	37.0	1.73	86.82	11	3130	16	71	16	1	0	0
maxbin.004	Bacteria	5449	104	58	31.88	7.40	0.00	3982513	0	1531	1531	3140	3140	2601	2601	32431	32431	31.5	4.27	76.36	11	5146	69	29	6	0	0	0
maxbin.005	Bacteria	5449	104	58	77.27	11.21	0.00	2384750	0	994	994	2975	2975	2399	2399	29863	29863	37.5	2.40	88.11	11	3004	41	57	5	1	0	0
maxbin.006	Bacteria	5449	104	58	50.71	13.15	2.13	2342211	0	1345	1345	1698	1698	1741	1741	20720	20720	43.3	10.62	84.21	11	3210	37	37	23	6	1	0
SRR27931755.001	Bacteria	5449	104	58	96.55	3.45	0.00	2494981	0	566	566	5890	5890	4408	4408	32109	32109	41.4	7.72	80.93	11	2321	2	100	2	0	0	0
SRR27931755.002	Bacteria	5449	104	58	31.54	2.59	0.00	4124366	0	1721	1721	2794	2794	2396	2396	36342	36342	32.5	3.97	77.78	11	5516	80	22	2	0	0	0
SRR27931755.003	Bacteria	5449	104	58	97.10	73.17	4.69	3834503	0	1407	1407	3586	3586	2725	2725	30203	30203	37.8	2.87	88.78	11	4637	4	53	40	6	1	0
SRR27931755.004	Bacteria	5449	104	58	56.50	13.62	11.11	1928145	0	1085	1085	1768	1768	1777	1777	37609	37609	45.9	8.74	83.71	11	2583	38	45	18	3	0	0
maxbin.001	Bacteria	5449	104	58	96.55	3.45	0.00	2494981	0	566	566	5890	5890	4408	4408	32109	32109	41.4	7.72	80.93	11	2321	2	100	2	0	0	0
maxbin.002	Bacteria	5449	104	58	31.54	2.59	0.00	4124366	0	1721	1721	2794	2794	2396	2396	36342	36342	32.5	3.97	77.78	11	5516	80	22	2	0	0	0
maxbin.003	Bacteria	5449	104	58	97.10	73.17	4.69	3834503	0	1407	1407	3586	3586	2725	2725	30203	30203	37.8	2.87	88.78	11	4637	4	53	40	6	1	0
maxbin.004	Bacteria	5449	104	58	56.50	13.62	11.11	1928145	0	1085	1085	1768	1768	1777	1777	37609	37609	45.9	8.74	83.71	11	2583	38	45	18	3	0	0
SRR27931756.001	Bacteria	5449	104	58	7.05	0.00	0.00	673790	0	62	62	17879	17879	10867	10867	68044	68044	32.8	2.95	76.47	11	767	98	6	0	0	0	0
SRR27931756.002	Bacteria	5449	104	58	94.83	13.79	0.00	5731078	0	175	175	96166	96166	32749	32749	223041	223041	34.9	2.85	83.65	11	5894	4	65	35	0	0	0
SRR27931756.003	Bacteria	5449	104	58	14.81	0.00	0.00	129710	0	56	56	2630	2630	2316	2316	10632	10632	35.9	2.81	85.52	11	156	81	23	0	0	0	0
SRR27931756.004	Bacteria	5449	104	58	63.67	26.72	68.42	2248767	0	817	817	3327	3327	2752	2752	41043	41043	38.8	5.40	83.24	11	2496	54	37	10	3	0	0
SRR27931756.005	Bacteria	5449	104	58	47.57	24.29	75.00	3217463	0	1177	1177	3320	3320	2733	2733	54452	54452	36.4	4.89	84.46	11	3889	72	19	11	1	1	0
SRR27931756.006	Bacteria	5449	104	58	23.92	10.34	100.00	1514788	0	681	681	2347	2347	2224	2224	32123	32123	39.6	3.47	92.79	11	1486	81	16	7	0	0	0
SRR27931756.007	Bacteria	5449	104	58	61.71	32.76	76.92	2529866	0	849	849	3892	3892	2979	2979	71675	71675	35.3	2.81	88.42	11	3153	62	27	11	3	1	0
SRR27931756.008	Bacteria	5449	104	58	98.28	12.60	20.00	2616621	0	577	577	7615	7615	4534	4534	61044	61044	53.0	5.39	82.82	11	2722	1	83	20	0	0	0
SRR27931756.009	Bacteria	5449	104	58	50.63	50.86	18.75	5318324	0	2559	2559	2223	2223	2078	2078	22500	22500	31.6	2.95	83.52	11	7549	66	22	6	6	4	0
SRR27931756.010	Bacteria	5449	104	58	61.78	43.27	0.65	7377512	0	2244	2244	4485	4485	3287	3287	58803	58803	39.7	2.21	80.25	11	6397	26	26	21	19	11	1
SRR27931756.011	Bacteria	5449	104	58	76.25	45.83	9.52	4725565	0	2080	2080	2650	2650	2271	2271	18706	18706	36.0	5.02	83.09	11	5043	39	35	24	6	0	0
maxbin.001	Bacteria	5449	104	58	7.05	0.00	0.00	673790	0	62	62	17879	17879	10867	10867	68044	68044	32.8	2.95	76.47	11	767	98	6	0	0	0	0
maxbin.002	Bacteria	5449	104	58	94.83	13.79	0.00	5731078	0	175	175	96166	96166	32749	32749	223041	223041	34.9	2.85	83.65	11	5894	4	65	35	0	0	0
maxbin.003	Bacteria	5449	104	58	14.81	0.00	0.00	129710	0	56	56	2630	2630	2316	2316	10632	10632	35.9	2.81	85.52	11	156	81	23	0	0	0	0
maxbin.004	Bacteria	5449	104	58	63.67	26.72	68.42	2248767	0	817	817	3327	3327	2752	2752	41043	41043	38.8	5.40	83.24	11	2496	54	37	10	3	0	0
maxbin.005	Bacteria	5449	104	58	47.57	24.29	75.00	3217463	0	1177	1177	3320	3320	2733	2733	54452	54452	36.4	4.89	84.46	11	3889	72	19	11	1	1	0
maxbin.006	Bacteria	5449	104	58	23.92	10.34	100.00	1514788	0	681	681	2347	2347	2224	2224	32123	32123	39.6	3.47	92.79	11	1486	81	16	7	0	0	0
maxbin.007	Bacteria	5449	104	58	61.71	32.76	76.92	2529866	0	849	849	3892	3892	2979	2979	71675	71675	35.3	2.81	88.42	11	3153	62	27	11	3	1	0
maxbin.008	Bacteria	5449	104	58	98.28	12.60	20.00	2616621	0	577	577	7615	7615	4534	4534	61044	61044	53.0	5.39	82.82	11	2722	1	83	20	0	0	0
maxbin.009	Bacteria	5449	104	58	50.63	50.86	18.75	5318324	0	2559	2559	2223	2223	2078	2078	22500	22500	31.6	2.95	83.52	11	7549	66	22	6	6	4	0
maxbin.010	Bacteria	5449	104	58	61.78	43.27	0.65	7377512	0	2244	2244	4485	4485	3287	3287	58803	58803	39.7	2.21	80.25	11	6397	26	26	21	19	11	1
maxbin.011	Bacteria	5449	104	58	76.25	45.83	9.52	4725565	0	2080	2080	2650	2650	2271	2271	18706	18706	36.0	5.02	83.09	11	5043	39	35	24	6	0	0
SRR27931757.001	Bacteria	5449	104	58	99.66	0.00	0.00	3749131	0	219	219	31439	31439	17119	17119	148320	148320	55.0	5.67	84.64	11	3400	1	103	0	0	0	0
SRR27931757.002	Bacteria	5449	104	58	95.69	2.90	100.00	2492444	0	223	223	36735	36735	11176	11176	214108	214108	36.9	8.18	88.74	11	2686	3	97	4	0	0	0
SRR27931757.003	Bacteria	5449	104	58	99.14	4.31	25.00	2864961	0	289	289	20029	20029	9913	9913	80502	80502	51.1	3.98	83.41	11	2795	1	99	4	0	0	0
SRR27931757.004	Bacteria	5449	104	58	100.00	7.37	14.29	2825680	0	379	379	15851	15851	7455	7455	83208	83208	37.3	4.00	88.06	11	3087	0	97	7	0	0	0
SRR27931757.005	Bacteria	5449	104	58	91.25	0.00	0.00	3640654	0	489	489	16701	16701	7445	7445	80184	80184	51.8	3.70	84.27	11	3804	23	81	0	0	0	0
SRR27931757.006	Bacteria	5449	104	58	1.72	0.00	0.00	224156	0	55	55	5523	5523	4075	4075	45474	45474	40.3	2.34	85.25	11	277	102	2	0	0	0	0
SRR27931757.007	Bacteria	5449	104	58	19.12	21.82	76.19	107958	0	24	24	5054	5054	4498	4498	11852	11852	40.1	1.38	91.84	11	123	64	12	21	7	0	0
SRR27931757.008	Bacteria	5449	104	58	21.90	7.76	100.00	1874964	0	329	329	9210	9210	5698	5698	38294	38294	34.9	1.81	84.96	11	2103	90	10	3	1	0	0
SRR27931757.009	Bacteria	5449	104	58	42.16	22.41	88.24	1350748	0	140	140	16103	16103	9648	9648	123927	123927	38.2	1.02	91.23	11	1354	72	19	11	2	0	0
SRR27931757.010	Bacteria	5449	104	58	13.68	4.94	100.00	294626	0	65	65	7361	7361	4532	4532	23971	23971	38.1	1.03	90.76	11	364	86	11	7	0	0	0
SRR27931757.011	Bacteria	5449	104	58	8.93	6.90	80.00	179705	0	53	53	4446	4446	3390	3390	17096	17096	40.4	1.02	94.31	11	202	95	4	5	0	0	0
SRR27931757.012	Bacteria	5449	104	58	46.55	25.86	60.87	2233721	0	288	288	21556	21556	7755	7755	165896	165896	36.9	3.83	90.57	11	2420	71	21	8	3	1	0
SRR27931757.013	Bacteria	5449	104	58	93.10	25.61	14.55	5441608	0	2051	2051	3090	3090	2653	2653	221578	221578	41.0	4.04	85.07	11	7254	4	69	17	4	6	4
SRR27931757.014	Bacteria	5449	104	58	10.60	1.72	100.00	4277530	0	1598	1598	3130	3130	2676	2676	218628	218628	31.2	3.06	82.04	11	6176	90	13	1	0	0	0
SRR27931757.015	Bacteria	5449	104	58	83.62	31.19	0.00	6784034	0	3195	3195	2306	2306	2123	2123	17838	17838	53.2	7.08	86.29	11	9070	36	49	18	1	0	0
maxbin.001	Bacteria	5449	104	58	99.66	0.00	0.00	3749131	0	219	219	31439	31439	17119	17119	148320	148320	55.0	5.67	84.64	11	3400	1	103	0	0	0	0
maxbin.002	Bacteria	5449	104	58	95.69	2.90	100.00	2492444	0	223	223	36735	36735	11176	11176	214108	214108	36.9	8.18	88.74	11	2686	3	97	4	0	0	0
maxbin.003	Bacteria	5449	104	58	99.14	4.31	25.00	2864961	0	289	289	20029	20029	9913	9913	80502	80502	51.1	3.98	83.41	11	2795	1	99	4	0	0	0
maxbin.004	Bacteria	5449	104	58	100.00	7.37	14.29	2825680	0	379	379	15851	15851	7455	7455	83208	83208	37.3	4.00	88.06	11	3087	0	97	7	0	0	0
maxbin.005	Bacteria	5449	104	58	91.25	0.00	0.00	3640654	0	489	489	16701	16701	7445	7445	80184	80184	51.8	3.70	84.27	11	3804	23	81	0	0	0	0
maxbin.006	Bacteria	5449	104	58	1.72	0.00	0.00	224156	0	55	55	5523	5523	4075	4075	45474	45474	40.3	2.34	85.25	11	277	102	2	0	0	0	0
maxbin.007	Bacteria	5449	104	58	19.12	21.82	76.19	107958	0	24	24	5054	5054	4498	4498	11852	11852	40.1	1.38	91.84	11	123	64	12	21	7	0	0
maxbin.008	Bacteria	5449	104	58	21.90	7.76	100.00	1874964	0	329	329	9210	9210	5698	5698	38294	38294	34.9	1.81	84.96	11	2103	90	10	3	1	0	0
maxbin.009	Bacteria	5449	104	58	42.16	22.41	88.24	1350748	0	140	140	16103	16103	9648	9648	123927	123927	38.2	1.02	91.23	11	1354	72	19	11	2	0	0
maxbin.010	Bacteria	5449	104	58	13.68	4.94	100.00	294626	0	65	65	7361	7361	4532	4532	23971	23971	38.1	1.03	90.76	11	364	86	11	7	0	0	0
maxbin.011	Bacteria	5449	104	58	8.93	6.90	80.00	179705	0	53	53	4446	4446	3390	3390	17096	17096	40.4	1.02	94.31	11	202	95	4	5	0	0	0
maxbin.012	Bacteria	5449	104	58	46.55	25.86	60.87	2233721	0	288	288	21556	21556	7755	7755	165896	165896	36.9	3.83	90.57	11	2420	71	21	8	3	1	0
maxbin.013	Bacteria	5449	104	58	93.10	25.61	14.55	5441608	0	2051	2051	3090	3090	2653	2653	221578	221578	41.0	4.04	85.07	11	7254	4	69	17	4	6	4
maxbin.014	Bacteria	5449	104	58	10.60	1.72	100.00	4277530	0	1598	1598	3130	3130	2676	2676	218628	218628	31.2	3.06	82.04	11	6176	90	13	1	0	0	0
maxbin.015	Bacteria	5449	104	58	83.62	31.19	0.00	6784034	0	3195	3195	2306	2306	2123	2123	17838	17838	53.2	7.08	86.29	11	9070	36	49	18	1	0	0
SRR27931758.001	Bacteria	5449	104	58	37.30	0.16	0.00	387391	0	143	143	3201	3201	2709	2709	10911	10911	35.1	3.88	85.19	11	498	56	47	1	0	0	0
SRR27931758.002	Bacteria	5449	104	58	52.59	26.72	90.48	1883147	0	774	774	2792	2792	2433	2433	12012	12012	36.1	2.72	88.64	11	2260	71	21	9	2	1	0
SRR27931758.003	Bacteria	5449	104	58	53.92	36.21	88.37	2663153	0	1117	1117	2613	2613	2384	2384	39890	39890	36.4	2.85	88.46	11	3152	64	26	8	3	1	2
SRR27931758.004	Bacteria	5449	104	58	76.43	35.03	33.33	3273894	0	948	948	4934	4934	3453	3453	80700	80700	34.5	3.76	85.05	11	3917	33	48	18	4	1	0
SRR27931758.005	Bacteria	5449	104	58	14.50	1.72	50.00	1720784	0	426	426	6841	6841	4039	4039	59785	59785	45.6	5.45	73.08	11	1466	85	17	2	0	0	0
SRR27931758.006	Bacteria	5449	104	58	62.84	24.29	56.52	4689969	0	1264	1264	5799	5799	3710	3710	149754	149754	33.3	5.02	84.01	11	5283	56	36	10	1	0	1
SRR27931758.007	Bacteria	5449	104	58	86.99	8.62	40.00	2298101	0	265	265	19855	19855	8672	8672	90429	90429	37.3	6.21	87.55	11	2319	30	69	5	0	0	0
SRR27931758.008	Bacteria	5449	104	58	87.93	10.50	0.00	2580647	0	482	482	9363	9363	5354	5354	35541	35541	38.0	3.67	85.67	11	2720	20	78	5	1	0	0
SRR27931758.009	Bacteria	5449	104	58	41.97	16.77	17.46	2652292	0	959	959	3564	3564	2765	2765	95626	95626	39.6	2.44	88.97	11	2983	46	34	14	5	4	1
SRR27931758.010	Bacteria	5449	104	58	96.55	24.69	69.77	2646724	0	439	439	10289	10289	6028	6028	56644	56644	53.2	2.36	90.41	11	2852	3	64	20	12	5	0
SRR27931758.011	Bacteria	5449	104	58	20.11	4.31	25.00	7183016	0	4084	4084	1618	1618	1758	1758	32447	32447	30.7	2.75	52.61	11	7561	90	12	1	1	0	0
SRR27931758.012	Bacteria	5449	104	58	28.51	1.72	0.00	2144338	0	709	709	3992	3992	3024	3024	57344	57344	46.9	2.01	82.46	11	2555	77	26	1	0	0	0
SRR27931758.013	Bacteria	5449	104	58	88.40	71.78	13.24	5574951	0	2698	2698	2238	2238	2066	2066	29557	29557	36.5	2.06	78.16	11	6983	24	40	29	9	2	0
SRR27931758.014	Bacteria	5449	104	58	67.16	22.41	43.75	2050209	0	906	906	2506	2506	2262	2262	11541	11541	52.3	2.24	91.91	11	2598	55	35	13	1	0	0
SRR27931758.015	Bacteria	5449	104	58	54.04	4.52	100.00	1126189	0	642	642	1794	1794	1754	1754	12837	12837	56.2	7.17	87.58	11	1591	47	52	5	0	0	0
SRR27931758.016	Bacteria	5449	104	58	13.51	0.00	0.00	987384	0	825	825	1135	1135	1196	1196	3242	3242	36.1	14.69	42.77	11	838	94	10	0	0	0	0
maxbin.001	Bacteria	5449	104	58	37.30	0.16	0.00	387391	0	143	143	3201	3201	2709	2709	10911	10911	35.1	3.88	85.19	11	498	56	47	1	0	0	0
maxbin.002	Bacteria	5449	104	58	52.59	26.72	90.48	1883147	0	774	774	2792	2792	2433	2433	12012	12012	36.1	2.72	88.64	11	2260	71	21	9	2	1	0
maxbin.003	Bacteria	5449	104	58	53.92	36.21	88.37	2663153	0	1117	1117	2613	2613	2384	2384	39890	39890	36.4	2.85	88.46	11	3152	64	26	8	3	1	2
maxbin.004	Bacteria	5449	104	58	76.43	35.03	33.33	3273894	0	948	948	4934	4934	3453	3453	80700	80700	34.5	3.76	85.05	11	3917	33	48	18	4	1	0
maxbin.005	Bacteria	5449	104	58	14.50	1.72	50.00	1720784	0	426	426	6841	6841	4039	4039	59785	59785	45.6	5.45	73.08	11	1466	85	17	2	0	0	0
maxbin.006	Bacteria	5449	104	58	62.84	24.29	56.52	4689969	0	1264	1264	5799	5799	3710	3710	149754	149754	33.3	5.02	84.01	11	5283	56	36	10	1	0	1
maxbin.007	Bacteria	5449	104	58	86.99	8.62	40.00	2298101	0	265	265	19855	19855	8672	8672	90429	90429	37.3	6.21	87.55	11	2319	30	69	5	0	0	0
maxbin.008	Bacteria	5449	104	58	87.93	10.50	0.00	2580647	0	482	482	9363	9363	5354	5354	35541	35541	38.0	3.67	85.67	11	2720	20	78	5	1	0	0
maxbin.009	Bacteria	5449	104	58	41.97	16.77	17.46	2652292	0	959	959	3564	3564	2765	2765	95626	95626	39.6	2.44	88.97	11	2983	46	34	14	5	4	1
maxbin.010	Bacteria	5449	104	58	96.55	24.69	69.77	2646724	0	439	439	10289	10289	6028	6028	56644	56644	53.2	2.36	90.41	11	2852	3	64	20	12	5	0
maxbin.011	Bacteria	5449	104	58	20.11	4.31	25.00	7183016	0	4084	4084	1618	1618	1758	1758	32447	32447	30.7	2.75	52.61	11	7561	90	12	1	1	0	0
maxbin.012	Bacteria	5449	104	58	28.51	1.72	0.00	2144338	0	709	709	3992	3992	3024	3024	57344	57344	46.9	2.01	82.46	11	2555	77	26	1	0	0	0
maxbin.013	Bacteria	5449	104	58	88.40	71.78	13.24	5574951	0	2698	2698	2238	2238	2066	2066	29557	29557	36.5	2.06	78.16	11	6983	24	40	29	9	2	0
maxbin.014	Bacteria	5449	104	58	67.16	22.41	43.75	2050209	0	906	906	2506	2506	2262	2262	11541	11541	52.3	2.24	91.91	11	2598	55	35	13	1	0	0
maxbin.015	Bacteria	5449	104	58	54.04	4.52	100.00	1126189	0	642	642	1794	1794	1754	1754	12837	12837	56.2	7.17	87.58	11	1591	47	52	5	0	0	0
maxbin.016	Bacteria	5449	104	58	13.51	0.00	0.00	987384	0	825	825	1135	1135	1196	1196	3242	3242	36.1	14.69	42.77	11	838	94	10	0	0	0	0
SRR27931759.001	Bacteria	5449	104	58	42.74	2.19	100.00	879226	0	333	333	3061	3061	2640	2640	13608	13608	35.3	3.52	85.91	11	1056	68	32	4	0	0	0
SRR27931759.002	Bacteria	5449	104	58	51.72	40.52	87.50	2366799	0	1031	1031	2578	2578	2295	2295	14187	14187	36.1	2.94	87.88	11	2895	70	17	11	5	1	0
SRR27931759.003	Bacteria	5449	104	58	51.25	36.99	89.36	2920227	0	1123	1123	2954	2954	2600	2600	60486	60486	39.1	3.19	88.18	11	3076	42	31	23	8	0	0
SRR27931759.004	Bacteria	5449	104	58	80.84	40.67	34.00	4446572	0	1169	1169	5893	5893	3803	3803	118207	118207	33.6	5.10	83.09	11	5168	32	48	14	8	2	0
SRR27931759.005	Bacteria	5449	104	58	94.44	66.38	11.32	5397271	0	1199	1199	9823	9823	4501	4501	150203	150203	35.8	3.77	86.97	11	5841	13	57	26	7	1	0
SRR27931759.006	Bacteria	5449	104	58	39.50	7.76	2.94	3112079	0	853	853	6746	6746	3648	3648	66316	66316	43.4	2.97	78.38	11	3354	44	37	19	3	1	0
SRR27931759.007	Bacteria	5449	104	58	84.95	10.34	12.50	2582371	0	514	514	8045	8045	5024	5024	38961	38961	37.3	2.41	85.08	11	2765	43	57	2	2	0	0
SRR27931759.008	Bacteria	5449	104	58	97.41	22.07	55.36	2687512	0	588	588	6458	6458	4570	4570	38174	38174	53.0	3.10	90.26	11	3012	2	62	32	8	0	0
SRR27931759.009	Bacteria	5449	104	58	13.24	1.72	100.00	4570951	0	2441	2441	1811	1811	1872	1872	16612	16612	29.4	2.43	56.90	11	4847	94	9	1	0	0	0
SRR27931759.010	Bacteria	5449	104	58	90.05	56.18	10.87	7328345	0	4149	4149	1749	1749	1766	1766	23466	23466	36.7	6.89	71.58	11	9175	20	50	28	6	0	0
SRR27931759.011	Bacteria	5449	104	58	82.68	51.60	71.67	3304065	0	1698	1698	2086	2086	1945	1945	12316	12316	51.9	3.91	89.25	11	4486	28	38	27	11	0	0
maxbin.001	Bacteria	5449	104	58	42.74	2.19	100.00	879226	0	333	333	3061	3061	2640	2640	13608	13608	35.3	3.52	85.91	11	1056	68	32	4	0	0	0
maxbin.002	Bacteria	5449	104	58	51.72	40.52	87.50	2366799	0	1031	1031	2578	2578	2295	2295	14187	14187	36.1	2.94	87.88	11	2895	70	17	11	5	1	0
maxbin.003	Bacteria	5449	104	58	51.25	36.99	89.36	2920227	0	1123	1123	2954	2954	2600	2600	60486	60486	39.1	3.19	88.18	11	3076	42	31	23	8	0	0
maxbin.004	Bacteria	5449	104	58	80.84	40.67	34.00	4446572	0	1169	1169	5893	5893	3803	3803	118207	118207	33.6	5.10	83.09	11	5168	32	48	14	8	2	0
maxbin.005	Bacteria	5449	104	58	94.44	66.38	11.32	5397271	0	1199	1199	9823	9823	4501	4501	150203	150203	35.8	3.77	86.97	11	5841	13	57	26	7	1	0
maxbin.006	Bacteria	5449	104	58	39.50	7.76	2.94	3112079	0	853	853	6746	6746	3648	3648	66316	66316	43.4	2.97	78.38	11	3354	44	37	19	3	1	0
maxbin.007	Bacteria	5449	104	58	84.95	10.34	12.50	2582371	0	514	514	8045	8045	5024	5024	38961	38961	37.3	2.41	85.08	11	2765	43	57	2	2	0	0
maxbin.008	Bacteria	5449	104	58	97.41	22.07	55.36	2687512	0	588	588	6458	6458	4570	4570	38174	38174	53.0	3.10	90.26	11	3012	2	62	32	8	0	0
maxbin.009	Bacteria	5449	104	58	13.24	1.72	100.00	4570951	0	2441	2441	1811	1811	1872	1872	16612	16612	29.4	2.43	56.90	11	4847	94	9	1	0	0	0
maxbin.010	Bacteria	5449	104	58	90.05	56.18	10.87	7328345	0	4149	4149	1749	1749	1766	1766	23466	23466	36.7	6.89	71.58	11	9175	20	50	28	6	0	0
maxbin.011	Bacteria	5449	104	58	82.68	51.60	71.67	3304065	0	1698	1698	2086	2086	1945	1945	12316	12316	51.9	3.91	89.25	11	4486	28	38	27	11	0	0
SRR27931760.001	Bacteria	5449	104	58	54.08	6.58	85.71	1144306	0	415	415	3021	3021	2757	2757	60338	60338	36.6	3.45	86.84	11	1343	47	47	8	2	0	0
SRR27931760.002	Bacteria	5449	104	58	0.00	0.00	0.00	865033	0	180	180	6466	6466	4805	4805	22946	22946	50.4	4.49	75.93	11	960	104	0	0	0	0	0
SRR27931760.003	Bacteria	5449	104	58	81.24	62.07	65.00	3019270	0	945	945	3905	3905	3194	3194	59845	59845	33.9	2.04	86.98	11	3833	38	43	11	9	2	1
SRR27931760.004	Bacteria	5449	104	58	67.90	58.70	91.78	2767195	0	1114	1114	2759	2759	2484	2484	52859	52859	38.0	2.30	92.48	11	2827	33	48	11	6	4	2
SRR27931760.005	Bacteria	5449	104	58	66.85	57.76	66.10	5405787	0	1952	1952	3416	3416	2769	2769	161551	161551	36.1	3.06	89.44	11	6275	49	37	8	6	3	1
SRR27931760.006	Bacteria	5449	104	58	11.69	3.92	0.00	2259516	0	656	656	5133	5133	3444	3444	117971	117971	29.4	4.81	82.17	11	2699	82	17	5	0	0	0
SRR27931760.007	Bacteria	5449	104	58	96.55	44.51	54.76	1552110	0	379	379	10328	10328	4095	4095	45763	45763	48.7	2.89	89.65	11	1783	2	52	33	17	0	0
SRR27931760.008	Bacteria	5449	104	58	32.57	1.49	20.00	1531201	0	719	719	2015	2015	2129	2129	53764	53764	47.8	3.04	70.18	11	1972	65	34	5	0	0	0
SRR27931760.009	Bacteria	5449	104	58	67.49	27.41	23.81	3997849	0	1676	1676	2801	2801	2385	2385	27299	27299	34.1	1.66	80.09	11	5109	51	38	12	3	0	0
SRR27931760.010	Bacteria	5449	104	58	97.49	19.36	0.00	4095321	0	1648	1648	2980	2980	2485	2485	36677	36677	28.5	2.74	72.49	11	5083	7	80	15	2	0	0
SRR27931760.011	Bacteria	5449	104	58	95.75	63.56	3.03	4269920	0	1893	1893	2590	2590	2255	2255	19608	19608	37.9	1.81	86.17	11	5548	9	46	42	6	1	0
SRR27931760.012	Bacteria	5449	104	58	75.26	39.17	25.58	2014009	0	1102	1102	1812	1812	1827	1827	17417	17417	43.9	2.22	88.09	11	2967	29	45	25	4	1	0
maxbin.001	Bacteria	5449	104	58	54.08	6.58	85.71	1144306	0	415	415	3021	3021	2757	2757	60338	60338	36.6	3.45	86.84	11	1343	47	47	8	2	0	0
maxbin.002	Bacteria	5449	104	58	0.00	0.00	0.00	865033	0	180	180	6466	6466	4805	4805	22946	22946	50.4	4.49	75.93	11	960	104	0	0	0	0	0
maxbin.003	Bacteria	5449	104	58	81.24	62.07	65.00	3019270	0	945	945	3905	3905	3194	3194	59845	59845	33.9	2.04	86.98	11	3833	38	43	11	9	2	1
maxbin.004	Bacteria	5449	104	58	67.90	58.70	91.78	2767195	0	1114	1114	2759	2759	2484	2484	52859	52859	38.0	2.30	92.48	11	2827	33	48	11	6	4	2
maxbin.005	Bacteria	5449	104	58	66.85	57.76	66.10	5405787	0	1952	1952	3416	3416	2769	2769	161551	161551	36.1	3.06	89.44	11	6275	49	37	8	6	3	1
maxbin.006	Bacteria	5449	104	58	11.69	3.92	0.00	2259516	0	656	656	5133	5133	3444	3444	117971	117971	29.4	4.81	82.17	11	2699	82	17	5	0	0	0
maxbin.007	Bacteria	5449	104	58	96.55	44.51	54.76	1552110	0	379	379	10328	10328	4095	4095	45763	45763	48.7	2.89	89.65	11	1783	2	52	33	17	0	0
maxbin.008	Bacteria	5449	104	58	32.57	1.49	20.00	1531201	0	719	719	2015	2015	2129	2129	53764	53764	47.8	3.04	70.18	11	1972	65	34	5	0	0	0
maxbin.009	Bacteria	5449	104	58	67.49	27.41	23.81	3997849	0	1676	1676	2801	2801	2385	2385	27299	27299	34.1	1.66	80.09	11	5109	51	38	12	3	0	0
maxbin.010	Bacteria	5449	104	58	97.49	19.36	0.00	4095321	0	1648	1648	2980	2980	2485	2485	36677	36677	28.5	2.74	72.49	11	5083	7	80	15	2	0	0
maxbin.011	Bacteria	5449	104	58	95.75	63.56	3.03	4269920	0	1893	1893	2590	2590	2255	2255	19608	19608	37.9	1.81	86.17	11	5548	9	46	42	6	1	0
maxbin.012	Bacteria	5449	104	58	75.26	39.17	25.58	2014009	0	1102	1102	1812	1812	1827	1827	17417	17417	43.9	2.22	88.09	11	2967	29	45	25	4	1	0
SRR27931761.001	Bacteria	5449	104	58	56.82	12.85	71.43	1020314	0	380	380	2932	2932	2685	2685	59717	59717	36.5	3.90	86.21	11	1211	60	34	8	2	0	0
SRR27931761.002	Bacteria	5449	104	58	0.00	0.00	0.00	885790	0	201	201	6091	6091	4406	4406	17134	17134	50.0	5.56	76.46	11	902	104	0	0	0	0	0
SRR27931761.003	Bacteria	5449	104	58	89.36	100.00	72.55	3875766	0	1379	1379	3368	3368	2810	2810	39868	39868	35.3	3.13	88.44	11	4631	24	42	18	12	8	0
SRR27931761.004	Bacteria	5449	104	58	83.15	105.25	68.22	5191879	0	2008	2008	2953	2953	2585	2585	60437	60437	37.2	2.79	90.38	11	5739	17	52	15	12	3	5
SRR27931761.005	Bacteria	5449	104	58	27.84	5.09	0.00	2546027	0	690	690	5525	5525	3689	3689	161551	161551	30.5	4.40	83.18	11	3101	67	29	8	0	0	0
SRR27931761.006	Bacteria	5449	104	58	75.55	30.80	21.43	5246191	0	2058	2058	3138	3138	2549	2549	40675	40675	34.0	2.54	82.97	11	6575	39	48	13	3	1	0
SRR27931761.007	Bacteria	5449	104	58	56.11	6.27	8.33	1831227	0	861	861	2043	2043	2126	2126	57344	57344	47.4	3.49	70.71	11	2309	49	45	9	1	0	0
SRR27931761.008	Bacteria	5449	104	58	93.81	25.31	72.73	1296349	0	188	188	16678	16678	6895	6895	43554	43554	48.7	3.04	89.01	11	1397	5	52	28	18	1	0
SRR27931761.009	Bacteria	5449	104	58	93.68	22.35	0.00	4692114	0	1950	1950	2844	2844	2406	2406	36185	36185	28.5	2.69	68.65	11	5612	17	68	18	1	0	0
SRR27931761.010	Bacteria	5449	104	58	75.78	42.61	19.15	3123387	0	1515	1515	2184	2184	2061	2061	17739	17739	39.1	1.91	89.40	11	4071	37	37	23	6	1	0
SRR27931761.011	Bacteria	5449	104	58	76.57	33.13	25.00	1656621	0	811	811	2224	2224	2042	2042	12747	12747	43.8	1.69	87.16	11	2400	16	51	33	3	1	0
SRR27931761.012	Bacteria	5449	104	58	69.29	44.83	10.00	3935089	0	1929	1929	2125	2125	2039	2039	18820	18820	37.0	5.16	78.06	11	5159	52	26	17	7	2	0
SRR27931761.013	Bacteria	5449	104	58	55.49	14.66	33.33	961188	0	544	544	1854	1854	1766	1766	7844	7844	48.2	2.20	91.88	11	1364	65	30	9	0	0	0
maxbin.001	Bacteria	5449	104	58	56.82	12.85	71.43	1020314	0	380	380	2932	2932	2685	2685	59717	59717	36.5	3.90	86.21	11	1211	60	34	8	2	0	0
maxbin.002	Bacteria	5449	104	58	0.00	0.00	0.00	885790	0	201	201	6091	6091	4406	4406	17134	17134	50.0	5.56	76.46	11	902	104	0	0	0	0	0
maxbin.003	Bacteria	5449	104	58	89.36	100.00	72.55	3875766	0	1379	1379	3368	3368	2810	2810	39868	39868	35.3	3.13	88.44	11	4631	24	42	18	12	8	0
maxbin.004	Bacteria	5449	104	58	83.15	105.25	68.22	5191879	0	2008	2008	2953	2953	2585	2585	60437	60437	37.2	2.79	90.38	11	5739	17	52	15	12	3	5
maxbin.005	Bacteria	5449	104	58	27.84	5.09	0.00	2546027	0	690	690	5525	5525	3689	3689	161551	161551	30.5	4.40	83.18	11	3101	67	29	8	0	0	0
maxbin.006	Bacteria	5449	104	58	75.55	30.80	21.43	5246191	0	2058	2058	3138	3138	2549	2549	40675	40675	34.0	2.54	82.97	11	6575	39	48	13	3	1	0
maxbin.007	Bacteria	5449	104	58	56.11	6.27	8.33	1831227	0	861	861	2043	2043	2126	2126	57344	57344	47.4	3.49	70.71	11	2309	49	45	9	1	0	0
maxbin.008	Bacteria	5449	104	58	93.81	25.31	72.73	1296349	0	188	188	16678	16678	6895	6895	43554	43554	48.7	3.04	89.01	11	1397	5	52	28	18	1	0
maxbin.009	Bacteria	5449	104	58	93.68	22.35	0.00	4692114	0	1950	1950	2844	2844	2406	2406	36185	36185	28.5	2.69	68.65	11	5612	17	68	18	1	0	0
maxbin.010	Bacteria	5449	104	58	75.78	42.61	19.15	3123387	0	1515	1515	2184	2184	2061	2061	17739	17739	39.1	1.91	89.40	11	4071	37	37	23	6	1	0
maxbin.011	Bacteria	5449	104	58	76.57	33.13	25.00	1656621	0	811	811	2224	2224	2042	2042	12747	12747	43.8	1.69	87.16	11	2400	16	51	33	3	1	0
maxbin.012	Bacteria	5449	104	58	69.29	44.83	10.00	3935089	0	1929	1929	2125	2125	2039	2039	18820	18820	37.0	5.16	78.06	11	5159	52	26	17	7	2	0
maxbin.013	Bacteria	5449	104	58	55.49	14.66	33.33	961188	0	544	544	1854	1854	1766	1766	7844	7844	48.2	2.20	91.88	11	1364	65	30	9	0	0	0
SRR27931762.001	Bacteria	5449	104	58	4.55	0.16	100.00	915183	0	213	213	6871	6871	4296	4296	17436	17436	49.8	6.40	77.49	11	1039	84	19	1	0	0	0
SRR27931762.002	Bacteria	5449	104	58	92.60	52.70	55.07	2201368	0	530	530	5881	5881	4153	4153	72590	72590	34.7	2.71	85.17	11	2488	17	43	33	10	1	0
SRR27931762.003	Bacteria	5449	104	58	100.00	0.00	0.00	2519198	0	161	161	33123	33123	15647	15647	110926	110926	38.4	4.54	87.63	11	2359	0	104	0	0	0	0
SRR27931762.004	Bacteria	5449	104	58	76.27	65.67	70.27	3673147	0	1254	1254	3379	3379	2929	2929	71603	71603	37.7	3.26	80.67	11	3840	34	45	15	3	5	2
SRR27931762.005	Bacteria	5449	104	58	100.00	3.45	0.00	2609361	0	474	474	11453	11453	5504	5504	191385	191385	29.1	4.83	82.72	11	2916	0	102	2	0	0	0
SRR27931762.006	Bacteria	5449	104	58	55.67	51.72	62.00	5146275	0	2034	2034	2990	2990	2530	2530	83918	83918	35.3	2.60	87.09	11	6209	66	19	10	6	2	1
SRR27931762.007	Bacteria	5449	104	58	100.00	29.40	53.12	2493575	0	682	682	19916	19916	3656	3656	124268	124268	43.6	5.07	88.00	11	2613	0	62	26	10	5	1
SRR27931762.008	Bacteria	5449	104	58	38.40	7.12	80.00	2342093	0	1034	1034	2348	2348	2265	2265	49077	49077	35.8	2.21	88.70	11	3079	52	41	9	2	0	0
SRR27931762.009	Bacteria	5449	104	58	30.64	2.59	0.00	1640160	0	973	973	1675	1675	1685	1685	20293	20293	37.3	2.38	81.23	11	2392	80	22	2	0	0	0
SRR27931762.010	Bacteria	5449	104	58	39.04	10.97	0.00	10377901	0	6353	6353	1490	1490	1633	1633	38990	38990	32.0	1.73	42.56	11	10687	58	36	10	0	0	0
SRR27931762.011	Bacteria	5449	104	58	84.27	63.28	45.45	2824663	0	1294	1294	2428	2428	2182	2182	16149	16149	37.2	1.93	87.20	11	3865	37	35	22	9	1	0
SRR27931762.012	Bacteria	5449	104	58	65.28	29.27	30.00	1885840	0	1219	1219	1475	1475	1547	1547	15044	15044	46.8	3.60	79.69	11	2855	31	44	18	8	3	0
SRR27931762.013	Bacteria	5449	104	58	64.86	9.48	14.29	3668802	0	1520	1520	2778	2778	2413	2413	69293	69293	35.9	1.85	86.05	11	4696	46	51	7	0	0	0
SRR27931762.014	Bacteria	5449	104	58	85.69	36.21	3.57	6974598	0	4224	4224	1437	1437	1651	1651	66197	66197	27.8	2.21	35.69	11	7148	32	51	19	1	1	0
SRR27931762.015	Bacteria	5449	104	58	80.22	51.62	20.69	2412624	0	1507	1507	1533	1533	1600	1600	14033	14033	45.7	3.28	84.25	11	3591	15	54	25	9	1	0
SRR27931762.016	Bacteria	5449	104	58	82.60	31.58	18.42	2202427	0	1399	1399	1540	1540	1574	1574	21391	21391	60.9	4.66	89.35	11	2995	12	62	26	4	0	0
SRR27931762.017	Bacteria	5449	104	58	21.71	2.04	75.00	752020	0	492	492	1472	1472	1528	1528	10273	10273	55.3	1.90	85.76	11	1067	63	37	4	0	0	0
SRR27931762.018	Bacteria	5449	104	58	20.75	0.16	0.00	7622708	0	5802	5802	1240	1240	1313	1313	7871	7871	36.4	2.47	52.37	11	13005	80	23	1	0	0	0
maxbin.001	Bacteria	5449	104	58	4.55	0.16	100.00	915183	0	213	213	6871	6871	4296	4296	17436	17436	49.8	6.40	77.49	11	1039	84	19	1	0	0	0
maxbin.002	Bacteria	5449	104	58	92.60	52.70	55.07	2201368	0	530	530	5881	5881	4153	4153	72590	72590	34.7	2.71	85.17	11	2488	17	43	33	10	1	0
maxbin.003	Bacteria	5449	104	58	100.00	0.00	0.00	2519198	0	161	161	33123	33123	15647	15647	110926	110926	38.4	4.54	87.63	11	2359	0	104	0	0	0	0
maxbin.004	Bacteria	5449	104	58	76.27	65.67	70.27	3673147	0	1254	1254	3379	3379	2929	2929	71603	71603	37.7	3.26	80.67	11	3840	34	45	15	3	5	2
maxbin.005	Bacteria	5449	104	58	100.00	3.45	0.00	2609361	0	474	474	11453	11453	5504	5504	191385	191385	29.1	4.83	82.72	11	2916	0	102	2	0	0	0
maxbin.006	Bacteria	5449	104	58	55.67	51.72	62.00	5146275	0	2034	2034	2990	2990	2530	2530	83918	83918	35.3	2.60	87.09	11	6209	66	19	10	6	2	1
maxbin.007	Bacteria	5449	104	58	100.00	29.40	53.12	2493575	0	682	682	19916	19916	3656	3656	124268	124268	43.6	5.07	88.00	11	2613	0	62	26	10	5	1
maxbin.008	Bacteria	5449	104	58	38.40	7.12	80.00	2342093	0	1034	1034	2348	2348	2265	2265	49077	49077	35.8	2.21	88.70	11	3079	52	41	9	2	0	0
maxbin.009	Bacteria	5449	104	58	30.64	2.59	0.00	1640160	0	973	973	1675	1675	1685	1685	20293	20293	37.3	2.38	81.23	11	2392	80	22	2	0	0	0
maxbin.010	Bacteria	5449	104	58	39.04	10.97	0.00	10377901	0	6353	6353	1490	1490	1633	1633	38990	38990	32.0	1.73	42.56	11	10687	58	36	10	0	0	0
maxbin.011	Bacteria	5449	104	58	84.27	63.28	45.45	2824663	0	1294	1294	2428	2428	2182	2182	16149	16149	37.2	1.93	87.20	11	3865	37	35	22	9	1	0
maxbin.012	Bacteria	5449	104	58	65.28	29.27	30.00	1885840	0	1219	1219	1475	1475	1547	1547	15044	15044	46.8	3.60	79.69	11	2855	31	44	18	8	3	0
maxbin.013	Bacteria	5449	104	58	64.86	9.48	14.29	3668802	0	1520	1520	2778	2778	2413	2413	69293	69293	35.9	1.85	86.05	11	4696	46	51	7	0	0	0
maxbin.014	Bacteria	5449	104	58	85.69	36.21	3.57	6974598	0	4224	4224	1437	1437	1651	1651	66197	66197	27.8	2.21	35.69	11	7148	32	51	19	1	1	0
maxbin.015	Bacteria	5449	104	58	80.22	51.62	20.69	2412624	0	1507	1507	1533	1533	1600	1600	14033	14033	45.7	3.28	84.25	11	3591	15	54	25	9	1	0
maxbin.016	Bacteria	5449	104	58	82.60	31.58	18.42	2202427	0	1399	1399	1540	1540	1574	1574	21391	21391	60.9	4.66	89.35	11	2995	12	62	26	4	0	0
maxbin.017	Bacteria	5449	104	58	21.71	2.04	75.00	752020	0	492	492	1472	1472	1528	1528	10273	10273	55.3	1.90	85.76	11	1067	63	37	4	0	0	0
maxbin.018	Bacteria	5449	104	58	20.75	0.16	0.00	7622708	0	5802	5802	1240	1240	1313	1313	7871	7871	36.4	2.47	52.37	11	13005	80	23	1	0	0	0
SRR27931763.001	Bacteria	5449	104	58	94.40	49.55	72.15	2443742	0	567	567	6448	6448	4309	4309	59729	59729	35.6	4.64	86.07	11	2709	8	45	42	7	1	1
SRR27931763.002	Bacteria	5449	104	58	100.00	0.00	0.00	3093818	0	252	252	31739	31739	12277	12277	111324	111324	41.2	8.31	83.04	11	2695	0	104	0	0	0	0
SRR27931763.003	Bacteria	5449	104	58	72.30	47.71	72.22	3894575	0	1230	1230	3830	3830	3166	3166	75146	75146	37.5	4.07	80.61	11	4048	35	45	15	5	4	0
SRR27931763.004	Bacteria	5449	104	58	59.64	21.55	47.06	2637735	0	977	977	3353	3353	2699	2699	46493	46493	34.0	1.75	87.01	11	3423	65	28	8	3	0	0
SRR27931763.005	Bacteria	5449	104	58	98.28	30.52	48.84	1816958	0	436	436	22778	22778	4167	4167	76650	76650	47.9	3.87	86.52	11	1955	1	68	31	4	0	0
SRR27931763.006	Bacteria	5449	104	58	26.02	15.52	84.62	2215548	0	1026	1026	2250	2250	2159	2159	26262	26262	37.5	1.89	93.13	11	2340	84	14	4	1	1	0
SRR27931763.007	Bacteria	5449	104	58	96.03	85.34	1.54	4444300	0	1547	1547	3792	3792	2872	2872	292975	292975	28.3	3.21	79.54	4	5224	11	44	41	8	0	0
SRR27931763.008	Bacteria	5449	104	58	53.84	27.55	8.11	7227425	0	4314	4314	1604	1604	1675	1675	21454	21454	33.2	2.03	60.40	11	8759	36	41	22	5	0	0
SRR27931763.009	Bacteria	5449	104	58	67.76	22.48	5.26	1587702	0	1087	1087	1423	1423	1460	1460	8222	8222	58.2	5.33	84.16	11	2256	22	50	29	3	0	0
SRR27931763.010	Bacteria	5449	104	58	67.71	22.99	18.52	2391913	0	1283	1283	1823	1823	1864	1864	29223	29223	39.5	2.82	87.49	11	3350	25	58	18	3	0	0
SRR27931763.011	Bacteria	5449	104	58	57.71	8.23	0.00	1463980	0	837	837	1805	1805	1749	1749	14497	14497	37.4	1.68	88.33	11	1915	48	48	8	0	0	0
SRR27931763.012	Bacteria	5449	104	58	0.31	0.00	0.00	2179919	0	1706	1706	1206	1206	1277	1277	5596	5596	38.2	3.71	72.00	4	4112	102	2	0	0	0	0
maxbin.001	Bacteria	5449	104	58	94.40	49.55	72.15	2443742	0	567	567	6448	6448	4309	4309	59729	59729	35.6	4.64	86.07	11	2709	8	45	42	7	1	1
maxbin.002	Bacteria	5449	104	58	100.00	0.00	0.00	3093818	0	252	252	31739	31739	12277	12277	111324	111324	41.2	8.31	83.04	11	2695	0	104	0	0	0	0
maxbin.003	Bacteria	5449	104	58	72.30	47.71	72.22	3894575	0	1230	1230	3830	3830	3166	3166	75146	75146	37.5	4.07	80.61	11	4048	35	45	15	5	4	0
maxbin.004	Bacteria	5449	104	58	59.64	21.55	47.06	2637735	0	977	977	3353	3353	2699	2699	46493	46493	34.0	1.75	87.01	11	3423	65	28	8	3	0	0
maxbin.005	Bacteria	5449	104	58	98.28	30.52	48.84	1816958	0	436	436	22778	22778	4167	4167	76650	76650	47.9	3.87	86.52	11	1955	1	68	31	4	0	0
maxbin.006	Bacteria	5449	104	58	26.02	15.52	84.62	2215548	0	1026	1026	2250	2250	2159	2159	26262	26262	37.5	1.89	93.13	11	2340	84	14	4	1	1	0
maxbin.007	Bacteria	5449	104	58	96.03	85.34	1.54	4444300	0	1547	1547	3792	3792	2872	2872	292975	292975	28.3	3.21	79.54	4	5224	11	44	41	8	0	0
maxbin.008	Bacteria	5449	104	58	53.84	27.55	8.11	7227425	0	4314	4314	1604	1604	1675	1675	21454	21454	33.2	2.03	60.40	11	8759	36	41	22	5	0	0
maxbin.009	Bacteria	5449	104	58	67.76	22.48	5.26	1587702	0	1087	1087	1423	1423	1460	1460	8222	8222	58.2	5.33	84.16	11	2256	22	50	29	3	0	0
maxbin.010	Bacteria	5449	104	58	67.71	22.99	18.52	2391913	0	1283	1283	1823	1823	1864	1864	29223	29223	39.5	2.82	87.49	11	3350	25	58	18	3	0	0
maxbin.011	Bacteria	5449	104	58	57.71	8.23	0.00	1463980	0	837	837	1805	1805	1749	1749	14497	14497	37.4	1.68	88.33	11	1915	48	48	8	0	0	0
maxbin.012	Bacteria	5449	104	58	0.31	0.00	0.00	2179919	0	1706	1706	1206	1206	1277	1277	5596	5596	38.2	3.71	72.00	4	4112	102	2	0	0	0	0
SRR27931764.001	Bacteria	5449	104	58	98.28	0.00	0.00	3149063	0	463	463	78464	78464	6801	6801	322427	322427	36.9	13.74	74.35	11	2889	1	103	0	0	0	0
SRR27931764.002	Bacteria	5449	104	58	42.01	0.00	0.00	1579343	0	935	935	1592	1592	1689	1689	24918	24918	46.2	5.95	82.15	11	2173	63	41	0	0	0	0
maxbin.001	Bacteria	5449	104	58	98.28	0.00	0.00	3149063	0	463	463	78464	78464	6801	6801	322427	322427	36.9	13.74	74.35	11	2889	1	103	0	0	0	0
maxbin.002	Bacteria	5449	104	58	42.01	0.00	0.00	1579343	0	935	935	1592	1592	1689	1689	24918	24918	46.2	5.95	82.15	11	2173	63	41	0	0	0	0
SRR27931765.001	Bacteria	5449	104	58	0.00	0.00	0.00	622344	0	249	249	2941	2941	2499	2499	16359	16359	50.0	5.00	74.59	11	827	104	0	0	0	0	0
SRR27931765.002	Bacteria	5449	104	58	1.72	0.00	0.00	316148	0	208	208	1522	1522	1519	1519	8186	8186	30.4	9.02	78.21	11	501	102	2	0	0	0	0
maxbin.001	Bacteria	5449	104	58	0.00	0.00	0.00	622344	0	249	249	2941	2941	2499	2499	16359	16359	50.0	5.00	74.59	11	827	104	0	0	0	0	0
maxbin.002	Bacteria	5449	104	58	1.72	0.00	0.00	316148	0	208	208	1522	1522	1519	1519	8186	8186	30.4	9.02	78.21	11	501	102	2	0	0	0	0
SRR27931766.001	Bacteria	5449	104	58	98.28	2.19	16.67	5004437	0	467	467	36100	36100	10716	10716	153247	153247	44.6	7.65	78.86	11	5187	1	99	3	1	0	0
SRR27931766.002	Bacteria	5449	104	58	29.93	13.17	11.36	8552785	0	5778	5778	1332	1332	1480	1480	194979	194979	25.2	10.33	33.50	11	7313	63	22	11	5	3	0
maxbin.001	Bacteria	5449	104	58	98.28	2.19	16.67	5004437	0	467	467	36100	36100	10716	10716	153247	153247	44.6	7.65	78.86	11	5187	1	99	3	1	0	0
maxbin.002	Bacteria	5449	104	58	29.93	13.17	11.36	8552785	0	5778	5778	1332	1332	1480	1480	194979	194979	25.2	10.33	33.50	11	7313	63	22	11	5	3	0
SRR27931767.001	Bacteria	5449	104	58	98.28	3.45	50.00	2752583	0	630	630	6476	6476	4369	4369	63068	63068	35.9	10.90	69.29	11	2214	1	101	2	0	0	0
SRR27931767.002	Bacteria	5449	104	58	60.27	28.89	3.28	72425902	0	19155	19155	5251	5251	3781	3781	48830	48830	23.0	5.56	25.28	11	74482	31	36	25	12	0	0
SRR27931767.003	Bacteria	5449	104	58	90.22	85.76	11.54	5313040	0	1338	1338	6667	6667	3970	3970	69731	69731	35.4	2.26	85.49	11	6197	21	36	23	21	3	0
SRR27931767.004	Bacteria	5449	104	58	16.94	1.03	66.67	3859515	0	1904	1904	2164	2164	2027	2027	38340	38340	30.6	4.80	52.37	11	5073	81	20	3	0	0	0
SRR27931767.005	Bacteria	5449	104	58	8.62	0.86	0.00	39829203	0	16742	16742	2692	2692	2378	2378	19201	19201	31.8	3.10	34.06	11	58744	97	6	1	0	0	0
SRR27931767.006	Bacteria	5449	104	58	28.54	10.97	13.33	36766682	0	21885	21885	1684	1684	1679	1679	28447	28447	39.7	4.78	43.33	11	55481	58	39	3	4	0	0
maxbin.001	Bacteria	5449	104	58	98.28	3.45	50.00	2752583	0	630	630	6476	6476	4369	4369	63068	63068	35.9	10.90	69.29	11	2214	1	101	2	0	0	0
maxbin.002	Bacteria	5449	104	58	60.27	28.89	3.28	72425902	0	19155	19155	5251	5251	3781	3781	48830	48830	23.0	5.56	25.28	11	74482	31	36	25	12	0	0
maxbin.003	Bacteria	5449	104	58	90.22	85.76	11.54	5313040	0	1338	1338	6667	6667	3970	3970	69731	69731	35.4	2.26	85.49	11	6197	21	36	23	21	3	0
maxbin.004	Bacteria	5449	104	58	16.94	1.03	66.67	3859515	0	1904	1904	2164	2164	2027	2027	38340	38340	30.6	4.80	52.37	11	5073	81	20	3	0	0	0
maxbin.005	Bacteria	5449	104	58	8.62	0.86	0.00	39829203	0	16742	16742	2692	2692	2378	2378	19201	19201	31.8	3.10	34.06	11	58744	97	6	1	0	0	0
maxbin.006	Bacteria	5449	104	58	28.54	10.97	13.33	36766682	0	21885	21885	1684	1684	1679	1679	28447	28447	39.7	4.78	43.33	11	55481	58	39	3	4	0	0
SRR27931768.001	Bacteria	5449	104	58	99.66	0.00	0.00	3809212	0	220	220	34367	34367	17314	17314	130153	130153	55.0	5.95	84.51	11	3441	1	103	0	0	0	0
SRR27931768.002	Bacteria	5449	104	58	85.34	7.76	40.00	2486969	0	239	239	29762	29762	10405	10405	214109	214109	36.8	7.78	88.74	11	2700	23	76	5	0	0	0
SRR27931768.003	Bacteria	5449	104	58	91.38	14.48	0.00	2709828	0	379	379	14032	14032	7149	7149	89263	89263	37.3	4.25	88.27	11	2964	5	68	31	0	0	0
SRR27931768.004	Bacteria	5449	104	58	99.14	37.41	100.00	3981869	0	417	417	20120	20120	9548	9548	115410	115410	51.6	3.42	83.70	11	3924	1	79	24	0	0	0
SRR27931768.005	Bacteria	5449	104	58	9.40	0.00	0.00	222359	0	40	40	8178	8178	5558	5558	25689	25689	38.2	0.72	91.13	11	235	94	10	0	0	0	0
SRR27931768.006	Bacteria	5449	104	58	3.45	1.72	0.00	199453	0	29	29	15976	15976	6877	6877	64819	64819	38.8	1.51	91.52	11	212	102	1	1	0	0	0
SRR27931768.007	Bacteria	5449	104	58	5.17	0.00	0.00	417967	0	82	82	8162	8162	5097	5097	120669	120669	39.3	1.75	85.49	11	538	101	3	0	0	0	0
SRR27931768.008	Bacteria	5449	104	58	21.55	8.62	100.00	1794079	0	277	277	10863	10863	6476	6476	81095	81095	35.2	2.21	86.46	11	2068	91	8	5	0	0	0
SRR27931768.009	Bacteria	5449	104	58	58.50	5.72	23.33	4320516	0	926	926	9812	9812	4665	4665	115790	115790	48.4	3.44	82.67	11	5068	33	56	9	5	1	0
SRR27931768.010	Bacteria	5449	104	58	26.38	10.34	87.50	547406	0	91	91	8968	8968	6015	6015	32605	32605	38.5	0.95	91.54	11	576	84	14	5	1	0	0
SRR27931768.011	Bacteria	5449	104	58	35.85	23.59	96.67	364375	0	98	98	5136	5136	3718	3718	18118	18118	40.2	1.38	94.00	11	437	65	21	12	6	0	0
SRR27931768.012	Bacteria	5449	104	58	45.69	32.76	82.76	2003383	0	214	214	33299	33299	9361	9361	304627	304627	36.7	1.32	90.63	11	2185	71	18	8	7	0	0
SRR27931768.013	Bacteria	5449	104	58	12.15	3.45	50.00	3460282	0	1188	1188	3732	3732	2912	2912	102658	102658	31.1	5.29	79.52	11	4761	90	12	2	0	0	0
SRR27931768.014	Bacteria	5449	104	58	96.55	18.90	7.41	4460852	0	1903	1903	2641	2641	2344	2344	39629	39629	37.9	3.12	86.06	11	6266	3	73	20	6	1	1
SRR27931768.015	Bacteria	5449	104	58	64.81	12.93	12.50	5371087	0	2741	2741	2083	2083	1959	1959	22197	22197	53.2	7.27	86.22	11	7405	49	47	8	0	0	0
maxbin.001	Bacteria	5449	104	58	99.66	0.00	0.00	3809212	0	220	220	34367	34367	17314	17314	130153	130153	55.0	5.95	84.51	11	3441	1	103	0	0	0	0
maxbin.002	Bacteria	5449	104	58	85.34	7.76	40.00	2486969	0	239	239	29762	29762	10405	10405	214109	214109	36.8	7.78	88.74	11	2700	23	76	5	0	0	0
maxbin.003	Bacteria	5449	104	58	91.38	14.48	0.00	2709828	0	379	379	14032	14032	7149	7149	89263	89263	37.3	4.25	88.27	11	2964	5	68	31	0	0	0
maxbin.004	Bacteria	5449	104	58	99.14	37.41	100.00	3981869	0	417	417	20120	20120	9548	9548	115410	115410	51.6	3.42	83.70	11	3924	1	79	24	0	0	0
maxbin.005	Bacteria	5449	104	58	9.40	0.00	0.00	222359	0	40	40	8178	8178	5558	5558	25689	25689	38.2	0.72	91.13	11	235	94	10	0	0	0	0
maxbin.006	Bacteria	5449	104	58	3.45	1.72	0.00	199453	0	29	29	15976	15976	6877	6877	64819	64819	38.8	1.51	91.52	11	212	102	1	1	0	0	0
maxbin.007	Bacteria	5449	104	58	5.17	0.00	0.00	417967	0	82	82	8162	8162	5097	5097	120669	120669	39.3	1.75	85.49	11	538	101	3	0	0	0	0
maxbin.008	Bacteria	5449	104	58	21.55	8.62	100.00	1794079	0	277	277	10863	10863	6476	6476	81095	81095	35.2	2.21	86.46	11	2068	91	8	5	0	0	0
maxbin.009	Bacteria	5449	104	58	58.50	5.72	23.33	4320516	0	926	926	9812	9812	4665	4665	115790	115790	48.4	3.44	82.67	11	5068	33	56	9	5	1	0
maxbin.010	Bacteria	5449	104	58	26.38	10.34	87.50	547406	0	91	91	8968	8968	6015	6015	32605	32605	38.5	0.95	91.54	11	576	84	14	5	1	0	0
maxbin.011	Bacteria	5449	104	58	35.85	23.59	96.67	364375	0	98	98	5136	5136	3718	3718	18118	18118	40.2	1.38	94.00	11	437	65	21	12	6	0	0
maxbin.012	Bacteria	5449	104	58	45.69	32.76	82.76	2003383	0	214	214	33299	33299	9361	9361	304627	304627	36.7	1.32	90.63	11	2185	71	18	8	7	0	0
maxbin.013	Bacteria	5449	104	58	12.15	3.45	50.00	3460282	0	1188	1188	3732	3732	2912	2912	102658	102658	31.1	5.29	79.52	11	4761	90	12	2	0	0	0
maxbin.014	Bacteria	5449	104	58	96.55	18.90	7.41	4460852	0	1903	1903	2641	2641	2344	2344	39629	39629	37.9	3.12	86.06	11	6266	3	73	20	6	1	1
maxbin.015	Bacteria	5449	104	58	64.81	12.93	12.50	5371087	0	2741	2741	2083	2083	1959	1959	22197	22197	53.2	7.27	86.22	11	7405	49	47	8	0	0	0
SRR27931769.001	Bacteria	5449	104	58	97.93	0.00	0.00	3802407	0	204	204	35188	35188	18639	18639	107118	107118	54.9	6.34	84.30	11	3410	2	102	0	0	0	0
SRR27931769.002	Bacteria	5449	104	58	96.79	1.72	100.00	2511387	0	218	218	30818	30818	11520	11520	215239	215239	36.5	7.47	88.99	11	2718	6	97	1	0	0	0
SRR27931769.003	Bacteria	5449	104	58	100.00	0.00	0.00	3079187	0	331	331	20428	20428	9302	9302	79333	79333	51.1	3.88	83.19	11	3030	0	104	0	0	0	0
SRR27931769.004	Bacteria	5449	104	58	100.00	6.30	20.00	2647228	0	324	324	17368	17368	8170	8170	131021	131021	37.5	3.62	88.80	11	2834	0	94	10	0	0	0
SRR27931769.005	Bacteria	5449	104	58	19.23	10.34	100.00	1849485	0	285	285	11150	11150	6489	6489	81532	81532	35.4	1.35	86.69	11	2126	86	13	4	1	0	0
SRR27931769.006	Bacteria	5449	104	58	18.97	5.17	100.00	842732	0	166	166	7051	7051	5076	5076	67000	67000	38.4	1.00	92.01	11	917	92	9	3	0	0	0
SRR27931769.007	Bacteria	5449	104	58	30.17	14.94	75.00	320063	0	91	91	4912	4912	3517	3517	10234	10234	39.7	1.47	92.85	11	339	80	14	9	1	0	0
SRR27931769.008	Bacteria	5449	104	58	90.78	16.85	7.14	5215048	0	1687	1687	6533	6533	3091	3091	65217	65217	52.8	3.51	85.55	11	6429	25	65	14	0	0	0
SRR27931769.009	Bacteria	5449	104	58	35.50	10.06	87.50	460965	0	85	85	8076	8076	5423	5423	63897	63897	38.5	1.04	91.22	11	532	76	20	8	0	0	0
SRR27931769.010	Bacteria	5449	104	58	36.21	10.34	16.67	1754265	0	365	365	11621	11621	4806	4806	70271	70271	36.7	1.46	89.11	11	2109	80	18	6	0	0	0
SRR27931769.011	Bacteria	5449	104	58	11.47	1.72	0.00	3046552	0	1136	1136	3207	3207	2681	2681	36168	36168	30.9	3.09	81.59	11	4464	91	12	1	0	0	0
SRR27931769.012	Bacteria	5449	104	58	81.90	20.04	31.65	4093230	0	1792	1792	2491	2491	2284	2284	98798	98798	41.7	6.39	85.16	11	5551	11	51	13	14	13	2
maxbin.001	Bacteria	5449	104	58	63.71	4.47	100.00	1016819	0	372	372	3181	3181	2733	2733	17024	17024	36.0	3.71	85.87	11	1124	31	69	4	0	0	0
maxbin.002	Bacteria	5449	104	58	37.38	7.21	50.00	1826203	0	709	709	2691	2691	2575	2575	56606	56606	41.1	6.50	82.13	11	1838	57	41	6	0	0	0
maxbin.003	Bacteria	5449	104	58	64.94	14.62	100.00	2414538	0	429	429	8570	8570	5628	5628	32464	32464	56.5	2.51	88.46	11	2440	34	58	10	2	0	0
maxbin.004	Bacteria	5449	104	58	2.04	0.00	0.00	170972	0	86	86	2000	2000	1988	1988	7140	7140	40.2	6.65	80.33	11	130	101	3	0	0	0	0
maxbin.005	Bacteria	5449	104	58	77.74	33.23	96.67	2321488	0	487	487	6688	6688	4766	4766	38400	38400	58.1	1.27	91.89	11	2321	39	43	18	4	0	0
maxbin.006	Bacteria	5449	104	58	37.65	2.18	87.50	1489872	0	330	330	6640	6640	4514	4514	34339	34339	55.0	4.25	86.71	11	1583	68	30	5	1	0	0
maxbin.007	Bacteria	5449	104	58	70.77	45.30	53.19	4533289	0	1555	1555	3484	3484	2915	2915	154776	154776	36.2	3.44	88.40	11	5051	50	29	19	4	1	1
maxbin.008	Bacteria	5449	104	58	0.00	0.00	0.00	349033	0	132	132	3191	3191	2644	2644	10667	10667	27.7	3.24	50.33	11	312	104	0	0	0	0	0
maxbin.009	Bacteria	5449	104	58	5.17	0.00	0.00	450584	0	151	151	3667	3667	2984	2984	18463	18463	29.6	4.82	72.82	11	502	101	3	0	0	0	0
maxbin.010	Bacteria	5449	104	58	15.52	1.72	100.00	503958	0	170	170	3446	3446	2964	2964	34375	34375	32.4	3.87	82.02	11	621	95	8	1	0	0	0
maxbin.011	Bacteria	5449	104	58	17.24	1.72	0.00	954897	0	362	362	3446	3446	2637	2637	28631	28631	32.8	5.88	80.46	11	1109	94	9	1	0	0	0
maxbin.012	Bacteria	5449	104	58	65.44	15.52	100.00	1958856	0	626	626	3899	3899	3129	3129	26819	26819	57.4	2.49	90.33	11	2205	57	38	9	0	0	0
maxbin.013	Bacteria	5449	104	58	100.00	4.55	0.00	1700994	0	197	197	87770	87770	8634	8634	408550	408550	47.6	3.85	86.09	11	1678	0	85	19	0	0	0
maxbin.014	Bacteria	5449	104	58	88.56	3.45	0.00	2900222	0	100	100	103103	103103	29002	29002	224530	224530	37.2	1.79	83.58	11	2684	36	66	2	0	0	0
maxbin.015	Bacteria	5449	104	58	29.15	11.24	32.14	1702243	0	713	713	2645	2645	2387	2387	27966	27966	36.1	2.84	87.16	11	1925	50	30	22	2	0	0
maxbin.016	Bacteria	5449	104	58	53.45	16.07	0.00	4116524	0	1432	1432	3483	3483	2874	2874	74257	74257	31.8	1.47	77.78	11	5289	31	55	16	2	0	0
maxbin.017	Bacteria	5449	104	58	4.23	0.00	0.00	37688524	0	9142	9142	5461	5461	4122	4122	32663	32663	40.7	1.69	44.42	11	56077	97	7	0	0	0	0
maxbin.018	Bacteria	5449	104	58	92.32	34.86	1.45	3694597	0	1128	1128	5085	5085	3275	3275	38771	38771	37.2	2.17	82.18	11	4121	9	52	30	13	0	0
maxbin.019	Bacteria	5449	104	58	0.86	0.00	0.00	35810902	0	9348	9348	4955	4955	3830	3830	39263	39263	36.1	1.65	31.94	11	42948	103	1	0	0	0	0
maxbin.020	Bacteria	5449	104	58	0.31	0.00	0.00	22918502	0	6367	6367	4614	4614	3599	3599	29030	29030	46.7	2.78	54.42	11	36446	102	2	0	0	0	0
maxbin.021	Bacteria	5449	104	58	15.94	0.00	0.00	24932122	0	6905	6905	4649	4649	3610	3610	25289	25289	32.2	1.78	35.69	11	33294	87	17	0	0	0	0
maxbin.022	Bacteria	5449	104	58	7.76	0.00	0.00	16200219	0	6029	6029	3207	3207	2687	2687	17004	17004	28.9	2.22	28.71	11	19651	98	6	0	0	0	0
maxbin.023	Bacteria	5449	104	58	82.73	64.66	9.09	3194490	0	1049	1049	3876	3876	3045	3045	26269	26269	35.9	1.86	88.95	11	3681	39	30	25	10	0	0
maxbin.024	Bacteria	5449	104	58	82.57	20.96	0.00	22441894	0	8771	8771	2932	2932	2558	2558	97160	97160	25.9	1.97	36.99	11	26386	31	51	15	7	0	0
maxbin.025	Bacteria	5449	104	58	9.74	3.61	0.00	18311617	0	10060	10060	1882	1882	1820	1820	11473	11473	20.4	2.34	21.77	11	18732	87	14	3	0	0	0
maxbin.026	Bacteria	5449	104	58	89.67	60.87	22.35	6382818	0	2700	2700	2627	2627	2364	2364	45572	45572	50.1	3.69	86.35	11	7776	10	45	31	18	0	0
maxbin.001	Bacteria	5449	104	58	0.00	0.00	0.00	423900	0	61	61	13208	13208	6949	6949	27890	27890	50.0	5.99	82.57	4	455	104	0	0	0	0	0
maxbin.002	Bacteria	5449	104	58	23.98	0.00	0.00	367807	0	78	78	7883	7883	4715	4715	40245	40245	39.6	8.32	80.38	11	381	54	50	0	0	0	0
maxbin.003	Bacteria	5449	104	58	96.55	55.49	6.67	3436340	0	496	496	41294	41294	6928	6928	282414	282414	36.7	4.35	88.78	11	3524	2	65	33	4	0	0
maxbin.004	Bacteria	5449	104	58	37.48	15.67	45.45	2050695	0	838	838	2693	2693	2447	2447	68543	68543	36.7	4.30	87.31	11	2400	60	35	8	1	0	0
maxbin.005	Bacteria	5449	104	58	68.20	31.19	42.42	2924986	0	985	985	3737	3737	2969	2969	36628	36628	36.3	5.80	84.76	11	3214	41	48	11	2	1	1
maxbin.006	Bacteria	5449	104	58	54.86	15.67	66.67	3973417	0	1335	1335	3758	3758	2976	2976	72286	72286	35.3	4.63	80.90	11	4354	60	35	6	3	0	0
maxbin.007	Bacteria	5449	104	58	6.97	1.25	0.00	3184859	0	1235	1235	3146	3146	2578	2578	53380	53380	37.2	3.60	86.00	11	3617	94	6	1	2	1	0
maxbin.008	Bacteria	5449	104	58	80.11	40.67	25.00	4533854	0	2153	2153	2079	2079	2105	2105	58282	58282	29.3	3.21	78.03	11	6106	23	47	29	5	0	0
maxbin.009	Bacteria	5449	104	58	97.81	75.17	4.76	5770022	0	2255	2255	3465	3465	2558	2558	68414	68414	38.6	7.69	82.55	11	6934	4	40	32	26	1	1
maxbin.001	Bacteria	5449	104	58	0.00	0.00	0.00	390186	0	67	67	7573	7573	5823	5823	28062	28062	51.2	4.73	78.41	11	372	104	0	0	0	0	0
maxbin.002	Bacteria	5449	104	58	0.00	0.00	0.00	148019	0	47	47	4058	4058	3149	3149	12502	12502	48.5	5.88	79.37	4	238	104	0	0	0	0	0
maxbin.003	Bacteria	5449	104	58	46.39	4.95	87.50	404564	0	165	165	2915	2915	2451	2451	27006	27006	36.6	4.64	85.08	11	493	35	61	8	0	0	0
maxbin.004	Bacteria	5449	104	58	96.55	16.14	6.67	3001557	0	510	510	15820	15820	5885	5885	70585	70585	36.6	4.27	87.96	11	3124	2	89	12	1	0	0
maxbin.005	Bacteria	5449	104	58	50.27	17.55	71.43	2124998	0	793	793	3024	3024	2679	2679	47541	47541	38.0	5.31	85.55	11	2342	56	38	8	2	0	0
maxbin.006	Bacteria	5449	104	58	51.88	28.45	56.52	2190792	0	738	738	3653	3653	2968	2968	38771	38771	34.3	1.84	86.97	11	2710	69	23	8	3	1	0
maxbin.007	Bacteria	5449	104	58	15.67	4.31	100.00	860770	0	372	372	2501	2501	2313	2313	21484	21484	38.2	2.08	93.55	11	806	93	8	3	0	0	0
maxbin.008	Bacteria	5449	104	58	100.00	0.78	0.00	1554025	0	174	174	59899	59899	8931	8931	358661	358661	27.2	8.23	88.24	11	1560	0	99	5	0	0	0
maxbin.009	Bacteria	5449	104	58	1.72	0.00	0.00	300621	0	95	95	4506	4506	3164	3164	15438	15438	36.7	1.56	89.93	11	342	103	1	0	0	0	0
maxbin.010	Bacteria	5449	104	58	5.17	3.45	33.33	151298	0	61	61	2637	2637	2480	2480	16272	16272	37.8	3.61	89.31	11	206	101	2	0	1	0	0
maxbin.011	Bacteria	5449	104	58	6.03	2.59	100.00	116621	0	54	54	2129	2129	2159	2159	9114	9114	38.4	1.95	92.71	11	139	100	2	2	0	0	0
maxbin.012	Bacteria	5449	104	58	28.45	14.66	81.82	629571	0	254	254	3013	3013	2478	2478	12959	12959	35.5	1.36	92.43	11	677	84	9	11	0	0	0
maxbin.013	Bacteria	5449	104	58	98.28	0.00	0.00	2262106	0	85	85	230028	230028	26613	26613	377818	377818	56.2	3.30	88.92	11	2140	1	103	0	0	0	0
maxbin.014	Bacteria	5449	104	58	20.69	8.62	100.00	2523114	0	878	878	3617	3617	2873	2873	77437	77437	32.2	2.74	84.72	11	3244	91	8	5	0	0	0
maxbin.015	Bacteria	5449	104	58	99.66	24.22	16.67	5851498	0	1254	1254	17642	17642	4666	4666	251781	251781	38.2	2.99	90.56	11	5992	1	87	12	4	0	0
maxbin.016	Bacteria	5449	104	58	95.92	6.18	0.00	3161162	0	229	229	49094	49094	13804	13804	145986	145986	52.5	2.97	83.13	11	3184	16	80	8	0	0	0
maxbin.017	Bacteria	5449	104	58	100.00	9.22	58.33	4075573	0	481	481	54738	54738	8473	8473	248497	248497	48.2	3.15	86.97	11	4383	0	80	24	0	0	0
maxbin.018	Bacteria	5449	104	58	64.51	39.42	11.11	6476831	0	2444	2444	3164	3164	2650	2650	66936	66936	30.1	3.71	77.43	11	8259	48	36	15	3	2	0
maxbin.019	Bacteria	5449	104	58	86.68	42.19	7.69	4809248	0	1112	1112	8855	8855	4324	4324	70948	70948	34.8	1.67	85.75	11	5278	15	65	18	5	1	0
maxbin.020	Bacteria	5449	104	58	66.83	27.74	6.98	3232149	0	1587	1587	2045	2045	2036	2036	59786	59786	40.8	2.91	88.03	11	4402	42	39	19	3	0	1
maxbin.021	Bacteria	5449	104	58	71.24	30.80	0.00	2932476	0	1406	1406	2259	2259	2085	2085	17756	17756	35.5	2.04	87.45	11	4041	35	47	20	2	0	0
SRR12632458.001	Bacteria	5449	104	58	89.66	3.76	25.00	1527224	0	661	661	2567	2567	2310	2310	18068	18068	35.9	3.17	86.50	11	1898	6	94	4	0	0	0
SRR12632458.002	Bacteria	5449	104	58	0.00	0.00	0.00	761501	0	264	264	4043	4043	2884	2884	25854	25854	46.4	10.94	83.54	4	829	104	0	0	0	0	0
SRR12632459.001	Bacteria	5449	104	58	0.63	0.00	0.00	540966	0	68	68	18714	18714	7955	7955	39731	39731	49.4	7.73	80.85	4	579	100	4	0	0	0	0
SRR12632459.002	Bacteria	5449	104	58	92.32	42.74	52.27	2465705	0	1294	1294	1984	1984	1905	1905	17615	17615	35.6	3.63	89.81	11	3050	9	61	29	5	0	0
SRR12632460.001	Bacteria	5449	104	58	0.00	0.00	0.00	548504	0	95	95	10905	10905	5773	5773	41609	41609	50.5	5.37	74.43	11	531	104	0	0	0	0	0
SRR12632460.002	Bacteria	5449	104	58	83.62	54.26	1.90	7951328	0	3836	3836	2276	2276	2072	2072	17842	17842	38.5	3.79	80.56	11	7821	11	34	28	20	10	1
SRR12632464.001	Bacteria	5449	104	58	97.41	9.09	87.50	2401415	0	645	645	4797	4797	3723	3723	67518	67518	41.4	6.21	83.28	11	2281	2	94	8	0	0	0
SRR12632464.002	Bacteria	5449	104	58	57.54	4.94	0.00	2810793	0	1632	1632	1675	1675	1722	1722	36025	36025	35.8	4.21	88.65	11	3410	51	46	7	0	0	0
SRR12632465.001	Bacteria	5449	104	58	97.41	12.23	75.00	1659535	0	547	547	3725	3725	3033	3033	37059	37059	36.7	3.21	89.97	11	1879	2	94	8	0	0	0
SRR12632465.002	Bacteria	5449	104	58	7.76	2.19	0.00	1332951	0	557	557	2896	2896	2393	2393	67161	67161	36.3	8.45	82.94	11	1490	89	11	4	0	0	0
SRR12632466.001	Bacteria	5449	104	58	96.55	8.78	71.43	1742012	0	604	604	3666	3666	2884	2884	25111	25111	36.5	3.40	89.51	11	2044	2	97	4	1	0	0
SRR12632466.002	Bacteria	5449	104	58	2.27	1.57	0.00	1947572	0	645	645	4204	4204	3019	3019	39393	39393	39.1	9.78	81.79	11	1968	94	3	5	1	1	0
SRR12632467.001	Bacteria	5449	104	58	98.28	6.90	75.00	1626673	0	140	140	20650	20650	11619	11619	107120	107120	36.9	3.37	89.89	11	1569	1	99	4	0	0	0
SRR12632467.002	Bacteria	5449	104	58	4.22	0.00	0.00	1125379	0	374	374	4831	4831	3009	3009	81542	81542	44.3	9.30	85.53	4	1214	94	10	0	0	0	0
SRR12632468.001	Bacteria	5449	104	58	96.55	3.45	50.00	1487233	0	424	424	4393	4393	3507	3507	23352	23352	36.3	2.48	90.75	11	1644	2	100	2	0	0	0
SRR12632468.002	Bacteria	5449	104	58	1.96	0.00	0.00	946652	0	488	488	1935	1935	1939	1939	17811	17811	35.1	5.88	86.47	11	1133	96	8	0	0	0	0
SRR12632471.001	Bacteria	5449	104	58	0.00	0.00	0.00	506190	0	34	34	34235	34235	14887	14887	63010	63010	50.7	7.13	80.61	4	563	104	0	0	0	0	0
SRR12632471.002	Bacteria	5449	104	58	49.37	1.16	60.00	702522	0	465	465	1469	1469	1510	1510	4792	4792	38.7	6.32	84.55	11	925	38	61	5	0	0	0
SRR12632473.001	Bacteria	5449	104	58	0.00	0.00	0.00	497300	0	33	33	29375	29375	15069	15069	109654	109654	50.7	6.76	75.07	11	442	104	0	0	0	0	0
SRR12632473.002	Bacteria	5449	104	58	97.41	2.74	0.00	2045997	0	739	739	3521	3521	2768	2768	27067	27067	36.2	4.95	88.65	11	2367	2	99	3	0	0	0
SRR12632474.001	Bacteria	5449	104	58	0.00	0.00	0.00	801242	0	60	60	31698	31698	13354	13354	109460	109460	51.3	7.40	74.39	11	664	104	0	0	0	0	0
SRR12632474.002	Bacteria	5449	104	58	82.76	17.87	7.84	2307988	0	1279	1279	1811	1811	1804	1804	27971	27971	37.0	6.40	82.37	11	2736	12	67	18	3	4	0
SRR12632475.001	Bacteria	5449	104	58	1.18	0.00	0.00	909106	0	90	90	43759	43759	10101	10101	122450	122450	49.8	9.23	73.54	11	762	101	3	0	0	0	0
SRR12632475.002	Bacteria	5449	104	58	93.10	40.28	11.83	3072074	0	1529	1529	2017	2017	2009	2009	50048	50048	40.3	9.17	73.11	11	3458	5	54	31	10	2	2
SRR12632476.001	Bacteria	5449	104	58	0.00	0.00	0.00	500499	0	33	33	49932	49932	15166	15166	88401	88401	50.4	6.78	81.13	4	533	104	0	0	0	0	0
SRR12632476.002	Bacteria	5449	104	58	22.23	0.00	0.00	449059	0	231	231	2125	2125	1943	1943	9459	9459	45.7	9.47	81.27	11	521	81	23	0	0	0	0
SRR12632477.001	Bacteria	5449	104	58	0.00	0.00	0.00	495177	0	22	22	56249	56249	22508	22508	63519	63519	50.6	6.80	75.76	11	419	104	0	0	0	0	0
SRR12632477.002	Bacteria	5449	104	58	89.34	31.30	9.76	2546365	0	1351	1351	1940	1940	1884	1884	14271	14271	36.4	3.98	88.92	11	3219	9	62	29	4	0	0
SRR12632478.001	Bacteria	5449	104	58	1.72	0.00	0.00	555730	0	15	15	90678	90678	37048	37048	149798	149798	48.4	14.41	82.10	4	553	101	3	0	0	0	0
SRR12632478.002	Bacteria	5449	104	58	21.03	5.52	96.00	436011	0	66	66	31825	31825	6606	6606	105000	105000	37.9	2.06	93.84	11	353	58	21	25	0	0	0
SRR12632478.003	Bacteria	5449	104	58	70.57	7.76	50.00	1234941	0	88	88	33075	33075	14033	14033	95853	95853	34.0	1.74	89.66	11	1275	51	49	3	1	0	0
SRR12632478.004	Bacteria	5449	104	58	0.00	0.00	0.00	328085	0	34	34	27833	27833	9649	9649	107197	107197	46.3	4.96	83.33	11	330	104	0	0	0	0	0
SRR12632478.005	Bacteria	5449	104	58	52.92	8.62	40.00	587774	0	158	158	4354	4354	3720	3720	20547	20547	36.4	1.55	91.46	11	661	65	34	5	0	0	0
SRR12632478.006	Bacteria	5449	104	58	70.27	56.44	24.62	4873273	0	2574	2574	1882	1882	1893	1893	38972	38972	36.6	3.23	90.14	11	6199	28	42	25	6	2	1
SRR12632478.007	Bacteria	5449	104	58	62.08	18.39	8.00	2155546	0	1266	1266	1703	1703	1702	1702	11618	11618	47.2	7.83	87.15	11	2885	29	56	16	3	0	0
SRR12632479.001	Bacteria	5449	104	58	0.00	0.00	0.00	517673	0	17	17	94997	94997	30451	30451	124793	124793	50.0	10.11	75.82	11	417	104	0	0	0	0	0
SRR12632479.002	Bacteria	5449	104	58	100.00	12.15	16.67	2218501	0	566	566	5437	5437	3919	3919	47256	47256	38.2	3.55	87.99	11	2218	0	82	21	1	0	0
SRR12632479.003	Bacteria	5449	104	58	100.00	17.88	6.45	4235506	0	875	875	12527	12527	4840	4840	66964	66964	35.7	4.84	83.49	11	4231	0	81	19	4	0	0
SRR12632479.004	Bacteria	5449	104	58	93.97	5.17	5.00	1619277	0	439	439	5580	5580	3688	3688	36646	36646	34.8	5.98	86.43	11	1684	4	86	11	3	0	0
SRR12632479.005	Bacteria	5449	104	58	84.17	65.01	11.03	4590596	0	2861	2861	1515	1515	1604	1604	30481	30481	43.5	6.60	78.74	11	6063	14	31	35	17	4	3
SRR12632480.001	Bacteria	5449	104	58	0.00	0.00	0.00	522636	0	58	58	18130	18130	9010	9010	65027	65027	50.3	5.34	79.90	4	527	104	0	0	0	0	0
SRR12632480.002	Bacteria	5449	104	58	61.76	28.63	1.23	9593852	0	423	423	41474	41474	22680	22680	179380	179380	38.7	3.18	78.52	11	6050	28	28	33	14	1	0
SRR12632481.001	Bacteria	5449	104	58	0.31	0.00	0.00	665475	0	119	119	11697	11697	5592	5592	65462	65462	48.5	8.16	77.74	4	772	102	2	0	0	0	0
SRR12632481.002	Bacteria	5449	104	58	0.00	0.00	0.00	298311	0	199	199	1444	1444	1499	1499	8521	8521	38.0	1.94	73.43	4	381	104	0	0	0	0	0
SRR12632481.003	Bacteria	5449	104	58	93.10	4.08	0.00	1047606	0	340	340	4528	4528	3081	3081	24418	24418	28.2	4.87	83.23	4	1169	4	84	15	1	0	0
SRR12632481.004	Bacteria	5449	104	58	38.99	8.54	7.14	1858411	0	818	818	2505	2505	2271	2271	17757	17757	35.4	2.15	78.35	11	2169	63	31	8	2	0	0
SRR12632481.005	Bacteria	5449	104	58	96.39	17.71	82.35	2552214	0	524	524	7159	7159	4870	4870	31882	31882	48.6	2.25	89.38	11	2788	3	72	18	11	0	0
SRR12632481.006	Bacteria	5449	104	58	67.24	0.94	0.00	708658	0	251	251	3564	3564	2823	2823	10466	10466	37.3	1.47	91.09	11	703	21	78	4	1	0	0
SRR12632481.007	Bacteria	5449	104	58	0.00	0.00	0.00	381540	0	200	200	1951	1951	1907	1907	8620	8620	46.0	2.27	49.58	11	550	104	0	0	0	0	0
SRR12632481.008	Bacteria	5449	104	58	65.39	25.86	57.89	3903188	0	1006	1006	5368	5368	3879	3879	29631	29631	43.0	1.89	75.60	11	4235	49	43	10	1	1	0
SRR12632481.009	Bacteria	5449	104	58	61.60	21.55	38.46	1634684	0	516	516	4188	4188	3167	3167	18600	18600	46.7	1.46	86.52	11	1818	55	36	13	0	0	0
SRR12632481.010	Bacteria	5449	104	58	58.05	6.90	0.00	553210	0	262	262	2306	2306	2111	2111	11513	11513	36.2	1.52	90.97	11	668	31	69	4	0	0	0
SRR12632482.001	Bacteria	5449	104	58	0.00	0.00	0.00	545868	0	79	79	17376	17376	6909	6909	36131	36131	48.8	8.75	80.19	4	559	104	0	0	0	0	0
SRR12632482.002	Bacteria	5449	104	58	87.46	7.15	0.00	1501406	0	561	561	3206	3206	2676	2676	19655	19655	33.1	2.86	82.54	11	1715	11	80	13	0	0	0
SRR12632482.003	Bacteria	5449	104	58	88.79	14.58	20.00	1917998	0	921	921	2253	2253	2082	2082	11881	11881	36.6	4.32	86.35	11	2159	8	79	12	4	1	0
SRR12632482.004	Bacteria	5449	104	58	82.76	0.16	0.00	779159	0	164	164	9063	9063	4750	4750	33298	33298	27.3	2.32	89.37	4	860	11	92	1	0	0	0
SRR12632482.005	Bacteria	5449	104	58	30.66	2.74	33.33	1469462	0	899	899	1489	1489	1634	1634	12526	12526	42.3	8.95	77.21	4	2100	67	34	3	0	0	0
SRR12632484.001	Bacteria	5449	104	58	0.00	0.00	0.00	307951	0	33	33	26180	26180	9331	9331	56248	56248	52.7	6.77	69.93	11	238	104	0	0	0	0	0
SRR12632484.002	Bacteria	5449	104	58	87.93	3.29	8.33	1628968	0	356	356	8027	8027	4575	4575	35721	35721	34.0	8.32	82.64	4	1639	7	85	12	0	0	0
SRR12632484.003	Bacteria	5449	104	58	93.97	32.37	3.70	3166161	0	1535	1535	2080	2080	2062	2062	59004	59004	40.5	6.25	78.32	11	3473	4	60	26	11	2	1
SRR12632486.001	Bacteria	5449	104	58	0.00	0.00	0.00	815174	0	117	117	14353	14353	6967	6967	38907	38907	51.3	6.06	75.15	11	727	104	0	0	0	0	0
SRR12632486.002	Bacteria	5449	104	58	4.31	1.18	0.00	777174	0	563	563	1285	1285	1380	1380	6038	6038	38.6	3.89	80.43	11	925	91	10	3	0	0	0
SRR12632487.001	Bacteria	5449	104	58	95.69	13.40	58.33	2060553	0	554	554	5262	5262	3719	3719	39553	39553	39.5	5.55	83.53	11	2007	3	91	9	1	0	0
SRR12632487.002	Bacteria	5449	104	58	57.37	9.80	0.00	3139843	0	1949	1949	1514	1514	1611	1611	15427	15427	35.6	3.17	85.24	11	3881	55	41	7	1	0	0
SRR12632489.001	Bacteria	5449	104	58	0.00	0.00	0.00	529416	0	70	70	18423	18423	7563	7563	57907	57907	50.1	6.12	81.53	4	625	104	0	0	0	0	0
SRR12632489.002	Bacteria	5449	104	58	34.87	2.35	20.00	763514	0	474	474	1535	1535	1610	1610	9780	9780	41.2	8.54	74.00	11	933	54	45	5	0	0	0
SRR12632490.001	Bacteria	5449	104	58	98.28	1.72	0.00	1544749	0	53	53	68682	68682	29146	29146	135173	135173	36.2	3.66	89.41	11	1418	1	102	1	0	0	0
SRR12632490.002	Bacteria	5449	104	58	100.00	0.00	0.00	2374871	0	201	201	94484	94484	11815	11815	326563	326563	48.0	11.29	89.86	11	2283	0	104	0	0	0	0
SRR12632492.001	Bacteria	5449	104	58	0.00	0.00	0.00	483766	0	11	11	87324	87324	43978	43978	105387	105387	50.5	5.36	80.53	4	507	104	0	0	0	0	0
SRR12632492.002	Bacteria	5449	104	58	72.41	2.04	100.00	1529441	0	805	805	1938	1938	1899	1899	14514	14514	37.1	5.87	86.11	11	2026	17	84	3	0	0	0
SRR12632494.001	Bacteria	5449	104	58	0.00	0.00	0.00	526563	0	86	86	10131	10131	6122	6122	38656	38656	50.5	5.31	80.56	4	570	104	0	0	0	0	0
SRR12632494.002	Bacteria	5449	104	58	0.16	0.00	0.00	421685	0	98	98	16657	16657	4302	4302	34275	34275	49.2	9.16	70.43	4	389	103	1	0	0	0	0
SRR12632497.001	Bacteria	5449	104	58	0.00	0.00	0.00	527859	0	71	71	11375	11375	7434	7434	37092	37092	50.2	6.74	75.99	11	485	104	0	0	0	0	0
SRR12632497.002	Bacteria	5449	104	58	71.39	5.64	14.29	1329747	0	730	730	1834	1834	1821	1821	11482	11482	39.6	7.01	76.73	11	1538	19	78	7	0	0	0
SRR12632498.001	Bacteria	5449	104	58	0.00	0.00	0.00	524967	0	89	89	10702	10702	5898	5898	47016	47016	50.5	5.01	80.99	4	653	104	0	0	0	0	0
SRR12632498.002	Bacteria	5449	104	58	10.05	1.10	0.00	1108349	0	832	832	1278	1278	1332	1332	6325	6325	37.7	3.37	80.93	11	1269	87	12	3	2	0	0
SRR12632501.001	Bacteria	5449	104	58	0.00	0.00	0.00	522056	0	82	82	10238	10238	6366	6366	40873	40873	50.5	5.26	80.45	4	597	104	0	0	0	0	0
SRR12632501.002	Bacteria	5449	104	58	0.31	0.00	0.00	434250	0	107	107	11269	11269	4058	4058	34281	34281	47.9	9.72	65.58	11	393	102	2	0	0	0	0
SRR12632502.001	Bacteria	5449	104	58	0.00	0.00	0.00	496365	0	37	37	28029	28029	13415	13415	53517	53517	50.3	5.44	74.56	11	401	104	0	0	0	0	0
SRR12632502.002	Bacteria	5449	104	58	50.21	9.44	66.67	1205471	0	754	754	1474	1474	1598	1598	33894	33894	35.0	3.22	90.68	11	1689	40	55	9	0	0	0
SRR28682305.001	Bacteria	5449	104	58	100.00	12.54	0.00	4849207	0	595	595	151306	151306	8149	8149	693967	693967	66.7	6.12	89.27	11	5007	0	93	11	0	0	0
SRR28682305.002	Bacteria	5449	104	58	100.00	45.58	1.79	7243832	0	1184	1184	64227	64227	6118	6118	380990	380990	58.0	7.26	85.56	11	7368	0	58	41	5	0	0
SRR28682306.001	Bacteria	5449	104	58	2.85	0.16	100.00	544790	0	174	174	4460	4460	3130	3130	21243	21243	45.8	5.12	54.08	11	745	96	7	1	0	0	0
SRR28682306.002	Bacteria	5449	104	58	7.15	1.02	0.00	170671	0	42	42	6494	6494	4063	4063	20775	20775	35.3	6.61	53.47	11	183	81	21	2	0	0	0
SRR28682306.003	Bacteria	5449	104	58	9.34	5.96	6.67	2316676	0	591	591	7584	7584	3919	3919	64792	64792	43.8	6.21	51.18	11	3108	76	17	3	7	1	0
SRR28682306.004	Bacteria	5449	104	58	9.69	3.54	9.09	3613909	0	1930	1930	1757	1757	1872	1872	32861	32861	41.5	5.96	54.81	11	4868	75	20	8	1	0	0
SRR28682306.005	Bacteria	5449	104	58	5.11	0.00	0.00	3350206	0	2444	2444	1272	1272	1370	1370	20044	20044	33.6	1.77	35.99	11	4982	84	20	0	0	0	0
SRR28682306.006	Bacteria	5449	104	58	9.18	5.02	11.11	3657173	0	2760	2760	1240	1240	1325	1325	10914	10914	35.6	2.09	44.93	11	6077	87	8	6	2	1	0
SRR28682306.007	Bacteria	5449	104	58	6.74	1.72	100.00	14424183	0	10699	10699	1256	1256	1348	1348	20210	20210	46.4	3.04	74.17	4	23390	89	14	0	1	0	0
SRR28682306.008	Bacteria	5449	104	58	0.00	0.00	0.00	714650	0	523	523	1330	1330	1366	1366	8511	8511	40.0	1.88	38.17	11	998	104	0	0	0	0	0
SRR28682306.009	Bacteria	5449	104	58	11.30	4.58	28.99	24336962	0	18043	18043	1286	1286	1348	1348	12341	12341	39.6	2.01	58.84	11	46196	78	16	4	1	1	4
SRR28682306.010	Bacteria	5449	104	58	3.93	1.41	45.00	615739	0	451	451	1290	1290	1365	1365	4574	4574	37.9	1.17	41.13	11	849	87	13	2	1	0	1
SRR28682306.011	Bacteria	5449	104	58	6.05	11.03	39.39	3968975	0	3040	3040	1253	1253	1305	1305	19807	19807	31.7	1.94	26.27	11	4830	88	6	5	2	2	1
SRR28682306.012	Bacteria	5449	104	58	1.68	0.00	0.00	574333	0	426	426	1290	1290	1348	1348	5112	5112	36.5	1.28	33.79	11	833	99	5	0	0	0	0
SRR28682306.013	Bacteria	5449	104	58	1.03	0.00	0.00	2798890	0	2112	2112	1262	1262	1325	1325	6288	6288	35.9	1.40	36.15	11	4173	101	3	0	0	0	0
SRR28682307.001	Bacteria	5449	104	58	100.00	1.72	0.00	4169832	0	51	51	189475	189475	81761	81761	693967	693967	67.2	11.51	89.67	11	3997	0	103	1	0	0	0
SRR28682307.002	Bacteria	5449	104	58	98.28	0.86	0.00	5269043	0	48	48	371515	371515	109771	109771	853873	853873	59.0	6.86	89.23	11	5080	1	102	1	0	0	0
SRR28682307.003	Bacteria	5449	104	58	59.79	23.39	1.59	4827211	0	2894	2894	1575	1575	1668	1668	81211	81211	54.4	11.94	74.08	4	5454	34	41	18	7	4	0
SRR32962827.001	Bacteria	5449	104	58	0.00	0.00	0.00	113798	0	23	23	5766	5766	4947	4947	19820	19820	44.3	7.98	59.36	11	105	104	0	0	0	0	0
SRR32962827.002	Bacteria	5449	104	58	19.18	4.94	0.00	1408855	0	310	310	5969	5969	4544	4544	76549	76549	38.5	2.94	82.58	11	1008	69	21	9	5	0	0
SRR32962827.003	Bacteria	5449	104	58	22.27	12.95	78.26	4503978	0	678	678	9248	9248	6643	6643	34337	34337	39.6	1.82	78.70	11	3526	68	17	17	2	0	0
SRR32962827.004	Bacteria	5449	104	58	27.07	22.96	66.67	5095487	0	832	832	8068	8068	6124	6124	34312	34312	37.7	0.91	82.37	11	3799	76	11	12	4	1	0
SRR32962827.005	Bacteria	5449	104	58	14.31	15.66	60.78	3279752	0	590	590	7517	7517	5558	5558	34632	34632	41.7	1.73	73.25	11	2887	77	8	9	6	4	0
SRR32962827.006	Bacteria	5449	104	58	16.86	3.92	83.33	3599357	0	728	728	7050	7050	4944	4944	33153	33153	37.0	2.41	75.11	11	2801	84	14	6	0	0	0
SRR32962827.007	Bacteria	5449	104	58	40.44	13.94	0.00	8616225	0	565	565	27392	27392	15249	15249	164187	164187	25.7	5.50	53.79	11	14376	45	30	26	3	0	0
SRR32962828.001	Bacteria	5449	104	58	0.00	0.00	0.00	399968	0	135	135	4122	4122	2962	2962	13800	13800	35.3	4.53	56.75	11	398	104	0	0	0	0	0
SRR32962828.002	Bacteria	5449	104	58	0.00	0.00	0.00	877125	0	143	143	13611	13611	6133	6133	95265	95265	48.5	11.17	73.15	11	738	104	0	0	0	0	0
SRR32962828.003	Bacteria	5449	104	58	19.02	0.89	0.00	1896605	0	291	291	16437	16437	6517	6517	109902	109902	39.0	4.76	77.20	11	1385	80	21	3	0	0	0
SRR32962828.004	Bacteria	5449	104	58	14.95	2.66	11.11	1215108	0	198	198	8911	8911	6136	6136	162081	162081	40.1	4.06	77.99	11	958	77	20	6	1	0	0
SRR32962828.005	Bacteria	5449	104	58	26.85	12.48	82.35	4523042	0	934	934	6481	6481	4842	4842	27368	27368	37.3	0.99	83.59	11	3491	71	16	17	0	0	0
SRR32962828.006	Bacteria	5449	104	58	13.43	5.90	83.33	3155879	0	664	664	6740	6740	4752	4752	24261	24261	37.0	1.63	73.47	11	2610	88	10	6	0	0	0
SRR32962828.007	Bacteria	5449	104	58	18.37	10.14	48.15	3042389	0	465	465	11411	11411	6542	6542	224971	224971	40.8	1.06	79.78	11	2388	74	14	12	3	1	0
SRR32962828.008	Bacteria	5449	104	58	4.45	2.07	100.00	720577	0	154	154	7319	7319	4679	4679	21497	21497	43.6	2.13	74.61	11	631	97	5	2	0	0	0
SRR32962828.009	Bacteria	5449	104	58	2.85	0.82	100.00	666281	0	129	129	6247	6247	5164	5164	21006	21006	42.7	3.63	76.92	4	696	97	4	2	1	0	0
SRR32962828.010	Bacteria	5449	104	58	1.18	0.00	0.00	682583	0	360	360	1512	1512	1896	1896	61350	61350	38.2	14.46	66.67	11	866	101	3	0	0	0	0
SRR32962829.001	Bacteria	5449	104	58	39.58	10.49	0.00	8741729	0	433	433	38174	38174	20188	20188	205189	205189	26.4	5.12	55.59	11	14910	46	31	24	3	0	0
SRR32962829.002	Bacteria	5449	104	58	27.94	2.40	0.00	5466991	0	2974	2974	1845	1845	1838	1838	48514	48514	38.8	4.28	73.39	11	6476	58	39	4	3	0	0
21_Melli.001	Bacteria	5449	104	58	42.89	4.31	100.00	433273	0	89	89	6437	6437	4868	4868	18987	18987	41.0	4.17	88.81	11	494	68	32	4	0	0	0
21_Melli.002	Bacteria	5449	104	58	17.24	6.90	100.00	514236	0	104	104	7296	7296	4944	4944	24121	24121	43.9	2.94	90.87	11	541	93	8	2	1	0	0
21_Melli.003	Bacteria	5449	104	58	12.77	3.45	100.00	165031	0	33	33	8874	8874	5000	5000	15480	15480	37.6	1.85	89.49	11	187	81	18	3	2	0	0
21_Melli.004	Bacteria	5449	104	58	53.43	11.68	86.96	317443	0	67	67	5705	5705	4737	4737	22753	22753	40.9	2.46	90.65	11	390	43	42	17	2	0	0
21_Melli.005	Bacteria	5449	104	58	81.11	51.78	78.95	1374301	0	364	364	4849	4849	3775	3775	54576	54576	42.6	3.77	89.16	11	1662	16	42	34	10	2	0
21_Melli.006	Bacteria	5449	104	58	71.16	51.29	78.87	1303536	0	355	355	4893	4893	3671	3671	38360	38360	39.3	3.16	88.71	11	1555	38	38	13	12	2	1
21_Melli.007	Bacteria	5449	104	58	76.91	90.13	76.42	2560090	0	706	706	5049	5049	3626	3626	80778	80778	44.9	3.67	89.88	11	2885	39	31	14	12	6	2
21_Melli.008	Bacteria	5449	104	58	91.38	3.76	25.00	1428996	0	82	82	54285	54285	17426	17426	197419	197419	40.5	5.62	89.62	11	1344	6	94	4	0	0	0
21_Melli.009	Bacteria	5449	104	58	54.34	48.28	76.60	1262209	0	407	407	4057	4057	3101	3101	18318	18318	37.7	2.99	86.89	11	1599	58	23	14	7	2	0
21_Melli.010	Bacteria	5449	104	58	46.33	24.14	73.68	1701451	0	540	540	3940	3940	3150	3150	44073	44073	45.7	2.74	90.30	11	1887	66	25	10	3	0	0
21_Melli.011	Bacteria	5449	104	58	50.16	37.07	84.62	1586591	0	596	596	3186	3186	2662	2662	18158	18158	42.8	2.17	88.72	11	2022	69	21	8	3	2	1
21_Melli.012	Bacteria	5449	104	58	10.82	7.37	75.00	2216173	0	891	891	2637	2637	2487	2487	53740	53740	49.0	3.18	86.55	11	2256	94	2	8	0	0	0
21_Melli.013	Bacteria	5449	104	58	61.05	22.41	80.00	2702296	0	855	855	3898	3898	3160	3160	125135	125135	40.9	2.74	86.87	11	3276	55	34	15	0	0	0
21_Melli.014	Bacteria	5449	104	58	13.50	2.19	50.00	2252426	0	564	564	5460	5460	3993	3993	35677	35677	30.3	4.49	78.27	11	2434	75	25	4	0	0	0
21_Melli.015	Bacteria	5449	104	58	71.22	60.06	80.30	2447556	0	641	641	6717	6717	3818	3818	48710	48710	38.7	3.73	86.65	11	2802	41	28	24	8	3	0
21_Melli.016	Bacteria	5449	104	58	87.85	76.41	70.37	5780309	0	2321	2321	2833	2833	2490	2490	89356	89356	41.2	4.49	88.02	11	6588	24	39	30	8	2	1
21_Melli.017	Bacteria	5449	104	58	96.55	46.79	49.28	5371096	0	1604	1604	6105	6105	3348	3348	335592	335592	43.8	4.17	60.00	11	4774	2	66	27	4	5	0
21_Melli.018	Bacteria	5449	104	58	44.74	24.83	38.89	11453932	0	5085	5085	2402	2402	2252	2252	160818	160818	34.5	2.41	83.71	11	13121	52	32	15	3	2	0
21_Melli.019	Bacteria	5449	104	58	46.71	37.93	83.78	2713482	0	1410	1410	1862	1862	1924	1924	49428	49428	45.2	2.29	91.90	11	3304	72	16	10	3	3	0
21_Melli.020	Bacteria	5449	104	58	63.14	7.85	0.00	10169408	0	4414	4414	2608	2608	2303	2303	41166	41166	27.6	2.50	77.23	11	12992	41	51	12	0	0	0
21_Melli.021	Bacteria	5449	104	58	32.76	5.17	25.00	3451936	0	1835	1835	1893	1893	1881	1881	54939	54939	40.8	1.58	89.89	11	4391	83	19	1	1	0	0
21_Melli.022	Bacteria	5449	104	58	92.76	19.17	10.34	4809913	0	2577	2577	1932	1932	1866	1866	15180	15180	44.9	9.10	80.21	11	5474	5	76	20	3	0	0
22_Melli.001	Bacteria	5449	104	58	29.58	1.72	100.00	257373	0	85	85	3421	3421	3027	3027	10653	10653	38.9	3.92	89.38	11	330	70	33	1	0	0	0
22_Melli.002	Bacteria	5449	104	58	74.95	35.08	85.37	955400	0	265	265	4931	4931	3605	3605	17736	17736	42.3	3.86	89.89	11	1120	38	42	19	4	0	1
22_Melli.003	Bacteria	5449	104	58	62.43	30.64	82.98	1305208	0	325	325	5958	5958	4016	4016	26745	26745	44.2	3.33	90.40	11	1378	38	44	11	10	1	0
22_Melli.004	Bacteria	5449	104	58	53.45	21.92	88.00	676980	0	183	183	5261	5261	3699	3699	19402	19402	38.5	3.25	88.17	11	866	50	31	22	1	0	0
22_Melli.005	Bacteria	5449	104	58	47.97	31.03	62.96	1143264	0	315	315	4699	4699	3629	3629	29035	29035	43.9	2.25	89.10	11	1337	67	24	9	2	2	0
22_Melli.006	Bacteria	5449	104	58	49.75	27.76	92.86	1576650	0	330	330	7820	7820	4777	4777	138375	138375	37.5	3.44	86.29	11	1768	45	29	17	13	0	0
22_Melli.007	Bacteria	5449	104	58	15.91	11.13	73.33	910279	0	257	257	4937	4937	3541	3541	18195	18195	48.0	2.50	90.05	11	1037	86	8	9	0	1	0
22_Melli.008	Bacteria	5449	104	58	56.85	24.14	75.00	752786	0	156	156	8260	8260	4825	4825	32431	32431	41.1	3.98	89.30	11	895	63	25	16	0	0	0
22_Melli.009	Bacteria	5449	104	58	41.42	18.65	80.77	535104	0	107	107	7840	7840	5000	5000	57304	57304	38.7	1.92	89.24	11	650	60	22	20	2	0	0
22_Melli.010	Bacteria	5449	104	58	65.69	55.49	70.83	1587073	0	372	372	6632	6632	4266	4266	30011	30011	43.2	2.64	89.28	11	1869	47	30	18	8	1	0
22_Melli.011	Bacteria	5449	104	58	31.29	11.21	42.86	539661	0	108	108	9382	9382	4996	4996	37929	37929	36.3	2.91	87.34	11	603	75	26	1	1	0	1
22_Melli.012	Bacteria	5449	104	58	45.20	16.77	73.91	335733	0	49	49	16786	16786	6851	6851	54157	54157	38.3	1.32	91.29	11	388	63	25	14	1	1	0
22_Melli.013	Bacteria	5449	104	58	22.57	6.90	100.00	277620	0	46	46	11970	11970	6035	6035	46884	46884	38.2	1.32	88.77	11	340	89	11	4	0	0	0
22_Melli.014	Bacteria	5449	104	58	62.23	49.76	71.70	3388714	0	1028	1028	4281	4281	3296	3296	48963	48963	43.9	4.22	87.97	11	3867	42	40	11	8	3	0
22_Melli.015	Bacteria	5449	104	58	3.45	0.00	0.00	641985	0	175	175	4523	4523	3668	3668	24962	24962	31.8	2.62	80.67	11	722	102	2	0	0	0	0
22_Melli.016	Bacteria	5449	104	58	20.86	7.24	66.67	659631	0	179	179	5874	5874	3685	3685	41545	41545	37.8	1.37	84.48	11	825	87	11	6	0	0	0
22_Melli.017	Bacteria	5449	104	58	50.31	31.43	86.96	3530723	0	1106	1106	4091	4091	3192	3192	108419	108419	45.2	4.46	86.01	11	3578	57	28	12	4	2	1
22_Melli.018	Bacteria	5449	104	58	0.00	0.00	0.00	920179	0	254	254	5391	5391	3622	3622	31446	31446	31.5	7.48	78.43	11	998	104	0	0	0	0	0
22_Melli.019	Bacteria	5449	104	58	52.04	40.00	67.65	1353036	0	397	397	5107	5107	3408	3408	29644	29644	38.3	1.92	85.75	11	1688	52	31	16	4	1	0
22_Melli.020	Bacteria	5449	104	58	1.72	0.00	0.00	938415	0	295	295	4129	4129	3181	3181	32858	32858	36.7	2.13	92.74	11	556	103	1	0	0	0	0
22_Melli.021	Bacteria	5449	104	58	67.55	56.50	69.57	3740746	0	1482	1482	2968	2968	2524	2524	61800	61800	44.6	4.15	89.24	11	4269	47	26	25	5	1	0
22_Melli.022	Bacteria	5449	104	58	5.41	0.16	0.00	1594182	0	455	455	5034	5034	3503	3503	27038	27038	29.4	4.56	76.13	11	1823	94	9	1	0	0	0
22_Melli.023	Bacteria	5449	104	58	47.41	13.24	58.33	1735877	0	539	539	4194	4194	3220	3220	69560	69560	37.0	1.93	81.97	11	2265	54	42	6	2	0	0
22_Melli.024	Bacteria	5449	104	58	3.37	0.16	0.00	600744	0	106	106	11268	11268	5667	5667	32746	32746	44.1	3.15	42.55	11	702	97	6	1	0	0	0
22_Melli.025	Bacteria	5449	104	58	98.28	24.09	16.00	3121030	0	540	540	20879	20879	5779	5779	208775	208775	40.1	1.98	88.36	11	3350	1	80	22	1	0	0
22_Melli.026	Bacteria	5449	104	58	4.11	0.00	0.00	676820	0	68	68	15834	15834	9953	9953	53471	53471	44.2	2.45	34.83	11	943	98	6	0	0	0	0
22_Melli.027	Bacteria	5449	104	58	99.69	23.20	75.68	5950110	0	2098	2098	3934	3934	2836	2836	61023	61023	47.9	3.18	85.96	11	7040	2	72	28	1	1	0
22_Melli.028	Bacteria	5449	104	58	77.39	56.03	56.82	5314379	0	2658	2658	2032	2032	1999	1999	37658	37658	41.7	2.39	90.35	11	6339	40	36	23	3	2	0
22_Melli.029	Bacteria	5449	104	58	25.94	21.55	21.88	12862574	0	5631	5631	2453	2453	2284	2284	78665	78665	31.3	1.89	80.97	11	17335	59	40	2	1	1	1
22_Melli.030	Bacteria	5449	104	58	1.88	0.16	0.00	5835548	0	2884	2884	2089	2089	2023	2023	57630	57630	35.3	2.67	93.96	11	4157	102	1	1	0	0	0
22_Melli.031	Bacteria	5449	104	58	87.51	49.48	0.00	10148495	0	4883	4883	2234	2234	2078	2078	25493	25493	26.6	2.10	75.17	11	14137	35	43	23	1	1	1
22_Melli.032	Bacteria	5449	104	58	3.40	1.18	100.00	1498230	0	569	569	3128	3128	2633	2633	26549	26549	45.2	2.36	45.25	11	2285	98	3	3	0	0	0
22_Melli.033	Bacteria	5449	104	58	91.07	54.46	16.10	7064384	0	3389	3389	2124	2124	2084	2084	50365	50365	36.4	2.55	73.86	11	9223	7	41	41	7	6	2
22_Melli.034	Bacteria	5449	104	58	0.47	0.00	0.00	1152213	0	772	772	1381	1381	1492	1492	7571	7571	40.8	2.32	83.30	4	1588	101	3	0	0	0	0
23_Scapto.001	Bacteria	5449	104	58	93.10	1.72	0.00	1242627	0	64	64	29423	29423	19416	19416	83720	83720	33.1	2.97	87.37	11	1233	4	99	1	0	0	0
23_Scapto.002	Bacteria	5449	104	58	98.28	1.72	0.00	1279089	0	75	75	33369	33369	17054	17054	234131	234131	29.2	4.01	86.91	11	1291	1	102	1	0	0	0
23_Scapto.003	Bacteria	5449	104	58	5.17	0.00	0.00	283420	0	72	72	6423	6423	3936	3936	41534	41534	31.7	4.69	81.46	11	333	101	3	0	0	0	0
23_Scapto.004	Bacteria	5449	104	58	1.72	0.00	0.00	137475	0	63	63	2427	2427	2182	2182	10231	10231	32.9	3.69	80.20	11	169	103	1	0	0	0	0
23_Scapto.005	Bacteria	5449	104	58	0.00	0.00	0.00	223276	0	35	35	10274	10274	6379	6379	46842	46842	43.8	4.52	80.80	11	232	104	0	0	0	0	0
23_Scapto.006	Bacteria	5449	104	58	0.00	0.00	0.00	321492	0	145	145	2548	2548	2217	2217	8305	8305	28.5	4.04	75.44	11	398	104	0	0	0	0	0
23_Scapto.007	Bacteria	5449	104	58	34.64	0.00	0.00	1271733	0	369	369	4882	4882	3446	3446	68078	68078	34.5	6.12	80.32	11	1413	52	52	0	0	0	0
23_Scapto.008	Bacteria	5449	104	58	90.54	31.90	39.13	2484712	0	638	638	5452	5452	3894	3894	26090	26090	36.5	5.54	87.26	11	2751	23	62	17	2	0	0
23_Scapto.009	Bacteria	5449	104	58	2.59	0.94	100.00	1991178	0	394	394	10482	10482	5053	5053	155848	155848	42.4	7.33	81.05	11	2151	92	6	6	0	0	0
23_Scapto.010	Bacteria	5449	104	58	0.00	0.00	0.00	699660	0	84	84	19537	19537	8329	8329	71072	71072	48.3	15.41	79.95	11	743	104	0	0	0	0	0
23_Scapto.011	Bacteria	5449	104	58	62.38	7.59	42.86	1610301	0	565	565	3401	3401	2850	2850	39415	39415	40.3	4.76	89.89	11	1782	34	65	4	1	0	0
23_Scapto.012	Bacteria	5449	104	58	74.51	28.53	100.00	835240	0	296	296	3290	3290	2821	2821	15416	15416	41.1	3.67	90.89	11	1036	40	44	16	4	0	0
23_Scapto.013	Bacteria	5449	104	58	8.78	1.72	100.00	3225559	0	1093	1093	3640	3640	2951	2951	50520	50520	31.4	7.42	81.22	11	3557	98	5	1	0	0	0
23_Scapto.014	Bacteria	5449	104	58	35.79	18.34	80.00	1053090	0	255	255	6696	6696	4129	4129	27543	27543	36.6	1.37	88.24	11	1307	70	16	17	1	0	0
23_Scapto.015	Bacteria	5449	104	58	0.00	0.00	0.00	225629	0	72	72	5080	5080	3133	3133	25783	25783	36.1	12.63	92.55	11	151	104	0	0	0	0	0
23_Scapto.016	Bacteria	5449	104	58	17.87	0.00	0.00	1091920	0	497	497	2331	2331	2197	2197	38184	38184	40.4	4.12	89.01	11	1210	89	15	0	0	0	0
23_Scapto.017	Bacteria	5449	104	58	56.03	30.17	100.00	1053711	0	318	318	4634	4634	3313	3313	19493	19493	38.2	1.33	92.88	11	1180	66	18	20	0	0	0
23_Scapto.018	Bacteria	5449	104	58	5.17	1.72	0.00	178946	0	67	67	3154	3154	2670	2670	13901	13901	41.5	1.44	88.81	11	223	100	2	2	0	0	0
23_Scapto.019	Bacteria	5449	104	58	8.10	1.72	100.00	1674942	0	432	432	6070	6070	3877	3877	73363	73363	35.3	1.98	86.12	11	2083	98	5	1	0	0	0
23_Scapto.020	Bacteria	5449	104	58	17.24	10.34	22.22	395959	0	75	75	10305	10305	5279	5279	69602	69602	41.6	1.28	88.17	11	445	93	6	3	2	0	0
23_Scapto.021	Bacteria	5449	104	58	28.28	21.79	57.58	596281	0	158	158	5616	5616	3773	3773	59602	59602	41.4	1.22	90.65	11	673	50	23	18	10	3	0
23_Scapto.022	Bacteria	5449	104	58	51.57	23.28	72.22	870795	0	217	217	6793	6793	4012	4012	50738	50738	38.4	1.31	87.63	11	1094	42	30	15	15	2	0
23_Scapto.023	Bacteria	5449	104	58	3.61	0.00	0.00	1718119	0	798	798	2203	2203	2153	2153	30474	30474	36.6	1.79	92.27	11	1596	101	3	0	0	0	0
23_Scapto.024	Bacteria	5449	104	58	31.10	14.66	0.00	2413404	0	1065	1065	2487	2487	2266	2266	48197	48197	34.6	1.50	82.54	11	3348	76	19	9	0	0	0
23_Scapto.025	Bacteria	5449	104	58	19.04	1.72	0.00	7333230	0	3575	3575	2109	2109	2051	2051	71713	71713	30.1	7.26	79.13	11	9632	72	31	1	0	0	0
23_Scapto.026	Bacteria	5449	104	58	38.97	23.28	75.00	1818802	0	705	705	2965	2965	2579	2579	102478	102478	45.1	2.05	92.70	11	1976	63	20	13	3	4	1
23_Scapto.027	Bacteria	5449	104	58	43.79	16.21	86.96	1079238	0	514	514	2239	2239	2099	2099	14189	14189	36.2	1.36	86.34	11	1641	71	25	4	3	0	1
23_Scapto.028	Bacteria	5449	104	58	60.78	48.43	50.00	1103671	0	483	483	2555	2555	2285	2285	26809	26809	38.7	1.13	89.86	11	1482	55	26	17	3	3	0
23_Scapto.029	Bacteria	5449	104	58	63.61	40.67	67.74	1867569	0	801	801	2726	2726	2331	2331	15076	15076	41.5	1.25	88.65	11	2400	54	31	13	6	0	0
23_Scapto.030	Bacteria	5449	104	58	46.55	2.59	0.00	1419325	0	772	772	1911	1911	1838	1838	9016	9016	36.5	1.80	85.17	11	1981	68	34	2	0	0	0
23_Scapto.031	Bacteria	5449	104	58	56.90	13.06	20.59	1287342	0	817	817	1525	1525	1575	1575	9293	9293	47.1	2.51	86.28	11	1881	28	44	31	1	0	0
23_Scapto.032	Bacteria	5449	104	58	75.71	37.02	23.26	1920080	0	1071	1071	1796	1796	1792	1792	8390	8390	44.6	2.66	86.43	11	2543	19	50	31	4	0	0
39_Melli.001	Bacteria	5449	104	58	41.69	29.31	80.00	560982	0	139	139	5085	5085	4035	4035	17473	17473	42.8	3.00	89.28	11	653	52	41	3	5	2	1
39_Melli.002	Bacteria	5449	104	58	49.11	53.27	82.35	603071	0	127	127	7414	7414	4748	4748	20320	20320	37.8	2.48	90.47	11	774	46	24	15	10	4	5
39_Melli.003	Bacteria	5449	104	58	48.62	21.87	77.78	617060	0	146	146	6011	6011	4226	4226	19528	19528	43.0	2.82	90.39	11	694	59	31	12	2	0	0
39_Melli.004	Bacteria	5449	104	58	78.92	57.64	66.67	1616081	0	442	442	4840	4840	3656	3656	30222	30222	42.0	3.43	89.38	11	1915	22	51	21	8	2	0
39_Melli.005	Bacteria	5449	104	58	0.00	0.00	0.00	481842	0	45	45	16482	16482	10707	10707	36678	36678	50.9	5.59	76.92	11	435	104	0	0	0	0	0
39_Melli.006	Bacteria	5449	104	58	43.23	25.86	66.67	1258479	0	443	443	3309	3309	2840	2840	14411	14411	45.2	2.87	89.98	11	1523	70	19	12	3	0	0
39_Melli.007	Bacteria	5449	104	58	62.46	32.16	60.53	1095062	0	328	328	4440	4440	3338	3338	28200	28200	38.5	3.68	87.16	11	1401	42	37	20	4	1	0
39_Melli.008	Bacteria	5449	104	58	76.65	63.79	76.09	2182538	0	752	752	3490	3490	2902	2902	37652	37652	44.3	3.33	89.28	11	2666	27	36	26	8	7	0
39_Melli.009	Bacteria	5449	104	58	31.60	12.54	81.25	1285685	0	366	366	4704	4704	3512	3512	35701	35701	34.2	4.56	82.26	11	1477	74	21	7	1	1	0
39_Melli.010	Bacteria	5449	104	58	47.99	32.99	97.30	2570195	0	1073	1073	2634	2634	2395	2395	20441	20441	45.8	4.15	89.38	11	2925	64	18	16	5	1	0
39_Melli.011	Bacteria	5449	104	58	37.92	7.76	85.71	1639984	0	584	584	3591	3591	2808	2808	27566	27566	39.1	4.44	86.85	11	1737	74	25	4	1	0	0
39_Melli.012	Bacteria	5449	104	58	49.84	31.03	91.67	2187538	0	869	869	2840	2840	2517	2517	26562	26562	44.2	3.21	89.41	11	2485	63	24	9	3	5	0
39_Melli.013	Bacteria	5449	104	58	69.73	51.11	78.57	1966498	0	537	537	5267	5267	3662	3662	29856	29856	38.6	2.05	87.62	11	2222	37	35	26	2	4	0
39_Melli.014	Bacteria	5449	104	58	31.97	20.85	82.61	1627054	0	681	681	2679	2679	2389	2389	34690	34690	46.2	3.08	90.80	11	1916	77	17	7	2	0	1
39_Melli.015	Bacteria	5449	104	58	11.69	0.00	0.00	3052261	0	891	891	4447	4447	3425	3425	47747	47747	30.7	5.37	78.01	11	3398	82	22	0	0	0	0
39_Melli.016	Bacteria	5449	104	58	23.07	18.57	69.57	1101229	0	390	390	3457	3457	2823	2823	36942	36942	35.8	1.37	83.02	11	1358	75	20	5	2	2	0
39_Melli.017	Bacteria	5449	104	58	56.48	16.95	86.67	1233224	0	366	366	4722	4722	3369	3369	24053	24053	39.0	1.42	87.67	11	1577	54	31	15	3	1	0
39_Melli.018	Bacteria	5449	104	58	37.15	27.59	68.42	1899231	0	795	795	2752	2752	2388	2388	33716	33716	44.6	3.32	89.74	11	2415	75	16	10	3	0	0
39_Melli.019	Bacteria	5449	104	58	2.30	1.18	33.33	750498	0	98	98	12801	12801	7658	7658	41129	41129	43.6	2.86	27.13	11	578	95	6	3	0	0	0
39_Melli.020	Bacteria	5449	104	58	99.69	5.06	100.00	2946493	0	125	125	127694	127694	23571	23571	454573	454573	49.3	5.20	82.16	11	2550	2	89	13	0	0	0
39_Melli.021	Bacteria	5449	104	58	0.00	0.00	0.00	2504640	0	1309	1309	1942	1942	1913	1913	17943	17943	41.5	3.06	97.60	11	1561	104	0	0	0	0	0
39_Melli.022	Bacteria	5449	104	58	89.66	0.00	0.00	1302074	0	120	120	121090	121090	10850	10850	204524	204524	27.5	1.93	85.26	11	1335	20	84	0	0	0	0
39_Melli.023	Bacteria	5449	104	58	9.20	0.63	100.00	1436783	0	646	646	2479	2479	2224	2224	29610	29610	48.5	2.17	87.64	11	2040	87	13	4	0	0	0
39_Melli.024	Bacteria	5449	104	58	69.32	53.55	70.31	4150905	0	1685	1685	2773	2773	2463	2463	74179	74179	39.3	1.50	86.05	11	5803	36	36	22	6	4	0
39_Melli.025	Bacteria	5449	104	58	93.10	18.65	47.62	2021718	0	376	376	25210	25210	5376	5376	139994	139994	40.9	2.01	90.45	11	2138	7	78	18	1	0	0
39_Melli.026	Bacteria	5449	104	58	13.10	6.90	50.00	9035251	0	4639	4639	1993	1993	1947	1947	29576	29576	33.9	2.33	85.70	11	9439	93	10	0	0	0	1
39_Melli.027	Bacteria	5449	104	58	58.87	51.02	66.07	3814064	0	1747	1747	2358	2358	2183	2183	30380	30380	43.5	1.79	88.95	11	4956	56	28	13	4	1	2
39_Melli.028	Bacteria	5449	104	58	3.45	0.00	0.00	5101946	0	2283	2283	2504	2504	2234	2234	19606	19606	25.5	2.00	77.42	11	6346	102	2	0	0	0	0
39_Melli.029	Bacteria	5449	104	58	79.15	9.34	13.64	4335232	0	2005	2005	2292	2292	2162	2162	51972	51972	29.1	1.86	70.26	11	6057	24	69	7	3	1	0
39_Melli.030	Bacteria	5449	104	58	3.53	2.04	40.00	445630	0	121	121	5355	5355	3682	3682	24699	24699	43.6	1.43	38.24	11	598	96	5	2	1	0	0
39_Melli.031	Bacteria	5449	104	58	3.40	0.16	100.00	362727	0	154	154	2838	2838	2355	2355	10666	10666	48.0	2.25	43.87	11	522	98	5	1	0	0	0
39_Melli.032	Bacteria	5449	104	58	58.11	23.01	76.47	3108656	0	675	675	7691	7691	4605	4605	41713	41713	46.3	1.26	86.48	11	3495	47	40	17	0	0	0
39_Melli.033	Bacteria	5449	104	58	50.80	19.83	100.00	2721467	0	635	635	6190	6190	4285	4285	45925	45925	49.3	1.37	90.67	11	2909	63	28	13	0	0	0
39_Melli.034	Bacteria	5449	104	58	0.00	0.00	0.00	916739	0	582	582	1500	1500	1575	1575	7678	7678	42.9	2.73	77.96	11	1155	104	0	0	0	0	0
39_Melli.035	Bacteria	5449	104	58	0.00	0.00	0.00	428102	0	147	147	4021	4021	2912	2912	12541	12541	44.3	1.46	14.52	11	319	104	0	0	0	0	0
39_Melli.036	Bacteria	5449	104	58	88.64	44.70	15.20	6370570	0	3579	3579	1740	1740	1779	1779	34519	34519	38.4	7.67	76.43	11	7787	8	50	26	11	0	9
39_Melli.037	Bacteria	5449	104	58	39.95	0.47	0.00	1465627	0	740	740	2006	2006	1980	1980	23720	23720	55.2	2.52	88.13	11	1960	47	54	3	0	0	0
40_Melli.001	Bacteria	5449	104	58	53.79	21.37	42.42	1239364	0	125	125	28788	28788	9914	9914	125104	125104	41.1	3.02	90.24	11	1336	35	42	24	3	0	0
40_Melli.002	Bacteria	5449	104	58	87.49	52.15	34.48	2165055	0	263	263	17699	17699	8232	8232	104650	104650	43.2	5.73	85.49	11	1987	20	48	25	11	0	0
40_Melli.003	Bacteria	5449	104	58	67.01	30.83	39.29	1515022	0	372	372	5725	5725	4072	4072	130373	130373	40.2	5.90	87.00	11	1780	43	35	25	1	0	0
40_Melli.004	Bacteria	5449	104	58	22.77	5.64	100.00	656569	0	269	269	2664	2664	2440	2440	14979	14979	43.9	4.38	88.25	11	770	65	27	6	6	0	0
40_Melli.005	Bacteria	5449	104	58	56.66	22.13	88.89	819065	0	260	260	4091	4091	3150	3150	23960	23960	43.7	4.15	88.30	11	982	33	48	21	2	0	0
40_Melli.006	Bacteria	5449	104	58	12.87	5.34	52.94	1147399	0	302	302	5999	5999	3799	3799	29632	29632	35.2	6.24	78.24	11	1278	69	20	14	1	0	0
40_Melli.007	Bacteria	5449	104	58	32.92	15.52	50.00	1158258	0	450	450	3152	3152	2573	2573	17690	17690	46.3	4.06	89.19	11	1366	83	11	10	0	0	0
40_Melli.008	Bacteria	5449	104	58	63.75	41.54	79.07	1260914	0	367	367	4700	4700	3435	3435	20498	20498	41.8	3.13	88.43	11	1526	45	38	13	6	2	0
40_Melli.009	Bacteria	5449	104	58	34.56	34.95	71.43	2562713	0	561	561	6832	6832	4568	4568	179207	179207	35.0	4.49	82.51	11	2906	67	20	11	4	2	0
40_Melli.010	Bacteria	5449	104	58	5.02	3.21	100.00	1390060	0	134	134	18900	18900	10373	10373	49718	49718	44.6	3.10	28.75	11	1282	91	8	4	1	0	0
40_Melli.011	Bacteria	5449	104	58	67.87	42.24	85.71	966783	0	272	272	4860	4860	3554	3554	18245	18245	42.1	2.00	89.98	11	1167	51	27	23	2	1	0
40_Melli.012	Bacteria	5449	104	58	41.30	26.02	82.61	1751618	0	651	651	3141	3141	2690	2690	58290	58290	47.1	3.38	88.89	11	2165	71	20	8	5	0	0
40_Melli.013	Bacteria	5449	104	58	24.45	1.72	0.00	1053779	0	272	272	6568	6568	3874	3874	70740	70740	41.7	1.72	87.22	11	1349	87	16	1	0	0	0
40_Melli.014	Bacteria	5449	104	58	88.56	40.05	32.50	2729092	0	602	602	8975	8975	4533	4533	81550	81550	40.9	3.94	86.67	11	2951	15	59	25	5	0	0
40_Melli.015	Bacteria	5449	104	58	50.16	21.55	86.67	1219455	0	349	349	5455	5455	3494	3494	39193	39193	44.1	1.76	89.37	11	1505	70	23	9	2	0	0
40_Melli.016	Bacteria	5449	104	58	30.02	26.60	35.80	5201740	0	1272	1272	6540	6540	4089	4089	573108	573108	34.7	5.10	80.41	11	5867	59	29	8	3	2	3
40_Melli.017	Bacteria	5449	104	58	16.93	2.04	66.67	1482115	0	478	478	3786	3786	3100	3100	68530	68530	46.6	2.97	87.30	11	1855	85	16	3	0	0	0
40_Melli.018	Bacteria	5449	104	58	33.89	11.21	100.00	1210236	0	420	420	3768	3768	2881	2881	36198	36198	43.0	2.00	89.79	11	1420	76	21	6	1	0	0
40_Melli.019	Bacteria	5449	104	58	96.55	7.21	16.67	1612912	0	263	263	11101	11101	6132	6132	70627	70627	37.4	1.79	89.94	11	1743	2	96	6	0	0	0
40_Melli.020	Bacteria	5449	104	58	10.42	1.72	0.00	5497239	0	2191	2191	2848	2848	2509	2509	143092	143092	38.7	3.55	90.30	11	4970	92	11	1	0	0	0
40_Melli.021	Bacteria	5449	104	58	66.54	55.04	80.39	1598421	0	635	635	2900	2900	2517	2517	26085	26085	39.3	1.51	88.50	11	2249	50	27	18	7	2	0
40_Melli.022	Bacteria	5449	104	58	30.94	25.63	66.67	4438585	0	2236	2236	2028	2028	1985	1985	79535	79535	45.2	1.95	89.45	11	5910	66	23	11	2	0	2
40_Melli.023	Bacteria	5449	104	58	92.24	33.00	4.35	3276079	0	1483	1483	2436	2436	2209	2209	21339	21339	45.6	2.63	72.57	11	3858	5	52	39	6	2	0
40_Melli.024	Bacteria	5449	104	58	21.29	3.42	17.39	2001116	0	950	950	2106	2106	2106	2106	95630	95630	51.5	2.31	85.32	11	2644	60	33	5	6	0	0
40_Melli.025	Bacteria	5449	104	58	32.99	25.00	78.26	3627619	0	1597	1597	2404	2404	2271	2271	102070	102070	36.9	1.77	81.97	11	5259	76	15	8	5	0	0
40_Melli.026	Bacteria	5449	104	58	6.90	10.34	43.75	7805262	0	3560	3560	2438	2438	2192	2192	51993	51993	27.3	1.78	72.34	11	10474	100	2	1	0	0	1
40_Melli.027	Bacteria	5449	104	58	46.00	28.45	51.61	2075151	0	1042	1042	1930	1930	1991	1991	50768	50768	41.0	1.39	88.20	11	2843	73	20	6	3	1	1
40_Melli.028	Bacteria	5449	104	58	18.26	12.07	27.27	6498065	0	2872	2872	2485	2485	2262	2262	44454	44454	31.6	1.67	79.05	11	9056	91	9	2	1	1	0
40_Melli.029	Bacteria	5449	104	58	7.05	6.90	42.86	3476380	0	1741	1741	2052	2052	1996	1996	21978	21978	30.7	1.74	86.26	11	3896	99	3	1	0	1	0
40_Melli.030	Bacteria	5449	104	58	47.32	9.70	8.33	14647754	0	10846	10846	1272	1272	1350	1350	36891	36891	36.4	2.65	50.82	11	22550	54	40	9	1	0	0
40_Melli.031	Bacteria	5449	104	58	21.90	0.00	0.00	17081006	0	12260	12260	1345	1345	1393	1393	12102	12102	26.0	2.27	17.06	11	13093	86	18	0	0	0	0
40_Melli.032	Bacteria	5449	104	58	12.66	0.00	0.00	18578607	0	13676	13676	1293	1293	1358	1358	36056	36056	31.1	1.94	23.81	11	19555	87	17	0	0	0	0
41_Melli.001	Bacteria	5449	104	58	10.34	3.45	0.00	554765	0	60	60	25691	25691	9246	9246	76731	76731	40.6	4.83	87.17	11	604	97	4	3	0	0	0
41_Melli.002	Bacteria	5449	104	58	88.09	54.21	4.88	1840942	0	140	140	42477	42477	13149	13149	124638	124638	40.6	4.62	90.11	11	1800	17	48	38	1	0	0
41_Melli.003	Bacteria	5449	104	58	0.00	0.00	0.00	542207	0	72	72	14588	14588	7530	7530	32369	32369	49.3	8.30	81.85	4	601	104	0	0	0	0	0
41_Melli.004	Bacteria	5449	104	58	74.40	33.84	90.62	1181465	0	278	278	5796	5796	4249	4249	28863	28863	42.0	3.36	88.78	11	1390	30	44	29	1	0	0
41_Melli.005	Bacteria	5449	104	58	31.03	0.47	0.00	605009	0	91	91	17329	17329	6648	6648	165946	165946	33.8	6.21	81.07	11	669	46	55	3	0	0	0
41_Melli.006	Bacteria	5449	104	58	9.03	1.72	0.00	139701	0	13	13	22056	22056	10746	10746	24877	24877	32.7	5.64	55.28	11	124	79	24	1	0	0	0
41_Melli.007	Bacteria	5449	104	58	0.00	0.00	0.00	334757	0	102	102	4542	4542	3281	3281	11642	11642	33.1	5.96	74.48	11	434	104	0	0	0	0	0
41_Melli.008	Bacteria	5449	104	58	38.57	24.33	68.09	911067	0	203	203	6354	6354	4488	4488	78411	78411	37.6	3.94	87.29	11	1033	60	15	20	9	0	0
41_Melli.009	Bacteria	5449	104	58	51.57	25.71	68.42	1059229	0	341	341	3595	3595	3106	3106	17734	17734	45.3	3.59	88.87	11	1238	49	36	13	5	0	1
41_Melli.010	Bacteria	5449	104	58	6.13	0.00	0.00	120987	0	18	18	10273	10273	6721	6721	19749	19749	36.6	2.32	61.28	11	105	83	21	0	0	0	0
41_Melli.011	Bacteria	5449	104	58	81.19	70.32	80.00	1732725	0	446	446	5630	5630	3885	3885	47846	47846	43.1	3.32	89.73	11	2045	22	40	32	9	1	0
41_Melli.012	Bacteria	5449	104	58	94.83	85.74	25.45	3112897	0	498	498	14046	14046	6250	6250	483053	483053	38.1	3.11	88.23	11	3326	4	56	24	14	4	2
41_Melli.013	Bacteria	5449	104	58	5.64	2.51	57.14	1388959	0	151	151	18484	18484	9198	9198	60069	60069	44.8	3.14	32.46	11	1408	87	10	7	0	0	0
41_Melli.014	Bacteria	5449	104	58	96.55	6.90	0.00	3029212	0	496	496	11531	11531	6107	6107	140440	140440	31.7	3.25	81.11	11	3280	2	97	5	0	0	0
41_Melli.015	Bacteria	5449	104	58	36.05	27.74	77.27	1801191	0	712	712	2841	2841	2529	2529	20585	20585	47.2	2.41	89.93	11	2195	71	14	11	5	3	0
41_Melli.016	Bacteria	5449	104	58	61.61	39.45	69.44	1943295	0	696	696	3271	3271	2792	2792	37649	37649	42.1	2.68	87.72	11	2410	49	32	18	4	1	0
41_Melli.017	Bacteria	5449	104	58	47.85	11.90	20.59	5064265	0	1383	1383	5433	5433	3661	3661	101886	101886	34.8	4.50	81.66	11	5981	41	49	7	5	2	0
41_Melli.018	Bacteria	5449	104	58	96.96	111.05	65.41	5126978	0	2142	2142	2752	2752	2393	2393	78446	78446	44.7	3.55	89.66	11	6067	7	46	35	8	4	4
41_Melli.019	Bacteria	5449	104	58	38.10	17.46	66.67	540276	0	223	223	2897	2897	2422	2422	14705	14705	38.4	1.53	87.41	11	744	63	28	12	1	0	0
41_Melli.020	Bacteria	5449	104	58	53.45	0.00	0.00	7408348	0	3683	3683	1990	1990	2011	2011	81864	81864	26.2	2.09	62.45	11	8364	68	36	0	0	0	0
41_Melli.021	Bacteria	5449	104	58	1.88	1.72	0.00	3964487	0	1895	1895	2213	2213	2092	2092	51865	51865	35.8	2.80	93.07	11	3107	102	1	1	0	0	0
41_Melli.022	Bacteria	5449	104	58	56.38	21.48	88.24	4901811	0	806	806	11943	11943	6081	6081	98980	98980	46.7	1.72	85.79	11	5207	53	34	17	0	0	0
41_Melli.023	Bacteria	5449	104	58	12.15	0.00	0.00	2148997	0	874	874	2729	2729	2458	2458	182525	182525	38.2	1.38	82.31	11	3050	90	14	0	0	0	0
41_Melli.024	Bacteria	5449	104	58	95.69	21.16	16.67	3701257	0	690	690	12439	12439	5364	5364	88673	88673	49.1	2.31	79.23	11	3663	3	76	24	0	1	0
41_Melli.025	Bacteria	5449	104	58	33.10	15.52	60.00	882671	0	377	377	2805	2805	2341	2341	17945	17945	38.4	1.44	88.53	11	1278	82	14	7	1	0	0
41_Melli.026	Bacteria	5449	104	58	68.65	36.17	95.45	2861534	0	1083	1083	3423	3423	2642	2642	31576	31576	49.8	2.32	89.08	11	3504	24	40	38	2	0	0
41_Melli.027	Bacteria	5449	104	58	8.73	5.17	75.00	1175807	0	598	598	2096	2096	1966	1966	20680	20680	37.0	1.51	84.59	11	1747	92	10	1	1	0	0
41_Melli.028	Bacteria	5449	104	58	25.16	20.85	3.33	9908142	0	5215	5215	1910	1910	1899	1899	43972	43972	31.4	2.10	77.34	11	13655	87	11	3	2	0	1
41_Melli.029	Bacteria	5449	104	58	57.76	52.74	86.05	4260310	0	2120	2120	2059	2059	2009	2009	80095	80095	42.0	1.68	87.87	11	5983	57	21	19	6	1	0
41_Melli.030	Bacteria	5449	104	58	96.79	54.44	93.22	3724818	0	1417	1417	3324	3324	2628	2628	22880	22880	59.3	2.98	87.50	11	4417	6	54	38	5	1	0
41_Melli.031	Bacteria	5449	104	58	70.69	50.83	5.60	7658355	0	2995	2995	3241	3241	2557	2557	21814	21814	38.6	1.49	76.29	11	7176	21	34	25	16	7	1
41_Melli.032	Bacteria	5449	104	58	81.58	36.78	14.29	19522344	0	12032	12032	1441	1441	1622	1622	83054	83054	35.0	1.74	46.56	11	23849	15	53	24	10	1	1
41_Melli.033	Bacteria	5449	104	58	19.74	6.77	19.15	5594222	0	3309	3309	1614	1614	1690	1690	20825	20825	41.8	2.01	78.01	4	8289	58	26	11	6	3	0
41_Melli.034	Bacteria	5449	104	58	50.78	2.59	50.00	2622397	0	1242	1242	2252	2252	2111	2111	11648	11648	56.9	2.84	87.92	11	3370	66	36	2	0	0	0
41_Melli.035	Bacteria	5449	104	58	13.01	0.00	0.00	3667941	0	2749	2749	1268	1268	1334	1334	8220	8220	37.5	1.30	63.42	11	7045	89	15	0	0	0	0
41_Melli.036	Bacteria	5449	104	58	49.29	1.72	0.00	12585041	0	8918	8918	1345	1345	1411	1411	23730	23730	26.1	2.28	16.40	11	9999	67	36	1	0	0	0
41_Melli.037	Bacteria	5449	104	58	33.51	1.33	25.00	18436805	0	13333	13333	1321	1321	1382	1382	23378	23378	30.6	1.88	23.74	11	19602	71	29	4	0	0	0
42_Melli.001	Bacteria	5449	104	58	31.85	0.00	0.00	494456	0	71	71	9789	9789	6964	6964	29272	29272	40.7	4.82	86.05	11	515	80	24	0	0	0	0
42_Melli.002	Bacteria	5449	104	58	31.50	0.00	0.00	733424	0	123	123	9354	9354	5962	5962	36617	36617	42.2	4.97	86.41	11	804	70	34	0	0	0	0
42_Melli.003	Bacteria	5449	104	58	49.80	24.61	88.46	804109	0	149	149	7891	7891	5396	5396	42408	42408	44.3	4.81	88.50	11	943	45	41	14	4	0	0
42_Melli.004	Bacteria	5449	104	58	80.17	38.37	51.69	1309890	0	220	220	9053	9053	5954	5954	175379	175379	40.6	3.48	88.90	11	1424	13	39	38	11	3	0
42_Melli.005	Bacteria	5449	104	58	94.83	16.21	5.88	1889837	0	160	160	29572	29572	11811	11811	139964	139964	32.9	4.31	85.19	11	1910	3	89	11	0	1	0
42_Melli.006	Bacteria	5449	104	58	30.22	0.00	0.00	796696	0	59	59	27751	27751	13503	13503	106271	106271	41.6	3.63	90.24	11	753	69	35	0	0	0	0
42_Melli.007	Bacteria	5449	104	58	50.55	24.11	87.10	729423	0	142	142	8818	8818	5136	5136	39684	39684	40.1	2.28	89.07	11	858	57	26	19	0	2	0
42_Melli.008	Bacteria	5449	104	58	42.24	19.25	68.75	832473	0	184	184	6796	6796	4524	4524	47129	47129	44.5	2.86	89.94	11	922	71	21	10	2	0	0
42_Melli.009	Bacteria	5449	104	58	85.67	52.99	43.66	2831460	0	287	287	32936	32936	9865	9865	421604	421604	40.3	4.27	87.90	11	2847	20	44	28	11	0	1
42_Melli.010	Bacteria	5449	104	58	49.87	18.18	77.27	1026782	0	291	291	4692	4692	3528	3528	26940	26940	44.7	2.62	89.26	11	1209	51	37	13	3	0	0
42_Melli.011	Bacteria	5449	104	58	1.88	0.00	0.00	984753	0	65	65	48476	48476	15150	15150	406307	406307	48.0	7.53	78.93	11	841	102	2	0	0	0	0
42_Melli.012	Bacteria	5449	104	58	56.03	67.32	65.00	1757152	0	484	484	4922	4922	3630	3630	37641	37641	45.7	2.87	90.45	11	2013	57	20	13	7	6	1
42_Melli.013	Bacteria	5449	104	58	71.88	40.55	13.04	3052843	0	531	531	12203	12203	5749	5749	161646	161646	36.9	4.60	86.09	11	3320	32	42	25	3	2	0
42_Melli.014	Bacteria	5449	104	58	60.42	25.47	58.33	810085	0	203	203	6701	6701	3990	3990	21166	21166	41.0	1.36	87.84	11	990	55	31	15	3	0	0
42_Melli.015	Bacteria	5449	104	58	0.00	0.00	0.00	325332	0	87	87	6229	6229	3739	3739	34116	34116	39.0	7.26	89.34	11	188	104	0	0	0	0	0
42_Melli.016	Bacteria	5449	104	58	53.76	32.60	76.60	2933451	0	965	965	3667	3667	3039	3039	81203	81203	44.8	3.74	88.24	11	3443	56	26	14	5	3	0
42_Melli.017	Bacteria	5449	104	58	52.51	13.09	61.54	924999	0	254	254	5606	5606	3641	3641	37900	37900	39.7	1.51	85.05	11	1186	64	31	7	2	0	0
42_Melli.018	Bacteria	5449	104	58	1.72	0.00	0.00	1193807	0	349	349	4323	4323	3420	3420	28278	28278	30.2	4.08	75.99	11	1416	103	1	0	0	0	0
42_Melli.019	Bacteria	5449	104	58	7.15	1.72	0.00	151157	0	11	11	37209	37209	13741	13741	47740	47740	31.7	1.68	55.62	11	126	81	22	1	0	0	0
42_Melli.020	Bacteria	5449	104	58	4.33	0.00	0.00	128369	0	22	22	11690	11690	5834	5834	18774	18774	34.1	2.14	49.53	11	122	89	15	0	0	0	0
42_Melli.021	Bacteria	5449	104	58	42.35	21.03	93.75	2285550	0	660	660	5017	5017	3462	3462	46539	46539	35.8	3.78	84.01	11	2674	70	20	13	1	0	0
42_Melli.022	Bacteria	5449	104	58	82.33	101.10	83.46	4712095	0	1829	1829	3060	3060	2576	2576	39293	39293	43.3	4.05	88.93	11	5461	27	37	20	16	1	3
42_Melli.023	Bacteria	5449	104	58	4.73	5.41	46.67	2823694	0	917	917	7001	7001	3079	3079	70938	70938	43.8	3.70	51.45	11	3643	94	3	3	4	0	0
42_Melli.024	Bacteria	5449	104	58	100.00	109.73	19.51	8657672	0	3369	3369	3001	3001	2569	2569	87251	87251	38.5	2.32	88.73	11	10170	0	51	36	10	6	1
42_Melli.025	Bacteria	5449	104	58	17.40	10.34	14.29	5323648	0	1765	1765	3911	3911	3016	3016	292118	292118	31.9	1.65	80.83	11	7267	92	7	4	1	0	0
42_Melli.026	Bacteria	5449	104	58	45.52	2.07	0.00	6730439	0	2843	2843	2717	2717	2367	2367	29040	29040	26.9	2.33	71.50	11	8850	72	30	2	0	0	0
42_Melli.027	Bacteria	5449	104	58	99.50	78.37	35.24	8245202	0	3431	3431	2894	2894	2403	2403	59776	59776	35.7	2.97	71.81	11	9267	2	44	39	16	3	0
42_Melli.028	Bacteria	5449	104	58	28.09	12.30	65.71	2957169	0	1482	1482	1997	1997	1995	1995	151709	151709	47.2	2.90	88.93	11	3749	63	23	11	6	1	0
42_Melli.029	Bacteria	5449	104	58	8.62	1.72	100.00	3109548	0	1424	1424	2326	2326	2183	2183	32141	32141	29.8	1.67	82.49	11	4203	99	4	1	0	0	0
42_Melli.030	Bacteria	5449	104	58	37.24	22.13	38.46	2639380	0	738	738	5224	5224	3576	3576	39527	39527	45.7	1.62	83.59	11	3158	54	21	24	5	0	0
42_Melli.031	Bacteria	5449	104	58	7.05	8.62	22.22	3381058	0	1515	1515	2452	2452	2231	2231	26430	26430	33.1	1.83	88.90	11	3434	99	3	0	1	1	0
42_Melli.032	Bacteria	5449	104	58	63.62	28.09	100.00	2975481	0	834	834	4720	4720	3567	3567	43779	43779	49.1	1.50	90.28	11	3266	52	31	21	0	0	0
42_Melli.033	Bacteria	5449	104	58	87.34	32.76	66.67	5900700	0	2933	2933	2094	2094	2011	2011	18260	18260	53.8	10.49	83.49	11	6943	28	44	30	2	0	0
43_Scapto.001	Bacteria	5449	104	58	25.86	0.00	0.00	371217	0	9	9	48062	48062	41246	41246	87432	87432	28.6	1.75	87.59	11	365	85	19	0	0	0	0
43_Scapto.002	Bacteria	5449	104	58	36.21	0.00	0.00	435699	0	12	12	52432	52432	36308	36308	101078	101078	28.4	2.32	87.98	11	431	79	25	0	0	0	0
43_Scapto.003	Bacteria	5449	104	58	13.79	0.00	0.00	210660	0	12	12	107711	107711	17555	17555	107711	107711	28.8	5.98	86.56	11	203	95	9	0	0	0	0
43_Scapto.004	Bacteria	5449	104	58	18.97	0.00	0.00	145915	0	25	25	14589	14589	5836	5836	61947	61947	31.1	4.55	82.25	11	142	91	13	0	0	0	0
43_Scapto.005	Bacteria	5449	104	58	13.79	0.00	0.00	252529	0	34	34	151372	151372	7427	7427	151372	151372	33.6	5.56	84.68	11	272	60	44	0	0	0	0
43_Scapto.006	Bacteria	5449	104	58	17.24	0.00	0.00	697401	0	68	68	34131	34131	10255	10255	88664	88664	33.0	4.40	85.38	11	706	92	12	0	0	0	0
43_Scapto.007	Bacteria	5449	104	58	74.14	0.00	0.00	812216	0	96	96	48909	48909	8460	8460	124237	124237	32.0	4.73	86.09	11	838	18	86	0	0	0	0
43_Scapto.008	Bacteria	5449	104	58	1.44	0.00	0.00	263970	0	36	36	20732	20732	7332	7332	49433	49433	55.5	21.31	78.86	11	191	102	2	0	0	0	0
43_Scapto.009	Bacteria	5449	104	58	37.93	2.74	66.67	956702	0	277	277	5094	5094	3453	3453	29809	29809	35.7	5.97	82.32	11	1093	46	55	3	0	0	0
43_Scapto.010	Bacteria	5449	104	58	65.52	19.75	86.36	2266188	0	657	657	4740	4740	3449	3449	52471	52471	37.0	6.20	86.18	11	2569	48	39	16	0	1	0
43_Scapto.011	Bacteria	5449	104	58	58.86	11.36	33.33	2448054	0	823	823	3766	3766	2974	2974	34025	34025	39.8	6.22	88.30	11	2662	37	49	18	0	0	0
43_Scapto.012	Bacteria	5449	104	58	2.04	0.00	0.00	2415917	0	733	733	4348	4348	3295	3295	78349	78349	29.3	7.13	79.78	11	2546	101	3	0	0	0	0
43_Scapto.013	Bacteria	5449	104	58	77.43	39.26	35.71	1796743	0	495	495	5181	5181	3629	3629	26363	26363	37.2	3.95	89.16	11	1955	36	38	24	6	0	0
43_Scapto.014	Bacteria	5449	104	58	54.08	25.05	26.79	1480288	0	394	394	5095	5095	3757	3757	130038	130038	39.8	3.88	89.34	11	1590	42	42	11	3	6	0
43_Scapto.015	Bacteria	5449	104	58	77.93	38.28	67.74	2633432	0	615	615	6884	6884	4282	4282	82767	82767	36.8	2.24	89.90	11	2966	51	34	16	1	2	0
43_Scapto.016	Bacteria	5449	104	58	100.00	32.21	10.47	4497064	0	561	561	27550	27550	8016	8016	141680	141680	46.8	7.59	87.95	11	4304	0	50	41	11	2	0
43_Scapto.017	Bacteria	5449	104	58	0.00	0.00	0.00	365662	0	123	123	4362	4362	2972	2972	19097	19097	32.4	1.58	77.54	11	460	104	0	0	0	0	0
43_Scapto.018	Bacteria	5449	104	58	1.72	1.72	0.00	351718	0	120	120	4405	4405	2930	2930	16030	16030	31.1	1.58	78.01	11	484	103	0	1	0	0	0
43_Scapto.019	Bacteria	5449	104	58	0.00	0.00	0.00	227596	0	87	87	3015	3015	2616	2616	12810	12810	41.0	12.72	91.81	11	171	104	0	0	0	0	0
43_Scapto.020	Bacteria	5449	104	58	62.07	19.11	30.77	1312885	0	219	219	13239	13239	5994	5994	121462	121462	36.3	2.24	87.76	11	1521	37	43	23	1	0	0
43_Scapto.021	Bacteria	5449	104	58	1.72	0.00	0.00	630615	0	178	178	5314	5314	3542	3542	75791	75791	32.7	7.26	80.83	11	774	103	1	0	0	0	0
43_Scapto.022	Bacteria	5449	104	58	86.81	12.07	0.00	1964514	0	339	339	23332	23332	5795	5795	124412	124412	34.6	2.99	88.73	11	2082	28	70	5	1	0	0
43_Scapto.023	Bacteria	5449	104	58	0.00	0.00	0.00	129865	0	48	48	3879	3879	2705	2705	12114	12114	32.2	14.17	90.65	11	116	104	0	0	0	0	0
43_Scapto.024	Bacteria	5449	104	58	97.81	83.02	36.08	2702358	0	552	552	9850	9850	4895	4895	217930	217930	40.5	2.02	89.22	11	3003	8	48	33	10	4	1
43_Scapto.025	Bacteria	5449	104	58	0.00	0.00	0.00	1275091	0	381	381	4532	4532	3346	3346	30652	30652	32.7	2.74	78.81	11	1530	104	0	0	0	0	0
43_Scapto.026	Bacteria	5449	104	58	63.24	17.59	53.85	929413	0	160	160	16614	16614	5808	5808	77224	77224	35.6	1.28	86.86	11	1106	53	38	13	0	0	0
43_Scapto.027	Bacteria	5449	104	58	49.61	9.48	33.33	1107211	0	418	418	3250	3250	2648	2648	27476	27476	40.8	1.82	91.41	11	1265	69	29	6	0	0	0
43_Scapto.028	Bacteria	5449	104	58	100.00	47.99	18.33	5672671	0	1790	1790	5541	5541	3169	3169	126166	126166	36.7	2.45	84.55	11	6871	0	63	33	7	1	0
43_Scapto.029	Bacteria	5449	104	58	98.28	15.99	14.29	3167318	0	539	539	19253	19253	5876	5876	164796	164796	43.9	2.64	84.91	11	3312	1	91	11	1	0	0
43_Scapto.030	Bacteria	5449	104	58	41.38	19.04	69.44	1725800	0	675	675	3028	3028	2556	2556	71979	71979	43.9	1.94	92.69	11	1738	67	18	12	6	1	0
43_Scapto.031	Bacteria	5449	104	58	34.80	8.78	0.00	4100479	0	1188	1188	6276	6276	3451	3451	59124	59124	35.6	2.46	85.96	11	5402	80	18	6	0	0	0
43_Scapto.032	Bacteria	5449	104	58	55.56	21.00	52.17	1600179	0	411	411	9411	9411	3893	3893	49407	49407	39.8	1.55	87.74	11	1927	59	33	8	3	1	0
43_Scapto.033	Bacteria	5449	104	58	30.50	26.02	7.89	13442497	0	5090	5090	3260	3260	2640	2640	89237	89237	28.3	2.51	79.91	11	17702	80	18	3	0	0	3
43_Scapto.034	Bacteria	5449	104	58	66.38	10.50	57.14	4624371	0	1157	1157	6742	6742	3996	3996	52092	52092	57.2	2.22	90.62	11	4931	39	58	7	0	0	0
43_Scapto.035	Bacteria	5449	104	58	9.09	0.47	66.67	5130673	0	2190	2190	2605	2605	2342	2342	64423	64423	37.4	2.66	91.54	11	4652	83	18	3	0	0	0
43_Scapto.036	Bacteria	5449	104	58	47.30	35.00	32.56	1634155	0	660	660	2769	2769	2475	2475	123724	123724	35.8	1.37	85.13	11	2266	61	26	10	3	4	0
43_Scapto.037	Bacteria	5449	104	58	18.26	5.17	0.00	3443326	0	1488	1488	2563	2563	2314	2314	44927	44927	33.3	1.35	81.77	11	4723	88	14	1	1	0	0
43_Scapto.038	Bacteria	5449	104	58	29.31	7.50	60.00	590430	0	258	258	2731	2731	2288	2288	14352	14352	39.8	1.51	87.51	11	793	61	20	17	6	0	0
43_Scapto.039	Bacteria	5449	104	58	81.84	45.82	23.68	1738940	0	687	687	3073	3073	2531	2531	28914	28914	36.3	1.40	89.39	11	2265	27	47	26	4	0	0
43_Scapto.040	Bacteria	5449	104	58	81.90	23.93	91.67	2851012	0	1556	1556	1900	1900	1832	1832	14306	14306	58.7	2.72	88.89	11	3736	33	49	21	1	0	0
43_Scapto.041	Bacteria	5449	104	58	68.21	31.48	42.55	3644127	0	1431	1431	2953	2953	2546	2546	25114	25114	53.1	2.05	84.64	11	4496	30	37	32	5	0	0
43_Scapto.042	Bacteria	5449	104	58	29.31	8.62	50.00	790558	0	322	322	2901	2901	2455	2455	27877	27877	40.5	1.56	88.77	11	1047	85	13	6	0	0	0
43_Scapto.043	Bacteria	5449	104	58	76.49	33.61	5.26	3881872	0	2066	2066	1884	1884	1878	1878	16635	16635	45.8	2.49	85.01	11	5168	22	53	26	2	1	0
45_Melli.001	Bacteria	5449	104	58	58.24	18.36	95.65	474587	0	105	105	6200	6200	4519	4519	20494	20494	41.0	3.14	89.81	11	571	37	46	20	1	0	0
45_Melli.002	Bacteria	5449	104	58	55.96	19.09	93.02	450713	0	94	94	6306	6306	4794	4794	26179	26179	38.6	2.08	90.53	11	584	45	35	16	7	1	0
45_Melli.003	Bacteria	5449	104	58	66.87	33.62	77.42	633965	0	154	154	5277	5277	4116	4116	18349	18349	42.9	2.17	90.32	11	745	42	44	13	4	1	0
45_Melli.004	Bacteria	5449	104	58	31.68	8.45	88.89	552617	0	127	127	5539	5539	4351	4351	18965	18965	38.2	2.63	89.86	11	665	77	20	6	1	0	0
45_Melli.005	Bacteria	5449	104	58	54.31	45.14	53.06	1161280	0	329	329	4348	4348	3529	3529	16521	16521	45.2	2.63	90.11	11	1363	57	28	12	3	3	1
45_Melli.006	Bacteria	5449	104	58	45.05	25.24	87.01	493756	0	159	159	3968	3968	3105	3105	14812	14812	38.5	2.23	88.48	11	697	55	25	13	6	1	4
45_Melli.007	Bacteria	5449	104	58	44.12	5.17	100.00	469858	0	143	143	4064	4064	3285	3285	17129	17129	40.7	1.46	88.90	11	614	71	29	3	1	0	0
45_Melli.008	Bacteria	5449	104	58	41.61	7.76	85.71	843162	0	269	269	3660	3660	3134	3134	19583	19583	45.0	2.42	89.85	11	1045	68	31	4	1	0	0
45_Melli.009	Bacteria	5449	104	58	43.26	11.21	87.50	528284	0	146	146	4465	4465	3618	3618	33036	33036	40.9	2.02	89.66	11	667	72	24	8	0	0	0
45_Melli.010	Bacteria	5449	104	58	13.79	6.90	100.00	728137	0	261	261	3338	3338	2789	2789	25219	25219	34.9	3.77	83.23	11	964	95	6	2	1	0	0
45_Melli.011	Bacteria	5449	104	58	64.36	46.16	87.50	2151243	0	797	797	3081	3081	2699	2699	17378	17378	44.2	3.71	88.39	11	2682	50	28	15	7	3	1
45_Melli.012	Bacteria	5449	104	58	51.96	38.48	75.56	3081820	0	1075	1075	3418	3418	2866	2866	58251	58251	45.5	4.47	85.62	11	3472	52	30	12	9	1	0
45_Melli.013	Bacteria	5449	104	58	41.30	11.21	77.78	2566077	0	880	880	3556	3556	2915	2915	33660	33660	35.6	4.99	84.31	11	2902	57	40	6	1	0	0
45_Melli.014	Bacteria	5449	104	58	64.85	22.05	94.12	1347268	0	381	381	5155	5155	3536	3536	29668	29668	42.2	3.02	88.47	11	1667	54	35	14	1	0	0
45_Melli.015	Bacteria	5449	104	58	39.03	8.62	80.00	2255056	0	962	962	2456	2456	2344	2344	170913	170913	45.8	3.71	90.02	11	2361	71	28	5	0	0	0
45_Melli.016	Bacteria	5449	104	58	49.59	13.09	80.00	1504088	0	474	474	4172	4172	3173	3173	66246	66246	40.6	1.65	87.75	11	1743	64	32	7	1	0	0
45_Melli.017	Bacteria	5449	104	58	3.45	0.00	0.00	1371006	0	515	515	3186	3186	2662	2662	14411	14411	32.4	3.29	81.42	11	1466	102	2	0	0	0	0
45_Melli.018	Bacteria	5449	104	58	0.00	0.00	0.00	3124183	0	982	982	3979	3979	3181	3181	15063	15063	27.5	6.02	77.16	11	3679	104	0	0	0	0	0
45_Melli.019	Bacteria	5449	104	58	44.22	25.30	65.38	1946923	0	653	653	3862	3862	2981	2981	42996	42996	36.5	1.83	82.23	11	2485	65	20	17	1	1	0
45_Melli.020	Bacteria	5449	104	58	0.16	0.00	0.00	1705242	0	640	640	3030	3030	2664	2664	25581	25581	37.5	2.21	93.79	11	1092	103	1	0	0	0	0
45_Melli.021	Bacteria	5449	104	58	87.93	5.33	0.00	1767587	0	95	95	43172	43172	18606	18606	254927	254927	37.2	1.84	87.76	11	1735	10	90	4	0	0	0
45_Melli.022	Bacteria	5449	104	58	94.83	8.62	14.29	1912439	0	64	64	93506	93506	29881	29881	266979	266979	40.7	1.81	90.14	11	1731	3	94	7	0	0	0
45_Melli.023	Bacteria	5449	104	58	5.17	1.72	100.00	1894114	0	718	718	3117	3117	2638	2638	27798	27798	30.6	1.84	77.00	11	2361	101	2	1	0	0	0
45_Melli.024	Bacteria	5449	104	58	52.93	37.41	69.44	2644864	0	902	902	3675	3675	2932	2932	78798	78798	39.3	2.01	85.47	11	3494	64	21	12	6	1	0
45_Melli.025	Bacteria	5449	104	58	66.14	26.87	39.47	7317992	0	3644	3644	2018	2018	2008	2008	57471	57471	47.3	4.25	88.69	11	9359	28	52	17	7	0	0
45_Melli.026	Bacteria	5449	104	58	27.10	55.09	14.74	22720713	0	11155	11155	2124	2124	2036	2036	81590	81590	32.6	2.10	85.67	11	28856	72	23	4	1	0	4
45_Melli.027	Bacteria	5449	104	58	51.33	21.55	31.58	2800602	0	1542	1542	1841	1841	1816	1816	46260	46260	40.9	2.09	91.25	11	3397	68	26	9	0	0	1
45_Melli.028	Bacteria	5449	104	58	9.25	18.97	15.62	18624459	0	9389	9389	2069	2069	1983	1983	30119	30119	26.9	2.34	78.68	11	26685	95	6	1	0	0	2
45_Melli.029	Bacteria	5449	104	58	6.19	3.76	0.00	7773021	0	3714	3714	2183	2183	2092	2092	44726	44726	40.3	2.59	88.05	11	9785	89	13	0	2	0	0
45_Melli.030	Bacteria	5449	104	58	55.25	25.86	25.00	2873644	0	1629	1629	1748	1748	1764	1764	21828	21828	38.3	1.83	83.03	11	4548	61	30	11	1	1	0
46_Melli.001	Bacteria	5449	104	58	6.33	1.10	100.00	176760	0	27	27	10776	10776	6546	6546	26359	26359	35.6	4.10	78.94	11	183	85	12	7	0	0	0
46_Melli.002	Bacteria	5449	104	58	34.01	8.62	50.00	434301	0	70	70	9346	9346	6204	6204	30952	30952	45.0	2.77	87.27	11	481	71	27	6	0	0	0
46_Melli.003	Bacteria	5449	104	58	91.50	41.14	60.47	1484407	0	233	233	10096	10096	6370	6370	76790	76790	43.2	3.63	89.79	11	1605	24	56	16	7	1	0
46_Melli.004	Bacteria	5449	104	58	94.83	43.94	12.00	2177478	0	157	157	48585	48585	13869	13869	300977	300977	39.7	3.84	88.64	11	2178	4	68	23	9	0	0
46_Melli.005	Bacteria	5449	104	58	50.08	23.82	64.29	1556018	0	363	363	6144	6144	4286	4286	52378	52378	44.3	3.23	89.60	11	1648	57	31	10	6	0	0
46_Melli.006	Bacteria	5449	104	58	24.92	17.41	55.56	817180	0	125	125	14258	14258	6537	6537	88328	88328	36.5	4.03	85.18	11	912	77	18	6	2	1	0
46_Melli.007	Bacteria	5449	104	58	98.28	1.72	0.00	1659969	0	53	53	125683	125683	31320	31320	375103	375103	44.2	6.06	88.05	11	1480	1	102	1	0	0	0
46_Melli.008	Bacteria	5449	104	58	56.22	25.16	76.32	942020	0	193	193	7662	7662	4880	4880	44118	44118	38.9	2.90	88.65	11	1125	52	40	6	4	0	2
46_Melli.009	Bacteria	5449	104	58	33.70	20.53	84.38	696323	0	182	182	5138	5138	3825	3825	21057	21057	44.3	2.96	89.14	11	817	66	17	17	3	1	0
46_Melli.010	Bacteria	5449	104	58	29.94	13.79	88.89	913100	0	238	238	5501	5501	3836	3836	27924	27924	46.7	2.42	90.52	11	966	80	15	9	0	0	0
46_Melli.011	Bacteria	5449	104	58	72.41	46.69	77.78	1207538	0	315	315	5683	5683	3833	3833	32338	32338	40.9	3.23	88.95	11	1492	32	38	24	10	0	0
46_Melli.012	Bacteria	5449	104	58	41.24	24.28	89.74	1510732	0	342	342	6623	6623	4417	4417	101117	101117	36.8	4.45	85.60	11	1703	54	29	12	9	0	0
46_Melli.013	Bacteria	5449	104	58	98.28	4.02	66.67	1838744	0	150	150	28523	28523	12258	12258	83530	83530	37.3	3.13	89.46	11	1869	1	100	3	0	0	0
46_Melli.014	Bacteria	5449	104	58	0.00	0.00	0.00	473297	0	30	30	30164	30164	15776	15776	54676	54676	51.0	4.07	76.10	11	423	104	0	0	0	0	0
46_Melli.015	Bacteria	5449	104	58	50.47	33.78	92.96	2655344	0	849	849	4082	4082	3127	3127	23290	23290	45.3	3.70	88.76	11	3112	57	20	16	8	1	2
46_Melli.016	Bacteria	5449	104	58	30.96	7.47	66.67	596181	0	154	154	5309	5309	3871	3871	29375	29375	40.4	1.63	87.42	11	680	77	23	3	1	0	0
46_Melli.017	Bacteria	5449	104	58	2.76	0.00	0.00	283477	0	68	68	6109	6109	4168	4168	54968	54968	40.2	3.65	87.85	11	284	100	4	0	0	0	0
46_Melli.018	Bacteria	5449	104	58	54.95	21.47	87.10	936216	0	200	200	7877	7877	4681	4681	34171	34171	38.3	1.63	87.71	11	1119	50	36	13	4	1	0
46_Melli.019	Bacteria	5449	104	58	12.07	0.00	0.00	2741768	0	583	583	7481	7481	4702	4702	162451	162451	31.8	5.18	80.52	11	3257	97	7	0	0	0	0
46_Melli.020	Bacteria	5449	104	58	55.60	20.69	100.00	1818245	0	578	578	4132	4132	3145	3145	28031	28031	42.8	2.37	88.81	11	2212	60	34	6	4	0	0
46_Melli.021	Bacteria	5449	104	58	45.88	13.79	66.67	4762752	0	1242	1242	5428	5428	3834	3834	136906	136906	36.2	3.06	85.06	11	5435	64	36	2	1	0	1
46_Melli.022	Bacteria	5449	104	58	100.00	5.64	0.00	3422824	0	735	735	55384	55384	4656	4656	767032	767032	50.8	2.74	88.02	11	3517	0	98	6	0	0	0
46_Melli.023	Bacteria	5449	104	58	8.28	0.00	0.00	1321287	0	489	489	3103	3103	2702	2702	49692	49692	42.4	2.26	89.47	11	1331	96	8	0	0	0	0
46_Melli.024	Bacteria	5449	104	58	43.65	24.45	89.47	1490302	0	609	609	2866	2866	2447	2447	27164	27164	45.0	2.52	90.01	11	1865	68	21	13	2	0	0
46_Melli.025	Bacteria	5449	104	58	100.00	0.00	0.00	2317391	0	42	42	181803	181803	55175	55175	358166	358166	62.5	13.70	90.29	11	2104	0	104	0	0	0	0
46_Melli.026	Bacteria	5449	104	58	59.94	46.79	67.31	1684068	0	611	611	3430	3430	2756	2756	35791	35791	41.2	2.55	87.40	11	2188	44	33	16	10	1	0
46_Melli.027	Bacteria	5449	104	58	0.00	0.00	0.00	112244	0	74	74	1442	1442	1516	1516	5976	5976	44.9	6.99	94.89	11	74	104	0	0	0	0	0
46_Melli.028	Bacteria	5449	104	58	5.33	3.45	33.33	2139514	0	655	655	4132	4132	3266	3266	23310	23310	31.4	1.49	83.54	11	2861	100	3	0	1	0	0
46_Melli.029	Bacteria	5449	104	58	90.65	10.50	75.00	2587124	0	512	512	10728	10728	5052	5052	143031	143031	36.7	2.17	88.37	11	3039	17	81	5	1	0	0
46_Melli.030	Bacteria	5449	104	58	5.33	3.45	0.00	3117157	0	722	722	6736	6736	4317	4317	122006	122006	33.1	1.31	86.92	11	4071	100	3	0	1	0	0
46_Melli.031	Bacteria	5449	104	58	77.66	77.19	74.70	3445231	0	1316	1316	3229	3229	2617	2617	24945	24945	38.9	1.35	87.23	11	4730	37	35	16	11	4	1
46_Melli.032	Bacteria	5449	104	58	53.51	57.24	50.63	3066986	0	1345	1345	2546	2546	2280	2280	28748	28748	35.7	1.41	82.32	11	4480	66	22	4	7	3	2
46_Melli.033	Bacteria	5449	104	58	10.50	8.78	8.33	11147953	0	5079	5079	2407	2407	2194	2194	38494	38494	26.9	2.14	79.19	11	16046	97	4	2	0	0	1
46_Melli.034	Bacteria	5449	104	58	42.95	45.92	68.63	4227006	0	2242	2242	1949	1949	1885	1885	32955	32955	44.3	2.79	91.39	11	4999	67	11	20	3	2	1
46_Melli.035	Bacteria	5449	104	58	5.96	1.72	0.00	7596805	0	3576	3576	2226	2226	2124	2124	67582	67582	37.4	2.34	91.50	11	7322	96	7	1	0	0	0
46_Melli.036	Bacteria	5449	104	58	3.61	0.00	0.00	3035594	0	1448	1448	2179	2179	2096	2096	26821	26821	31.3	1.63	89.70	11	2678	101	3	0	0	0	0
46_Melli.037	Bacteria	5449	104	58	5.17	0.00	0.00	2775191	0	1334	1334	2282	2282	2080	2080	24740	24740	43.9	2.37	87.09	11	3826	101	3	0	0	0	0
46_Melli.038	Bacteria	5449	104	58	82.31	32.76	95.45	2808975	0	1296	1296	2373	2373	2167	2167	12126	12126	59.9	2.55	89.81	11	3509	25	61	16	2	0	0
46_Melli.039	Bacteria	5449	104	58	5.17	0.00	0.00	1209439	0	755	755	1563	1563	1601	1601	10226	10226	29.1	1.01	81.41	11	1989	101	3	0	0	0	0
46_Melli.040	Bacteria	5449	104	58	7.05	10.34	31.25	3365455	0	1619	1619	2139	2139	2078	2078	23741	23741	30.9	1.33	82.48	11	5011	99	3	1	0	0	1
46_Melli.041	Bacteria	5449	104	58	1.88	1.72	100.00	946575	0	565	565	1638	1638	1675	1675	12333	12333	31.6	1.20	85.96	11	1277	102	1	1	0	0	0
46_Melli.042	Bacteria	5449	104	58	85.97	7.29	3.33	4044097	0	1837	1837	2407	2407	2201	2201	35450	35450	30.0	2.99	82.22	11	5810	14	73	12	4	1	0
46_Melli.043	Bacteria	5449	104	58	3.61	3.45	100.00	2799890	0	1432	1432	1983	1983	1955	1955	19873	19873	33.3	1.34	82.55	11	4341	101	2	0	1	0	0
46_Melli.044	Bacteria	5449	104	58	91.38	14.50	8.11	5321908	0	2505	2505	2287	2287	2124	2124	52801	52801	53.5	3.41	85.98	11	7289	6	75	16	7	0	0
46_Melli.045	Bacteria	5449	104	58	87.07	67.36	4.38	9314275	0	4741	4741	1949	1949	1964	1964	102798	102798	39.9	3.09	80.10	11	11004	8	30	31	17	12	6
47_Melli.001	Bacteria	5449	104	58	98.28	4.31	66.67	1767276	0	105	105	35859	35859	16831	16831	107369	107369	41.0	4.49	89.20	11	1633	1	100	3	0	0	0
47_Melli.002	Bacteria	5449	104	58	0.00	0.00	0.00	436072	0	49	49	33911	33911	8899	8899	170913	170913	42.5	8.06	80.82	11	452	104	0	0	0	0	0
47_Melli.003	Bacteria	5449	104	58	71.34	19.75	70.59	1168102	0	186	186	9406	9406	6280	6280	170396	170396	39.1	4.17	88.78	11	1260	24	56	19	5	0	0
47_Melli.004	Bacteria	5449	104	58	48.79	12.76	36.67	538719	0	133	133	5607	5607	4050	4050	22205	22205	40.4	3.00	89.77	11	686	48	33	11	9	2	1
47_Melli.005	Bacteria	5449	104	58	90.13	12.21	23.08	2064720	0	215	215	25939	25939	9603	9603	240626	240626	36.0	3.54	86.94	11	2235	25	70	7	2	0	0
47_Melli.006	Bacteria	5449	104	58	43.03	25.27	81.82	716569	0	196	196	4560	4560	3655	3655	18610	18610	42.6	2.88	88.63	11	885	54	33	9	8	0	0
47_Melli.007	Bacteria	5449	104	58	63.79	74.37	70.18	1532048	0	408	408	4734	4734	3755	3755	20004	20004	44.0	3.04	89.28	11	1787	49	25	13	9	4	4
47_Melli.008	Bacteria	5449	104	58	73.29	104.02	67.76	1248820	0	280	280	6952	6952	4460	4460	23533	23533	40.0	1.85	89.99	11	1531	31	40	10	13	3	7
47_Melli.009	Bacteria	5449	104	58	9.09	0.00	0.00	305721	0	36	36	24241	24241	8492	8492	32823	32823	41.0	3.92	88.55	11	309	95	9	0	0	0	0
47_Melli.010	Bacteria	5449	104	58	5.17	0.00	0.00	547783	0	75	75	18546	18546	7303	7303	65478	65478	42.4	3.50	95.38	11	245	100	4	0	0	0	0
47_Melli.011	Bacteria	5449	104	58	21.88	8.45	11.11	2074108	0	338	338	12789	12789	6136	6136	103620	103620	34.9	2.83	83.94	11	2398	87	12	3	2	0	0
47_Melli.012	Bacteria	5449	104	58	94.83	7.71	62.50	1597206	0	308	308	7568	7568	5185	5185	38306	38306	45.0	2.57	89.20	11	1647	3	93	8	0	0	0
47_Melli.013	Bacteria	5449	104	58	63.38	7.76	20.00	708032	0	69	69	36208	36208	10261	10261	100610	100610	40.7	1.52	91.17	11	746	49	50	5	0	0	0
47_Melli.014	Bacteria	5449	104	58	43.65	27.90	79.55	2279253	0	639	639	4214	4214	3566	3566	65714	65714	48.2	2.41	85.89	11	2371	66	19	11	5	3	0
47_Melli.015	Bacteria	5449	104	58	83.64	68.35	90.36	2459661	0	836	836	3614	3614	2942	2942	28014	28014	41.6	3.03	86.79	11	3181	25	49	18	8	1	3
47_Melli.016	Bacteria	5449	104	58	98.28	24.67	3.57	3419519	0	614	614	15280	15280	5569	5569	291739	291739	35.0	4.53	85.79	11	3773	1	77	25	1	0	0
47_Melli.017	Bacteria	5449	104	58	80.64	64.73	83.58	4049532	0	1609	1609	2751	2751	2516	2516	50301	50301	44.9	3.34	89.41	11	5004	36	37	19	8	4	0
47_Melli.018	Bacteria	5449	104	58	100.00	29.66	23.81	2280580	0	386	386	114251	114251	5908	5908	767032	767032	48.5	4.92	90.09	11	2238	0	87	15	2	0	0
47_Melli.019	Bacteria	5449	104	58	80.06	34.06	81.40	1371491	0	392	392	5210	5210	3498	3498	31058	31058	39.7	2.30	87.02	11	1776	26	50	22	5	1	0
47_Melli.020	Bacteria	5449	104	58	7.68	5.17	50.00	4382021	0	1351	1351	4306	4306	3243	3243	59896	59896	31.9	3.73	80.36	11	5236	95	7	1	1	0	0
47_Melli.021	Bacteria	5449	104	58	2.59	0.00	0.00	849421	0	303	303	3546	3546	2803	2803	21884	21884	38.7	2.31	94.92	11	514	102	2	0	0	0	0
47_Melli.022	Bacteria	5449	104	58	7.05	2.04	75.00	2568900	0	447	447	16055	16055	5746	5746	214731	214731	37.7	2.67	82.96	11	3013	99	3	1	1	0	0
47_Melli.023	Bacteria	5449	104	58	0.00	0.00	0.00	118142	0	66	66	1708	1708	1790	1790	9315	9315	41.9	9.03	88.63	4	79	104	0	0	0	0	0
47_Melli.024	Bacteria	5449	104	58	50.41	15.14	92.00	1000515	0	353	353	3922	3922	2834	2834	40242	40242	37.2	1.50	86.59	11	1354	59	34	7	2	2	0
47_Melli.025	Bacteria	5449	104	58	1.72	0.00	0.00	259919	0	106	106	2806	2806	2452	2452	17154	17154	42.7	1.14	85.20	11	365	103	1	0	0	0	0
47_Melli.026	Bacteria	5449	104	58	15.52	10.34	100.00	437208	0	193	193	2473	2473	2265	2265	12911	12911	43.4	1.13	88.05	11	598	93	5	5	1	0	0
47_Melli.027	Bacteria	5449	104	58	8.62	3.45	100.00	315767	0	171	171	1901	1901	1846	1846	9846	9846	45.8	1.45	90.73	11	417	99	4	0	1	0	0
47_Melli.028	Bacteria	5449	104	58	13.64	7.52	90.91	222583	0	129	129	1722	1722	1725	1725	6792	6792	44.0	1.52	92.36	11	260	87	11	5	0	1	0
47_Melli.029	Bacteria	5449	104	58	75.00	30.75	5.95	5484147	0	2220	2220	2716	2716	2470	2470	88122	88122	43.5	2.40	79.95	11	6941	20	48	26	8	1	1
47_Melli.030	Bacteria	5449	104	58	95.82	59.61	0.00	3049569	0	809	809	6349	6349	3769	3769	120868	120868	37.5	2.23	87.58	11	3690	14	51	35	3	1	0
47_Melli.031	Bacteria	5449	104	58	40.00	32.76	80.65	829054	0	386	386	2414	2414	2147	2147	18372	18372	40.9	1.14	90.27	11	1191	77	14	7	4	2	0
47_Melli.032	Bacteria	5449	104	58	75.49	31.10	73.81	6554415	0	3045	3045	2250	2250	2152	2152	89205	89205	49.9	2.81	88.29	11	8333	21	49	30	4	0	0
47_Melli.033	Bacteria	5449	104	58	4.08	1.88	0.00	9435685	0	4748	4748	2062	2062	1987	1987	19637	19637	25.8	2.01	77.71	11	13345	98	4	2	0	0	0
47_Melli.034	Bacteria	5449	104	58	16.38	1.72	0.00	1279951	0	718	718	1792	1792	1782	1782	11049	11049	40.6	1.34	86.44	11	1926	93	10	1	0	0	0
47_Melli.035	Bacteria	5449	104	58	33.62	24.14	61.11	874921	0	448	448	1941	1941	1952	1952	13906	13906	38.7	1.08	88.55	11	1308	82	10	9	3	0	0
47_Melli.036	Bacteria	5449	104	58	0.00	0.00	0.00	1138580	0	682	682	1587	1587	1669	1669	11317	11317	42.9	2.23	95.68	11	928	104	0	0	0	0	0
47_Melli.037	Bacteria	5449	104	58	22.02	13.79	64.29	1705435	0	1033	1033	1629	1629	1650	1650	7442	7442	44.7	1.73	89.84	11	2444	86	11	5	1	1	0
47_Melli.038	Bacteria	5449	104	58	31.35	17.40	76.47	8914756	0	4581	4581	1994	1994	1946	1946	49876	49876	37.0	2.11	87.22	11	11446	81	14	5	4	0	0
47_Melli.039	Bacteria	5449	104	58	70.51	51.65	5.43	10061173	0	5410	5410	1856	1856	1859	1859	54958	54958	30.2	2.13	79.40	11	15752	34	53	12	1	0	4
47_Melli.040	Bacteria	5449	104	58	8.93	12.38	6.25	9669132	0	5332	5332	1809	1809	1813	1813	59916	59916	31.7	1.92	87.74	11	11713	97	2	3	1	0	1
47_Melli.041	Bacteria	5449	104	58	86.30	43.98	36.26	4816500	0	1921	1921	3105	3105	2507	2507	32169	32169	37.0	2.36	80.23	11	5986	17	46	18	10	7	6
47_Melli.042	Bacteria	5449	104	58	84.76	65.19	87.21	3763045	0	2068	2068	1869	1869	1819	1819	13676	13676	59.4	3.61	88.56	11	4928	16	37	38	10	3	0
51_Scapto.001	Bacteria	5449	104	58	87.93	1.72	0.00	1226368	0	54	54	37527	37527	22710	22710	156369	156369	32.9	2.35	87.33	11	1212	7	96	1	0	0	0
51_Scapto.002	Bacteria	5449	104	58	10.34	0.00	0.00	214314	0	35	35	9796	9796	6123	6123	47454	47454	33.7	3.84	82.63	11	230	98	6	0	0	0	0
51_Scapto.003	Bacteria	5449	104	58	65.52	0.00	0.00	906414	0	56	56	48366	48366	16185	16185	119237	119237	29.2	5.06	87.11	11	922	22	82	0	0	0	0
51_Scapto.004	Bacteria	5449	104	58	34.48	0.00	0.00	430691	0	67	67	28941	28941	6428	6428	73326	73326	29.1	5.63	86.33	11	441	82	22	0	0	0	0
51_Scapto.005	Bacteria	5449	104	58	0.00	0.00	0.00	468092	0	143	143	4523	4523	3273	3273	39918	39918	36.2	6.14	76.64	11	560	104	0	0	0	0	0
51_Scapto.006	Bacteria	5449	104	58	10.92	0.00	0.00	410423	0	101	101	7552	7552	4063	4063	45055	45055	46.4	14.45	83.01	11	435	72	32	0	0	0	0
51_Scapto.007	Bacteria	5449	104	58	0.00	0.00	0.00	467805	0	44	44	22297	22297	10631	10631	45538	45538	50.9	5.86	76.32	11	432	104	0	0	0	0	0
51_Scapto.008	Bacteria	5449	104	58	1.88	0.00	0.00	912395	0	339	339	3307	3307	2691	2691	13258	13258	28.4	5.07	75.94	11	1059	102	2	0	0	0	0
51_Scapto.009	Bacteria	5449	104	58	79.47	40.44	78.79	2082794	0	541	541	5090	5090	3849	3849	30050	30050	39.3	4.00	89.69	11	2247	37	40	24	3	0	0
51_Scapto.010	Bacteria	5449	104	58	1.80	0.00	0.00	1468837	0	272	272	9483	9483	5400	5400	105442	105442	42.5	7.14	80.74	11	1601	97	7	0	0	0	0
51_Scapto.011	Bacteria	5449	104	58	0.00	0.00	0.00	441693	0	105	105	6596	6596	4206	4206	97152	97152	44.3	16.25	86.08	11	526	104	0	0	0	0	0
51_Scapto.012	Bacteria	5449	104	58	48.76	10.03	18.75	848542	0	327	327	2929	2929	2594	2594	20983	20983	39.9	2.86	91.39	11	988	44	48	10	2	0	0
51_Scapto.013	Bacteria	5449	104	58	22.95	13.79	30.00	1696724	0	546	546	3922	3922	3107	3107	23583	23583	33.8	5.21	82.16	11	1997	78	20	4	2	0	0
51_Scapto.014	Bacteria	5449	104	58	69.44	6.90	100.00	468735	0	135	135	4905	4905	3472	3472	20024	20024	40.8	5.73	89.77	11	565	42	57	5	0	0	0
51_Scapto.015	Bacteria	5449	104	58	0.00	0.00	0.00	551521	0	203	203	2933	2933	2716	2716	40467	40467	39.9	4.98	79.17	11	708	104	0	0	0	0	0
51_Scapto.016	Bacteria	5449	104	58	0.00	0.00	0.00	336436	0	110	110	4128	4128	3058	3058	22117	22117	43.6	9.40	92.03	11	154	104	0	0	0	0	0
51_Scapto.017	Bacteria	5449	104	58	6.50	0.00	0.00	640787	0	168	168	6814	6814	3814	3814	156736	156736	43.0	2.81	84.93	11	666	97	7	0	0	0	0
51_Scapto.018	Bacteria	5449	104	58	0.00	0.00	0.00	548608	0	160	160	5551	5551	3428	3428	75498	75498	45.8	9.11	92.63	11	371	104	0	0	0	0	0
51_Scapto.019	Bacteria	5449	104	58	66.46	47.45	53.85	2244857	0	820	820	3197	3197	2737	2737	39415	39415	38.8	2.81	89.47	11	2601	37	34	25	7	1	0
51_Scapto.020	Bacteria	5449	104	58	15.75	0.16	0.00	923205	0	320	320	3412	3412	2885	2885	72472	72472	34.1	2.17	84.23	11	1123	87	16	1	0	0	0
51_Scapto.021	Bacteria	5449	104	58	0.57	0.00	0.00	7493663	0	2998	2998	2988	2988	2499	2499	47211	47211	27.2	3.48	77.42	11	9476	103	1	0	0	0	0
51_Scapto.022	Bacteria	5449	104	58	52.23	24.48	100.00	2281795	0	426	426	9146	9146	5356	5356	62392	62392	36.2	1.77	89.53	11	2601	68	19	17	0	0	0
51_Scapto.023	Bacteria	5449	104	58	21.38	0.00	0.00	492334	0	94	94	8791	8791	5237	5237	40663	40663	38.5	1.20	87.61	11	575	85	19	0	0	0	0
51_Scapto.024	Bacteria	5449	104	58	90.44	27.05	57.69	3657817	0	1042	1042	8030	8030	3510	3510	62775	62775	36.2	2.37	84.29	11	4187	24	60	17	3	0	0
51_Scapto.025	Bacteria	5449	104	58	74.14	101.60	55.18	4052300	0	1586	1586	3157	3157	2555	2555	49830	49830	43.3	2.84	91.15	11	4646	17	41	18	6	4	18
51_Scapto.026	Bacteria	5449	104	58	95.69	13.70	22.22	3236977	0	1006	1006	4340	4340	3217	3217	28326	28326	47.4	5.63	88.16	11	3760	3	85	15	1	0	0
51_Scapto.027	Bacteria	5449	104	58	21.38	25.75	60.37	176158	0	86	86	2122	2122	2048	2048	6648	6648	37.2	1.29	87.32	11	298	66	9	8	6	2	13
51_Scapto.028	Bacteria	5449	104	58	6.03	0.00	0.00	222963	0	66	66	5327	5327	3378	3378	38018	38018	37.5	1.38	82.47	11	307	100	4	0	0	0	0
51_Scapto.029	Bacteria	5449	104	58	31.21	21.72	36.67	3472799	0	1781	1781	2002	2002	1949	1949	47581	47581	32.7	1.71	80.23	11	4868	80	15	3	3	3	0
51_Scapto.030	Bacteria	5449	104	58	49.48	11.90	46.15	1036071	0	483	483	2411	2411	2145	2145	10431	10431	36.4	1.12	86.57	11	1549	66	27	10	1	0	0
51_Scapto.031	Bacteria	5449	104	58	30.17	6.90	75.00	2183199	0	1008	1008	2306	2306	2165	2165	17445	17445	34.2	2.21	83.17	11	3316	85	15	4	0	0	0
51_Scapto.032	Bacteria	5449	104	58	44.66	19.83	35.29	780624	0	387	387	2215	2215	2017	2017	8103	8103	38.9	1.46	90.86	11	1066	73	19	11	0	1	0
51_Scapto.033	Bacteria	5449	104	58	6.94	0.00	0.00	1698306	0	900	900	1819	1819	1887	1887	19807	19807	37.2	2.07	81.68	11	2455	89	15	0	0	0	0
51_Scapto.034	Bacteria	5449	104	58	55.46	31.03	68.18	1185538	0	492	492	2888	2888	2409	2409	16006	16006	40.1	1.00	88.31	11	1585	66	24	10	4	0	0
51_Scapto.035	Bacteria	5449	104	58	0.16	0.00	0.00	1525501	0	880	880	1679	1679	1733	1733	11836	11836	36.6	2.44	94.15	11	1282	103	1	0	0	0	0
51_Scapto.036	Bacteria	5449	104	58	71.63	20.95	13.51	2324703	0	1232	1232	1960	1960	1886	1886	13403	13403	44.9	2.37	74.22	11	2883	24	51	18	6	3	2
89_Scapto.001	Bacteria	5449	104	58	88.71	1.72	0.00	1225095	0	44	44	57400	57400	27843	27843	141666	141666	32.9	2.53	87.78	11	1203	23	80	1	0	0	0
89_Scapto.002	Bacteria	5449	104	58	94.83	18.34	38.33	1355327	0	77	77	40005	40005	17601	17601	150936	150936	29.6	4.97	86.47	11	1368	3	63	27	11	0	0
89_Scapto.003	Bacteria	5449	104	58	8.62	0.00	0.00	352753	0	104	104	4937	4937	3391	3391	26853	26853	32.1	5.06	79.48	11	423	99	5	0	0	0	0
89_Scapto.004	Bacteria	5449	104	58	13.64	0.16	100.00	495254	0	190	190	3209	3209	2606	2606	15972	15972	30.5	4.67	77.49	11	600	74	29	1	0	0	0
89_Scapto.005	Bacteria	5449	104	58	61.10	14.66	50.00	1269968	0	410	410	3569	3569	3097	3097	61635	61635	38.2	5.33	87.59	11	1433	34	62	6	2	0	0
89_Scapto.006	Bacteria	5449	104	58	0.00	0.00	0.00	342732	0	54	54	28144	28144	6346	6346	72952	72952	48.0	20.52	80.82	11	345	104	0	0	0	0	0
89_Scapto.007	Bacteria	5449	104	58	79.89	47.41	43.14	2207291	0	749	749	3640	3640	2946	2946	39378	39378	39.2	3.37	91.06	11	2477	15	54	27	8	0	0
89_Scapto.008	Bacteria	5449	104	58	81.03	39.66	25.58	2332476	0	533	533	6470	6470	4376	4376	58559	58559	33.7	3.80	87.51	11	2618	47	43	6	5	2	1
89_Scapto.009	Bacteria	5449	104	58	63.01	29.14	60.00	937405	0	168	168	23637	23637	5579	5579	116652	116652	41.2	2.60	90.22	11	1044	51	39	10	3	1	0
89_Scapto.010	Bacteria	5449	104	58	0.00	0.00	0.00	1734656	0	502	502	4663	4663	3455	3455	19255	19255	25.5	4.20	79.15	11	1891	104	0	0	0	0	0
89_Scapto.011	Bacteria	5449	104	58	61.05	21.24	90.32	2063954	0	737	737	3299	3299	2800	2800	214647	214647	41.5	2.89	89.57	11	2247	54	33	13	2	2	0
89_Scapto.012	Bacteria	5449	104	58	41.07	22.02	38.10	786305	0	243	243	3887	3887	3235	3235	194127	194127	43.5	2.33	90.97	11	888	68	22	12	1	1	0
89_Scapto.013	Bacteria	5449	104	58	45.85	12.07	22.22	1217348	0	328	328	5407	5407	3711	3711	76632	76632	37.8	3.12	87.71	11	1444	74	25	3	2	0	0
89_Scapto.014	Bacteria	5449	104	58	28.45	3.45	50.00	802882	0	262	262	4002	4002	3064	3064	36882	36882	38.9	2.20	90.91	11	905	87	15	2	0	0	0
89_Scapto.015	Bacteria	5449	104	58	14.66	4.39	55.56	257104	0	66	66	6331	6331	3895	3895	49684	49684	38.8	1.38	80.77	11	285	59	36	9	0	0	0
89_Scapto.016	Bacteria	5449	104	58	7.74	1.72	100.00	1945290	0	709	709	3289	3289	2743	2743	25810	25810	33.8	4.05	82.74	11	2270	96	7	1	0	0	0
89_Scapto.017	Bacteria	5449	104	58	0.00	0.00	0.00	162674	0	51	51	3734	3734	3189	3189	23248	23248	38.2	1.18	94.26	11	103	104	0	0	0	0	0
89_Scapto.018	Bacteria	5449	104	58	17.24	12.59	40.54	114574	0	31	31	5911	5911	3695	3695	13139	13139	38.2	1.32	90.18	11	150	56	15	31	2	0	0
89_Scapto.019	Bacteria	5449	104	58	71.32	20.30	63.64	1432473	0	581	581	2831	2831	2465	2465	29459	29459	37.7	2.19	88.98	11	1728	41	42	15	6	0	0
89_Scapto.020	Bacteria	5449	104	58	31.54	10.34	100.00	837528	0	206	206	6330	6330	4065	4065	21901	21901	36.4	1.17	90.36	11	978	81	16	7	0	0	0
89_Scapto.021	Bacteria	5449	104	58	0.00	0.00	0.00	1632749	0	615	615	3119	3119	2654	2654	55735	55735	43.2	5.71	95.48	11	812	104	0	0	0	0	0
89_Scapto.022	Bacteria	5449	104	58	54.23	45.11	60.87	1483543	0	309	309	9963	9963	4801	4801	40912	40912	41.4	1.32	89.06	11	1727	50	35	10	6	3	0
89_Scapto.023	Bacteria	5449	104	58	62.07	20.69	100.00	813233	0	230	230	4854	4854	3535	3535	19491	19491	39.1	1.54	93.59	11	903	63	28	13	0	0	0
89_Scapto.024	Bacteria	5449	104	58	43.97	16.50	60.00	717273	0	153	153	8512	8512	4688	4688	39740	39740	37.7	1.04	88.51	11	869	58	31	10	5	0	0
89_Scapto.025	Bacteria	5449	104	58	54.23	43.97	58.18	789687	0	117	117	15327	15327	6749	6749	51243	51243	38.6	1.06	89.58	11	875	48	29	13	14	0	0
89_Scapto.026	Bacteria	5449	104	58	34.01	33.93	77.78	3118634	0	1398	1398	2361	2361	2230	2230	40712	40712	44.0	2.41	91.81	11	3251	60	22	7	5	4	6
89_Scapto.027	Bacteria	5449	104	58	1.72	0.00	0.00	771491	0	173	173	12393	12393	4459	4459	55832	55832	52.9	4.37	77.23	11	709	103	1	0	0	0	0
89_Scapto.028	Bacteria	5449	104	58	67.54	30.52	7.41	4059387	0	1439	1439	3480	3480	2820	2820	56961	56961	33.2	1.74	82.04	11	5320	54	34	12	3	1	0
89_Scapto.029	Bacteria	5449	104	58	31.90	1.72	0.00	884174	0	357	357	2751	2751	2476	2476	20784	20784	37.3	1.67	90.49	11	1123	83	20	1	0	0	0
89_Scapto.030	Bacteria	5449	104	58	5.33	0.00	0.00	4368229	0	1971	1971	2358	2358	2216	2216	73008	73008	26.7	1.93	76.29	11	5944	100	4	0	0	0	0
89_Scapto.031	Bacteria	5449	104	58	56.90	28.45	77.27	1520650	0	568	568	3192	3192	2677	2677	35831	35831	37.9	1.19	87.84	11	2045	55	33	13	3	0	0
89_Scapto.032	Bacteria	5449	104	58	92.95	47.92	79.41	4194027	0	1187	1187	6252	6252	3533	3533	75106	75106	36.7	1.92	87.48	11	4731	17	53	34	0	0	0
89_Scapto.033	Bacteria	5449	104	58	36.29	16.54	83.33	1383395	0	647	647	2340	2340	2138	2138	14642	14642	41.4	1.40	88.00	11	1898	76	18	9	1	0	0
89_Scapto.034	Bacteria	5449	104	58	10.50	5.33	0.00	6179472	0	3014	3014	2122	2122	2050	2050	29315	29315	30.0	1.66	80.51	11	8259	97	3	4	0	0	0
89_Scapto.035	Bacteria	5449	104	58	71.08	35.69	24.14	4918113	0	2386	2386	2137	2137	2061	2061	36243	36243	34.1	1.57	82.68	11	6600	51	34	14	5	0	0
89_Scapto.036	Bacteria	5449	104	58	6.90	0.00	0.00	3992031	0	1947	1947	2099	2099	2050	2050	42179	42179	37.7	2.46	89.79	11	3979	100	4	0	0	0	0
89_Scapto.037	Bacteria	5449	104	58	57.92	45.69	21.95	2665199	0	1416	1416	1954	1954	1882	1882	16538	16538	37.6	2.13	91.86	11	3451	56	28	13	6	0	1
89_Scapto.038	Bacteria	5449	104	58	94.51	35.25	35.71	2981722	0	1406	1406	2320	2320	2120	2120	11942	11942	48.3	2.20	87.69	11	3862	5	61	36	2	0	0
89_Scapto.039	Bacteria	5449	104	58	32.24	12.57	13.21	1466190	0	935	935	1517	1517	1568	1568	9478	9478	40.9	2.63	75.70	11	1901	51	32	15	2	2	2
89_Scapto.040	Bacteria	5449	104	58	36.07	3.62	0.00	994958	0	571	571	1752	1752	1742	1742	6536	6536	55.8	2.31	82.96	11	1419	58	40	6	0	0	0
90_Scapto.001	Bacteria	5449	104	58	36.21	0.00	0.00	571113	0	18	18	47673	47673	31728	31728	111522	111522	32.9	4.36	86.54	11	572	43	61	0	0	0	0
90_Scapto.002	Bacteria	5449	104	58	60.34	0.00	0.00	677454	0	35	35	44814	44814	19355	19355	131095	131095	33.3	2.60	88.48	11	652	63	41	0	0	0	0
90_Scapto.003	Bacteria	5449	104	58	6.90	0.00	0.00	171749	0	28	28	13751	13751	6133	6133	57152	57152	32.9	3.14	82.49	11	203	99	5	0	0	0	0
90_Scapto.004	Bacteria	5449	104	58	0.00	0.00	0.00	101716	0	40	40	2822	2822	2542	2542	9921	9921	30.9	3.91	76.77	11	131	104	0	0	0	0	0
90_Scapto.005	Bacteria	5449	104	58	0.00	0.00	0.00	171209	0	57	57	4252	4252	3003	3003	16127	16127	32.0	6.27	74.78	11	192	104	0	0	0	0	0
90_Scapto.006	Bacteria	5449	104	58	0.00	0.00	0.00	207571	0	83	83	3040	3040	2500	2500	9941	9941	31.6	6.75	78.91	11	226	104	0	0	0	0	0
90_Scapto.007	Bacteria	5449	104	58	9.80	0.16	100.00	450967	0	132	132	4846	4846	3416	3416	56518	56518	30.0	5.88	77.53	11	556	73	30	1	0	0	0
90_Scapto.008	Bacteria	5449	104	58	41.69	6.21	100.00	1070021	0	313	313	4345	4345	3418	3418	25138	25138	39.2	3.45	89.95	11	1161	69	29	5	1	0	0
90_Scapto.009	Bacteria	5449	104	58	64.50	27.27	90.00	1556611	0	516	516	3664	3664	3016	3016	17269	17269	39.4	3.04	90.97	11	1737	53	31	15	5	0	0
90_Scapto.010	Bacteria	5449	104	58	0.00	0.00	0.00	246104	0	19	19	163168	163168	12952	12952	163168	163168	59.0	14.48	82.01	11	266	104	0	0	0	0	0
90_Scapto.011	Bacteria	5449	104	58	96.55	3.45	0.00	2736234	0	536	536	8674	8674	5104	5104	187027	187027	29.6	6.21	83.43	11	2946	2	100	2	0	0	0
90_Scapto.012	Bacteria	5449	104	58	77.19	51.13	25.81	1969240	0	755	755	3040	3040	2608	2608	26834	26834	41.2	3.30	90.51	11	2212	20	46	31	5	1	1
90_Scapto.013	Bacteria	5449	104	58	51.25	33.62	51.61	1964112	0	583	583	4517	4517	3368	3368	45003	45003	36.8	2.64	85.91	11	2374	57	29	13	4	1	0
90_Scapto.014	Bacteria	5449	104	58	0.00	0.00	0.00	718892	0	279	279	2899	2899	2576	2576	21013	21013	40.6	7.78	78.93	11	319	104	0	0	0	0	0
90_Scapto.015	Bacteria	5449	104	58	0.00	0.00	0.00	150182	0	79	79	1983	1983	1901	1901	12357	12357	37.9	7.20	64.08	11	104	104	0	0	0	0	0
90_Scapto.016	Bacteria	5449	104	58	75.86	85.79	35.53	2168897	0	366	366	16680	16680	5925	5925	104660	104660	42.5	2.44	88.91	11	2429	16	38	29	11	5	5
90_Scapto.017	Bacteria	5449	104	58	15.16	1.72	100.00	559871	0	152	152	4946	4946	3683	3683	39873	39873	35.5	1.45	86.58	11	679	92	11	1	0	0	0
90_Scapto.018	Bacteria	5449	104	58	64.42	16.11	90.48	897355	0	206	206	8606	8606	4356	4356	40798	40798	38.1	4.17	87.31	11	1074	42	41	21	0	0	0
90_Scapto.019	Bacteria	5449	104	58	13.28	4.31	100.00	669585	0	175	175	5231	5231	3826	3826	21565	21565	35.4	1.40	89.29	11	814	95	6	3	0	0	0
90_Scapto.020	Bacteria	5449	104	58	64.97	18.97	21.43	640105	0	113	113	26820	26820	5664	5664	132539	132539	38.8	3.92	89.25	11	670	56	36	11	1	0	0
90_Scapto.021	Bacteria	5449	104	58	0.00	0.00	0.00	158792	0	85	85	1771	1771	1868	1868	7949	7949	35.5	7.88	71.38	4	140	104	0	0	0	0	0
90_Scapto.022	Bacteria	5449	104	58	53.21	30.80	83.33	1261453	0	401	401	4577	4577	3145	3145	25866	25866	38.1	1.30	92.48	11	1462	65	17	21	1	0	0
90_Scapto.023	Bacteria	5449	104	58	12.01	0.31	100.00	778650	0	457	457	1480	1480	1703	1703	27330	27330	34.5	1.61	51.88	11	819	80	22	2	0	0	0
90_Scapto.024	Bacteria	5449	104	58	20.69	15.52	58.82	6910713	0	3366	3366	2158	2158	2053	2053	48023	48023	30.3	2.77	75.27	11	9023	91	9	1	2	0	1
90_Scapto.025	Bacteria	5449	104	58	74.29	3.45	50.00	4535787	0	844	844	8550	8550	5374	5374	51224	51224	58.7	2.33	88.83	11	4741	52	50	2	0	0	0
90_Scapto.026	Bacteria	5449	104	58	81.66	70.08	25.00	1969161	0	744	744	3135	3135	2646	2646	77587	77587	35.9	1.43	86.89	11	2648	27	32	33	7	5	0
90_Scapto.027	Bacteria	5449	104	58	77.23	18.10	16.67	1868029	0	532	532	5990	5990	3511	3511	55672	55672	36.1	1.84	88.83	11	2242	48	44	12	0	0	0
90_Scapto.028	Bacteria	5449	104	58	10.61	5.64	37.50	2741226	0	1449	1449	1922	1922	1891	1891	30101	30101	37.7	2.48	87.62	11	2521	86	12	5	1	0	0
90_Scapto.029	Bacteria	5449	104	58	100.00	41.95	2.13	2687287	0	872	872	4062	4062	3081	3081	32270	32270	34.8	1.71	87.16	11	3318	0	71	26	7	0	0
90_Scapto.030	Bacteria	5449	104	58	8.62	1.72	0.00	633530	0	376	376	1609	1609	1684	1684	8244	8244	45.7	1.83	92.10	11	738	98	5	1	0	0	0
90_Scapto.031	Bacteria	5449	104	58	49.36	16.14	74.19	1081791	0	461	461	2496	2496	2346	2346	32629	32629	38.4	1.29	87.57	11	1499	51	32	16	5	0	0
90_Scapto.032	Bacteria	5449	104	58	34.22	17.24	50.00	1129979	0	511	511	2465	2465	2211	2211	26487	26487	40.6	1.17	88.92	11	1512	78	16	9	1	0	0
90_Scapto.033	Bacteria	5449	104	58	57.70	3.92	0.00	2501575	0	1522	1522	1566	1566	1643	1643	13198	13198	39.3	2.41	74.71	11	3206	45	53	6	0	0	0
90_Scapto.034	Bacteria	5449	104	58	15.52	6.90	77.78	350131	0	186	186	1949	1949	1882	1882	8588	8588	43.0	1.48	92.93	11	375	84	8	7	0	3	2
90_Scapto.035	Bacteria	5449	104	58	27.59	10.34	75.00	571637	0	259	259	2369	2369	2207	2207	15557	15557	43.1	1.19	90.52	11	742	85	11	8	0	0	0
90_Scapto.036	Bacteria	5449	104	58	56.90	23.98	31.03	1742722	0	838	838	2156	2156	2079	2079	15971	15971	51.7	1.70	81.64	11	2296	26	41	28	8	1	0
90_Scapto.037	Bacteria	5449	104	58	11.00	0.86	0.00	988000	0	545	545	1783	1783	1812	1812	17452	17452	46.2	2.05	71.41	11	1274	82	21	1	0	0	0
90_Scapto.038	Bacteria	5449	104	58	74.14	21.99	56.25	1014589	0	497	497	2168	2168	2041	2041	17140	17140	45.7	1.90	91.93	11	1281	17	45	39	3	0	0
90_Scapto.039	Bacteria	5449	104	58	46.63	5.41	25.00	898391	0	471	471	2041	2041	1907	1907	9468	9468	42.0	2.90	86.00	11	1253	45	51	6	2	0	0
90_Scapto.040	Bacteria	5449	104	58	56.03	10.50	57.14	1667667	0	906	906	1914	1914	1840	1840	11158	11158	55.2	2.02	88.97	11	2109	56	41	7	0	0	0
91_Scapto.001	Bacteria	5449	104	58	5.17	0.00	0.00	499871	0	13	13	51487	51487	38451	38451	80536	80536	34.2	1.81	85.78	11	491	100	4	0	0	0	0
91_Scapto.002	Bacteria	5449	104	58	63.79	0.16	100.00	652445	0	18	18	60517	60517	36246	36246	148292	148292	32.2	2.78	87.98	11	645	24	79	1	0	0	0
91_Scapto.003	Bacteria	5449	104	58	22.41	0.00	0.00	202953	0	15	15	18536	18536	13530	13530	63758	63758	33.8	4.10	85.47	11	205	89	15	0	0	0	0
91_Scapto.004	Bacteria	5449	104	58	1.72	0.00	0.00	214033	0	41	41	8155	8155	5220	5220	28073	28073	30.8	4.96	77.35	11	238	103	1	0	0	0	0
91_Scapto.005	Bacteria	5449	104	58	31.03	0.00	0.00	370536	0	31	31	201015	201015	11952	11952	201015	201015	30.1	6.39	85.53	11	401	84	20	0	0	0	0
91_Scapto.006	Bacteria	5449	104	58	75.86	1.88	100.00	1084451	0	61	61	56177	56177	17777	17777	148542	148542	29.0	5.92	86.48	11	1098	16	86	2	0	0	0
91_Scapto.007	Bacteria	5449	104	58	0.00	0.00	0.00	191347	0	67	67	4732	4732	2855	2855	13353	13353	30.3	2.54	79.17	11	240	104	0	0	0	0	0
91_Scapto.008	Bacteria	5449	104	58	17.24	0.00	0.00	236002	0	12	12	69499	69499	19666	19666	70836	70836	41.8	6.51	85.42	11	235	57	47	0	0	0	0
91_Scapto.009	Bacteria	5449	104	58	50.47	12.07	12.50	977790	0	135	135	28400	28400	7242	7242	142763	142763	39.6	7.03	87.64	11	1046	64	34	5	1	0	0
91_Scapto.010	Bacteria	5449	104	58	80.12	41.54	17.65	1618743	0	398	398	5272	5272	4067	4067	66155	66155	39.5	3.23	90.34	11	1751	19	50	27	8	0	0
91_Scapto.011	Bacteria	5449	104	58	62.07	13.79	80.00	1118763	0	414	414	3188	3188	2702	2702	12876	12876	40.2	2.01	92.27	11	1254	53	41	10	0	0	0
91_Scapto.012	Bacteria	5449	104	58	63.79	30.52	40.00	1233761	0	288	288	6179	6179	4283	4283	116727	116727	37.7	1.71	87.63	11	1427	56	27	18	2	1	0
91_Scapto.013	Bacteria	5449	104	58	0.00	0.00	0.00	423350	0	31	31	84320	84320	13656	13656	155370	155370	58.4	18.01	83.47	11	459	104	0	0	0	0	0
91_Scapto.014	Bacteria	5449	104	58	15.67	1.72	0.00	2108266	0	550	550	5467	5467	3833	3833	73008	73008	30.8	3.14	79.10	11	2540	94	9	1	0	0	0
91_Scapto.015	Bacteria	5449	104	58	67.26	45.77	33.78	1777837	0	666	666	3083	3083	2669	2669	26352	26352	41.8	3.50	91.25	11	1941	33	43	15	9	2	2
91_Scapto.016	Bacteria	5449	104	58	0.00	0.00	0.00	187682	0	78	78	2884	2884	2406	2406	10952	10952	40.9	9.02	93.04	11	113	104	0	0	0	0	0
91_Scapto.017	Bacteria	5449	104	58	63.95	31.68	45.28	1367487	0	326	326	7024	7024	4194	4194	46126	46126	38.4	2.83	88.46	11	1595	33	33	22	4	12	0
91_Scapto.018	Bacteria	5449	104	58	44.98	2.59	0.00	1787647	0	427	427	5783	5783	4186	4186	147256	147256	37.6	2.40	89.90	11	1967	68	34	2	0	0	0
91_Scapto.019	Bacteria	5449	104	58	29.31	9.48	16.67	2299929	0	643	643	5215	5215	3576	3576	48496	48496	34.0	3.43	80.84	11	2820	84	14	6	0	0	0
91_Scapto.020	Bacteria	5449	104	58	96.55	73.67	27.62	3127208	0	741	741	9004	9004	4220	4220	161783	161783	43.6	4.68	90.67	11	3103	2	66	16	13	5	2
91_Scapto.021	Bacteria	5449	104	58	87.45	46.32	39.66	1718476	0	404	404	6768	6768	4253	4253	75152	75152	38.0	1.56	90.77	11	1925	15	55	22	12	0	0
91_Scapto.022	Bacteria	5449	104	58	34.33	17.24	72.73	877546	0	154	154	13898	13898	5698	5698	77762	77762	42.2	1.41	89.62	11	989	69	24	11	0	0	0
91_Scapto.023	Bacteria	5449	104	58	3.45	0.00	0.00	2116884	0	774	774	3260	3260	2734	2734	41639	41639	39.3	3.02	95.54	11	1230	101	3	0	0	0	0
91_Scapto.024	Bacteria	5449	104	58	40.69	20.34	21.74	2594458	0	796	796	4936	4936	3259	3259	204196	204196	34.8	1.46	85.73	11	3421	74	19	8	1	2	0
91_Scapto.025	Bacteria	5449	104	58	57.70	37.76	68.75	1842334	0	543	543	5697	5697	3392	3392	60289	60289	37.5	1.48	86.04	11	2509	62	22	13	5	0	2
91_Scapto.026	Bacteria	5449	104	58	49.14	24.14	38.89	1292658	0	581	581	2482	2482	2224	2224	17137	17137	38.8	1.69	93.40	11	1594	73	21	6	4	0	0
91_Scapto.027	Bacteria	5449	104	58	12.07	10.34	30.00	10305244	0	4134	4134	2917	2917	2492	2492	52390	52390	29.2	2.80	78.64	11	13464	97	4	1	1	1	0
91_Scapto.028	Bacteria	5449	104	58	1.72	0.00	0.00	1478226	0	625	625	2829	2829	2365	2365	30187	30187	36.8	1.94	90.02	11	1449	102	2	0	0	0	0
91_Scapto.029	Bacteria	5449	104	58	31.66	8.62	83.33	1059422	0	380	380	3914	3914	2787	2787	28770	28770	43.6	1.58	88.86	11	1342	78	20	6	0	0	0
91_Scapto.030	Bacteria	5449	104	58	74.14	58.57	67.80	1490527	0	592	592	2739	2739	2517	2517	40942	40942	39.9	1.30	88.98	11	2036	31	41	20	11	1	0
91_Scapto.031	Bacteria	5449	104	58	15.36	1.72	87.50	807514	0	355	355	2631	2631	2274	2274	13731	13731	43.1	1.53	94.02	11	755	85	13	1	5	0	0
91_Scapto.032	Bacteria	5449	104	58	80.72	6.43	13.33	2270228	0	816	816	3670	3670	2782	2782	15024	15024	37.1	2.00	86.57	11	2664	24	71	6	3	0	0
91_Scapto.033	Bacteria	5449	104	58	66.93	12.79	16.22	2657363	0	1413	1413	1906	1906	1880	1880	18282	18282	37.9	2.38	83.33	11	3639	26	57	13	8	0	0
91_Scapto.034	Bacteria	5449	104	58	80.72	21.82	17.86	2643393	0	1385	1385	1885	1885	1908	1908	83422	83422	47.8	2.37	88.23	11	3329	13	78	7	5	1	0
91_Scapto.035	Bacteria	5449	104	58	59.80	19.54	5.26	1521567	0	794	794	1993	1993	1916	1916	11641	11641	34.5	1.81	82.38	11	2119	44	45	13	2	0	0
91_Scapto.036	Bacteria	5449	104	58	4.83	0.00	0.00	394265	0	263	263	1440	1440	1499	1499	8038	8038	45.0	4.27	78.06	11	588	98	6	0	0	0	0
92_Scapto.001	Bacteria	5449	104	58	94.59	58.75	9.62	1918046	0	224	224	14059	14059	8562	8562	85906	85906	35.6	4.48	88.09	11	1977	10	46	46	2	0	0
92_Scapto.002	Bacteria	5449	104	58	56.03	16.77	50.00	1130338	0	260	260	6519	6519	4347	4347	53514	53514	38.4	4.18	89.14	11	1201	32	54	17	1	0	0
92_Scapto.003	Bacteria	5449	104	58	56.27	7.37	14.29	1468919	0	451	451	4270	4270	3257	3257	51245	51245	38.4	4.72	89.01	11	1608	62	35	7	0	0	0
92_Scapto.004	Bacteria	5449	104	58	80.25	3.21	33.33	2245852	0	251	251	16549	16549	8947	8947	103110	103110	47.5	4.91	89.96	11	2246	17	81	6	0	0	0
92_Scapto.005	Bacteria	5449	104	58	15.52	5.17	50.00	1228214	0	401	401	3995	3995	3062	3062	29215	29215	37.9	4.42	85.93	11	1381	95	7	1	1	0	0
92_Scapto.006	Bacteria	5449	104	58	22.65	8.62	100.00	1390317	0	315	315	7304	7304	4413	4413	32110	32110	47.1	5.18	87.71	11	1479	83	16	4	1	0	0
92_Scapto.007	Bacteria	5449	104	58	64.44	20.85	31.58	1527154	0	510	510	4134	4134	2994	2994	20724	20724	39.3	3.80	87.24	11	1652	34	38	29	3	0	0
92_Scapto.008	Bacteria	5449	104	58	93.10	3.45	0.00	2270779	0	469	469	10005	10005	4841	4841	116814	116814	30.7	6.92	84.34	11	2324	4	98	2	0	0	0
92_Scapto.009	Bacteria	5449	104	58	28.45	17.95	43.48	2194009	0	660	660	4656	4656	3324	3324	51902	51902	44.2	3.44	84.75	11	2466	76	11	14	3	0	0
92_Scapto.010	Bacteria	5449	104	58	53.68	11.36	41.67	1775596	0	408	408	6974	6974	4351	4351	35711	35711	36.6	2.25	88.00	11	1957	53	43	6	2	0	0
92_Scapto.011	Bacteria	5449	104	58	6.03	0.00	0.00	1875671	0	263	263	29035	29035	7131	7131	285786	285786	27.7	9.05	83.77	11	1906	100	4	0	0	0	0
92_Scapto.012	Bacteria	5449	104	58	62.41	24.14	86.67	1044344	0	203	203	6966	6966	5144	5144	28021	28021	37.7	1.29	92.20	11	1116	64	25	15	0	0	0
92_Scapto.013	Bacteria	5449	104	58	43.97	11.21	71.43	806530	0	271	271	3724	3724	2976	2976	29046	29046	40.2	1.63	92.48	11	850	65	32	7	0	0	0
92_Scapto.014	Bacteria	5449	104	58	87.07	22.45	93.10	2231262	0	641	641	4732	4732	3480	3480	19133	19133	58.5	2.72	89.43	11	2512	8	71	23	2	0	0
92_Scapto.015	Bacteria	5449	104	58	89.50	45.40	39.13	5091674	0	1499	1499	4696	4696	3396	3396	141758	141758	36.1	3.20	85.44	11	5885	18	60	19	5	2	0
92_Scapto.016	Bacteria	5449	104	58	0.31	0.00	0.00	673797	0	67	67	36712	36712	10056	10056	86568	86568	49.8	6.44	84.59	4	605	102	2	0	0	0	0
92_Scapto.017	Bacteria	5449	104	58	92.65	10.95	65.38	5120409	0	319	319	52163	52163	16051	16051	204244	204244	54.1	2.47	87.32	11	4918	20	64	17	3	0	0
92_Scapto.018	Bacteria	5449	104	58	95.06	4.81	60.00	3332207	0	484	484	14043	14043	6884	6884	79964	79964	36.6	2.20	85.15	11	3590	7	92	5	0	0	0
92_Scapto.019	Bacteria	5449	104	58	73.91	9.87	75.00	3809340	0	984	984	6375	6375	3871	3871	47894	47894	46.5	2.21	88.09	11	4280	28	64	10	2	0	0
92_Scapto.020	Bacteria	5449	104	58	2.04	0.16	0.00	2780044	0	669	669	10626	10626	4155	4155	102484	102484	34.0	2.47	84.52	11	3569	101	2	1	0	0	0
92_Scapto.021	Bacteria	5449	104	58	98.28	141.72	19.64	6117371	0	1224	1224	12527	12527	4997	4997	388160	388160	27.0	2.35	84.56	4	7419	1	36	34	24	7	2
92_Scapto.022	Bacteria	5449	104	58	55.75	13.51	80.00	1138544	0	390	390	3955	3955	2919	2919	43601	43601	38.9	1.81	87.98	11	1472	47	49	7	1	0	0
92_Scapto.023	Bacteria	5449	104	58	86.27	5.20	100.00	4378275	0	275	275	39489	39489	15921	15921	130454	130454	50.9	1.80	88.44	11	4246	31	66	7	0	0	0
92_Scapto.024	Bacteria	5449	104	58	45.85	43.18	58.82	3137086	0	1518	1518	2116	2116	2066	2066	39395	39395	44.3	2.25	92.01	11	3576	63	15	8	7	6	5
92_Scapto.025	Bacteria	5449	104	58	49.61	32.76	96.30	4242867	0	2668	2668	1506	1506	1590	1590	22745	22745	58.1	3.09	89.29	11	6101	71	21	6	5	1	0
92_Scapto.026	Bacteria	5449	104	58	62.28	41.69	93.55	4229867	0	1150	1150	5655	5655	3678	3678	40211	40211	48.3	1.69	90.91	11	4661	58	21	22	3	0	0
92_Scapto.027	Bacteria	5449	104	58	30.33	1.88	50.00	3963332	0	1762	1762	2419	2419	2249	2249	31147	31147	25.4	2.06	78.03	11	5268	82	20	2	0	0	0
92_Scapto.028	Bacteria	5449	104	58	28.76	12.07	37.50	6164674	0	2841	2841	2384	2384	2169	2169	36457	36457	30.2	1.67	79.95	11	8122	85	13	5	1	0	0
92_Scapto.029	Bacteria	5449	104	58	0.31	0.00	0.00	3990569	0	1975	1975	2094	2094	2020	2020	26003	26003	37.9	2.42	92.73	11	3854	102	2	0	0	0	0
92_Scapto.030	Bacteria	5449	104	58	98.28	10.11	0.00	1518747	0	236	236	15166	15166	6435	6435	55782	55782	44.8	1.99	89.06	11	1543	1	92	9	2	0	0
92_Scapto.031	Bacteria	5449	104	58	68.97	22.41	33.33	1944457	0	333	333	16171	16171	5839	5839	96048	96048	44.3	1.87	83.07	11	2076	35	30	39	0	0	0
92_Scapto.032	Bacteria	5449	104	58	75.86	24.90	37.84	1752452	0	310	310	8936	8936	5653	5653	65128	65128	46.1	1.33	88.84	11	1830	41	34	25	4	0	0
92_Scapto.033	Bacteria	5449	104	58	41.85	11.65	7.69	4453010	0	1856	1856	2730	2730	2399	2399	163465	163465	32.3	2.25	79.68	11	5953	51	44	7	2	0	0
92_Scapto.034	Bacteria	5449	104	58	60.63	45.67	66.67	1606986	0	673	673	2673	2673	2387	2387	47697	47697	39.5	1.57	91.01	11	2045	55	24	17	7	0	1
92_Scapto.035	Bacteria	5449	104	58	86.18	36.52	59.26	3419268	0	707	707	8400	8400	4836	4836	55840	55840	36.9	1.77	89.43	11	3653	28	51	24	1	0	0
92_Scapto.036	Bacteria	5449	104	58	76.08	15.00	21.43	6746675	0	2683	2683	3032	3032	2514	2514	23027	23027	42.3	2.12	79.95	11	8668	44	51	8	0	1	0
92_Scapto.037	Bacteria	5449	104	58	34.28	10.74	50.00	2360995	0	1135	1135	2151	2151	2080	2080	32748	32748	46.8	1.90	84.95	11	3224	59	33	10	2	0	0
92_Scapto.038	Bacteria	5449	104	58	42.71	31.19	47.83	1485230	0	629	629	2677	2677	2361	2361	17484	17484	34.9	1.42	84.70	11	2188	57	24	13	9	1	0
92_Scapto.039	Bacteria	5449	104	58	58.93	35.11	42.86	1487905	0	674	674	2349	2349	2207	2207	19592	19592	39.4	1.54	87.69	11	2054	39	30	20	11	4	0
92_Scapto.040	Bacteria	5449	104	58	16.05	1.83	42.86	2727413	0	1377	1377	2006	2006	1980	1980	33155	33155	35.0	1.64	81.81	11	3871	83	16	4	1	0	0
92_Scapto.041	Bacteria	5449	104	58	69.14	45.46	56.41	1594433	0	687	687	2561	2561	2320	2320	16094	16094	35.3	1.56	88.57	11	2166	52	27	18	7	0	0
92_Scapto.042	Bacteria	5449	104	58	33.19	5.17	0.00	2411199	0	1036	1036	2620	2620	2327	2327	31143	31143	37.0	1.65	82.61	11	3193	77	23	4	0	0	0
92_Scapto.043	Bacteria	5449	104	58	45.72	19.54	68.75	4083936	0	1776	1776	2617	2617	2299	2299	63195	63195	51.1	2.08	81.52	11	5449	70	22	10	2	0	0
92_Scapto.044	Bacteria	5449	104	58	13.79	12.07	0.00	4321326	0	1817	1817	2685	2685	2378	2378	35913	35913	59.6	1.73	93.47	11	5086	96	2	5	1	0	0
92_Scapto.045	Bacteria	5449	104	58	66.93	11.83	9.09	1213906	0	585	585	2300	2300	2075	2075	25567	25567	41.5	1.76	90.17	11	1608	31	53	19	1	0	0
92_Scapto.046	Bacteria	5449	104	58	27.34	6.03	0.00	1472904	0	875	875	1597	1597	1683	1683	12481	12481	51.8	1.81	86.36	11	1959	79	21	4	0	0	0
92_Scapto.047	Bacteria	5449	104	58	34.98	15.86	33.33	3171280	0	1348	1348	2649	2649	2352	2352	26479	26479	55.7	1.47	88.67	11	4110	79	15	9	1	0	0
92_Scapto.048	Bacteria	5449	104	58	15.67	1.72	0.00	1708042	0	700	700	2782	2782	2440	2440	17239	17239	56.4	1.31	87.63	11	2180	93	10	1	0	0	0
92_Scapto.049	Bacteria	5449	104	58	1.00	0.47	0.00	859781	0	434	434	2021	2021	1981	1981	15268	15268	44.3	2.41	89.31	11	1233	100	2	1	1	0	0
92_Scapto.050	Bacteria	5449	104	58	80.38	92.97	62.20	1732136	0	989	989	1733	1733	1751	1751	12333	12333	53.1	1.49	86.65	11	2405	15	37	20	23	5	4
92_Scapto.051	Bacteria	5449	104	58	35.11	18.97	27.27	1598342	0	889	889	1767	1767	1797	1797	12923	12923	56.2	1.30	92.06	11	2088	79	14	11	0	0	0
92_Scapto.052	Bacteria	5449	104	58	65.76	35.74	3.17	3662256	0	2511	2511	1409	1409	1458	1458	12969	12969	61.4	3.20	89.55	11	5067	28	33	33	10	0	0
93_Scapto.001	Bacteria	5449	104	58	93.10	12.13	21.05	1228379	0	79	79	26383	26383	15549	15549	153614	153614	33.1	2.90	87.65	11	1232	4	81	19	0	0	0
93_Scapto.002	Bacteria	5449	104	58	69.04	7.59	71.43	1004679	0	252	252	5362	5362	3986	3986	21015	21015	38.5	3.68	88.67	11	1133	29	70	4	1	0	0
93_Scapto.003	Bacteria	5449	104	58	98.28	39.42	9.38	2311277	0	389	389	10733	10733	5941	5941	98818	98818	33.3	6.08	87.44	11	2455	1	75	26	2	0	0
93_Scapto.004	Bacteria	5449	104	58	55.38	9.09	87.50	1916881	0	654	654	3596	3596	2931	2931	19367	19367	38.0	5.10	87.61	11	2083	55	41	8	0	0	0
93_Scapto.005	Bacteria	5449	104	58	26.57	5.17	60.00	1124817	0	379	379	3977	3977	2967	2967	24393	24393	36.9	5.68	84.83	11	1300	64	35	5	0	0	0
93_Scapto.006	Bacteria	5449	104	58	0.00	0.00	0.00	547403	0	148	148	4965	4965	3698	3698	74571	74571	48.8	11.63	86.66	11	683	104	0	0	0	0	0
93_Scapto.007	Bacteria	5449	104	58	90.60	37.65	47.54	1533854	0	415	415	6270	6270	3696	3696	27456	27456	38.9	3.47	91.00	11	1719	12	58	29	2	1	2
93_Scapto.008	Bacteria	5449	104	58	0.00	0.00	0.00	492237	0	195	195	3216	3216	2524	2524	10618	10618	30.9	6.28	77.53	11	571	104	0	0	0	0	0
93_Scapto.009	Bacteria	5449	104	58	0.00	0.00	0.00	285442	0	80	80	5092	5092	3568	3568	36201	36201	35.6	3.20	85.33	11	301	104	0	0	0	0	0
93_Scapto.010	Bacteria	5449	104	58	83.42	29.94	33.33	1679920	0	420	420	5915	5915	3999	3999	26312	26312	37.5	2.76	90.35	11	1912	36	48	18	1	1	0
93_Scapto.011	Bacteria	5449	104	58	0.00	0.00	0.00	335039	0	90	90	4329	4329	3722	3722	23611	23611	40.1	3.55	95.93	11	136	104	0	0	0	0	0
93_Scapto.012	Bacteria	5449	104	58	90.91	13.64	23.53	3236179	0	371	371	20601	20601	8722	8722	72781	72781	47.4	6.26	89.08	11	3196	10	77	17	0	0	0
93_Scapto.013	Bacteria	5449	104	58	0.00	0.00	0.00	272550	0	74	74	5162	5162	3683	3683	30153	30153	32.4	1.15	82.22	11	298	104	0	0	0	0	0
93_Scapto.014	Bacteria	5449	104	58	44.83	8.62	16.67	1755493	0	483	483	5000	5000	3634	3634	40734	40734	36.9	2.71	88.24	11	2049	74	26	3	1	0	0
93_Scapto.015	Bacteria	5449	104	58	42.63	26.65	31.25	2957256	0	868	868	5254	5254	3406	3406	51943	51943	44.2	4.72	83.29	11	3030	68	15	9	11	1	0
93_Scapto.016	Bacteria	5449	104	58	71.94	4.31	0.00	4488972	0	1099	1099	5910	5910	4084	4084	303814	303814	29.0	3.26	76.20	11	5661	44	57	3	0	0	0
93_Scapto.017	Bacteria	5449	104	58	2.19	0.16	0.00	4835313	0	1441	1441	4622	4622	3355	3355	118092	118092	35.7	2.38	85.28	11	5875	100	3	1	0	0	0
93_Scapto.018	Bacteria	5449	104	58	0.00	0.00	0.00	1284267	0	580	580	2253	2253	2214	2214	19536	19536	40.3	3.43	96.89	11	672	104	0	0	0	0	0
93_Scapto.019	Bacteria	5449	104	58	92.71	64.03	95.31	5249200	0	2547	2547	2089	2089	2060	2060	37943	37943	58.5	2.75	89.74	11	6744	14	58	21	9	1	1
93_Scapto.020	Bacteria	5449	104	58	59.64	35.06	73.08	972193	0	302	302	4406	4406	3219	3219	22322	22322	40.7	1.67	89.86	11	1192	62	18	23	1	0	0
93_Scapto.021	Bacteria	5449	104	58	83.55	3.45	100.00	2482219	0	196	196	27096	27096	12664	12664	85584	85584	36.5	1.60	87.50	11	2418	44	57	2	1	0	0
93_Scapto.022	Bacteria	5449	104	58	24.53	6.33	37.50	267705	0	43	43	9216	9216	6225	6225	33768	33768	37.4	0.95	89.10	11	334	62	28	9	5	0	0
93_Scapto.023	Bacteria	5449	104	58	13.01	0.00	0.00	142710	0	66	66	2461	2461	2162	2162	11998	11998	37.1	1.22	85.32	11	247	87	17	0	0	0	0
93_Scapto.024	Bacteria	5449	104	58	33.62	3.45	33.33	381478	0	111	111	5626	5626	3436	3436	22950	22950	37.3	1.28	91.04	11	485	82	19	3	0	0	0
93_Scapto.025	Bacteria	5449	104	58	48.39	15.52	0.00	4865943	0	1589	1589	4291	4291	3062	3062	29778	29778	23.9	2.13	82.08	11	6057	67	27	9	1	0	0
93_Scapto.026	Bacteria	5449	104	58	22.41	6.90	20.00	678813	0	231	231	4257	4257	2938	2938	23147	23147	41.1	1.42	90.16	11	821	89	12	2	1	0	0
93_Scapto.027	Bacteria	5449	104	58	18.66	2.66	14.29	4348937	0	2261	2261	1918	1918	1923	1923	105164	105164	38.0	2.31	89.18	11	5386	79	18	7	0	0	0
93_Scapto.028	Bacteria	5449	104	58	61.87	0.00	0.00	1788347	0	558	558	4400	4400	3204	3204	18307	18307	36.1	1.69	88.10	11	2083	61	43	0	0	0	0
93_Scapto.029	Bacteria	5449	104	58	66.67	18.64	0.00	4345680	0	1957	1957	2443	2443	2220	2220	117524	117524	30.7	2.18	79.04	11	5938	24	49	25	6	0	0
93_Scapto.030	Bacteria	5449	104	58	23.28	11.38	66.67	1284676	0	641	641	2109	2109	2004	2004	13000	13000	36.1	1.44	83.85	11	1809	82	12	9	1	0	0
93_Scapto.031	Bacteria	5449	104	58	47.41	13.79	10.00	5883908	0	2979	2979	2014	2014	1975	1975	59526	59526	29.9	2.24	81.41	11	7791	75	23	4	2	0	0
93_Scapto.032	Bacteria	5449	104	58	86.21	54.67	9.57	4009613	0	1733	1733	2718	2718	2313	2313	23076	23076	45.2	2.02	86.29	11	5182	10	37	37	14	6	0
93_Scapto.033	Bacteria	5449	104	58	25.86	21.79	67.57	1519449	0	789	789	1919	1919	1925	1925	49734	49734	44.7	1.80	92.46	11	1828	78	8	7	1	9	1
93_Scapto.034	Bacteria	5449	104	58	43.17	20.30	38.89	870757	0	357	357	2860	2860	2439	2439	17431	17431	37.9	1.21	88.34	11	1201	66	24	12	2	0	0
93_Scapto.035	Bacteria	5449	104	58	66.54	35.92	11.11	2347798	0	1113	1113	2254	2254	2109	2109	17362	17362	34.9	1.54	86.58	11	3355	57	26	18	3	0	0
93_Scapto.036	Bacteria	5449	104	58	22.57	3.45	0.00	1511167	0	681	681	2391	2391	2219	2219	57405	57405	37.2	2.14	87.52	11	2141	87	15	2	0	0	0
93_Scapto.037	Bacteria	5449	104	58	70.91	46.24	63.11	1777924	0	864	864	2183	2183	2057	2057	18652	18652	40.6	1.45	88.83	11	2361	24	35	27	12	5	1
93_Scapto.038	Bacteria	5449	104	58	31.61	5.96	10.00	2133739	0	1191	1191	1743	1743	1791	1791	12291	12291	37.8	2.09	80.87	11	2930	59	35	10	0	0	0
93_Scapto.039	Bacteria	5449	104	58	85.34	38.29	25.00	3593530	0	1924	1924	1937	1937	1867	1867	16672	16672	45.1	2.33	85.69	11	4717	11	54	31	5	3	0
93_Scapto.040	Bacteria	5449	104	58	64.18	35.01	32.73	3516477	0	2271	2271	1480	1480	1548	1548	10947	10947	52.4	3.35	87.79	11	4921	37	35	22	9	1	0
